text,label,text_seg
cặc,1,cặc
đr hết thời cày rank bk còn ngợp,0,đr hết thời cày rank bk còn ngợp
Diễn viên hô ni hút mà ngại gì mấy khác kk,0,Diễn_viên hô ni_hút mà ngại gì mấy khác kk
Toàn bọn vô công rồi nghề ngồi sủa ăn lương tháng chứ vinh quang gì? Bản thân hiểu rõ hơn ai hết nhưng vì đồng tiền bát gạo nên vẫn cứ đi cắn sủa vậy đó. Tôi chỉ quan tâm sự thật chứ mấy loại này riết chán chẳng thèm phản biện 😩,2,Toàn bọn vô_công rồi nghề ngồi sủa ăn lương tháng chứ vinh_quang gì ? Bản_thân hiểu rõ hơn ai hết nhưng vì đồng_tiền bát gạo nên vẫn cứ đi cắn_sủa vậy đó . Tôi chỉ quan_tâm_sự_thật chứ mấy loại này riết chán chẳng thèm phản_biện 😩
lên kim cương bố ỉa vào mồm mày với cái lối lên đồ 10 game như 1 này :)))) bao giờ live rank kc thì tag bố m vào nhé :))),1,lên kim_cương bố ỉa vào mồm_mày với cái lối lên đồ 10 game như 1 này :)) bao_giờ live rank kc thì tag bố m vào nhé :))
"Con bà chúng nó làm lòng vòng để tìm cách tham ô tham nhũng, chứ xử lý nguồn gốc gây ô nhiễm chuyển xử lý dòng chảy nước thải không cho xả thải ra sông nữa là nước nó sạch ngay",1,"Con bà chúng_nó làm lòng_vòng để tìm cách tham_ô tham_nhũng , chứ xử_lý nguồn_gốc gây ô_nhiễm chuyển xử_lý dòng_chảy nước_thải không cho xả thải ra sông nữa là nước nó sạch ngay"
why cái lồn,1,why cái lồn
Su Quỳnh chéo avt hộ vs ạ,0,Su Quỳnh_chéo avt hộ vs ạ
Phàm :)) vlon thanh niên,1,Phàm :))_vlon thanh_niên
Bắt được mấy thằng trộm xe. Nên chặt tay nó,1,Bắt được mấy thằng trộm xe . Nên chặt tay nó
T dang xem sec à,0,T dang xem sec à
Đm máy thằng hèn,2,Đm máy thằng hèn
Chúng mày nghĩ sau vậy uống thuốc ngủ đi nhé KKK,1,Chúng_mày nghĩ sau vậy uống thuốc ngủ đi nhé KK
"Phát ngôn ngu vãi, tao đi ị ở bến xe gia lâm còn phải đóng thuế 5k một lượt kia mà nhà vs có gia lol gì âu, bọn nó chịch nhau còn phải đóng thuế vì dùng bao con sâu hay victoria kia...",1,"Phát_ngôn ngu_vãi , tao đi ị ở bến_xe gia_lâm còn phải đóng thuế 5 k một lượt kia mà nhà_vs có gia_lol gì âu , bọn nó chịch nhau còn phải đóng thuế vì dùng bao con sâu hay victoria kia .."
Chúng nó dàn rựng để trộm xe hai thằng đứng đấy để giả vờ hỏi chuyện,0,Chúng_nó dàn_rựng để trộm xe hai thằng đứng đấy để giả_vờ hỏi chuyện
Bộ tóc huyền thoại ❤,0,Bộ tóc huyền_thoại ❤
Nhà bao việc còn bắt đi đóng MV :((,0,Nhà bao việc còn bắt đi đóng MV : ( (
"Hiệp 1 còn vào được, chứ giờ nó khóa rồi, còn lại toàn fake cả",0,"Hiệp 1 còn vào được , chứ giờ nó khóa rồi , còn lại toàn fake cả"
Cho con 1 tỉ đi cô,0,Cho con 1 tỉ đi cô
Mày nghĩ xl là hết à,0,Mày nghĩ xl là hết à
"người ta lên tiếng cũng nói 1-2 lần, nói trên báo chính thống, chứ đâu có lên báo mạng, đi cmt dạo khắp nơi hay kể lể đủ thứ, cũng k có kiểu ăn tiền mà nói k, hay đáng nói chuyện này bẻ chuyện khác rồi dọa phốt",0,"người ta lên_tiếng cũng nói 1-2 lần , nói trên báo chính_thống , chứ đâu có lên báo_mạng , đi cmt_dạo khắp_nơi hay kể_lể đủ thứ , cũng k có kiểu ăn_tiền mà nói k , hay đáng nói_chuyện này bẻ chuyện khác rồi dọa phốt"
"Ý chúng nó nói ở đây là nên im lặng và tìm hiểu rõ nguyên nhân , như cư dân mạng ở miền bắc , miền nam , và ở nước ngoài chắc phải bay tận về hà tĩnh tìm hiểu rồi mới được đăng stt chắc :) đúng là cái chế độ này càng ngày càng thối nát, cơ quan báo chí tuyên truyền tung hô toàn cái đéo gì ấy đm chắc ko nói gì là ỉm đi vụ formosa luôn đấy",1,"Ý chúng_nó nói ở đây là nên im_lặng và tìm_hiểu rõ nguyên_nhân , như cư_dân mạng ở miền bắc , miền nam , và ở nước_ngoài chắc phải bay tận về hà_tĩnh tìm_hiểu rồi mới được đăng_stt chắc :) đúng là cái chế_độ này càng_ngày_càng thối_nát , cơ_quan báo_chí tuyên_truyền tung_hô toàn cái đéo gì ấy đm chắc ko nói gì là ỉm đi vụ formosa luôn đấy"
Bị đấm gãy cmn răng,1,Bị đấm_gãy cmn răng
"Người khó khăn, người nghèo bao giờ cũng bị thiệt, nếu bắt tụi nó được, chắc là chỉ vài năm tù, còn người nghèo họ làm, tích góp hơn 10 năm mới có chiếc xe để mưu sinh, vậy mà luật pháp phạt họ quá nhẹ,hy vọng sẽ có bộ luật phạt cho kẻ trộm cắp thật nặng, để dân được bình an.",0,"Người khó_khăn , người nghèo bao_giờ cũng bị thiệt , nếu bắt tụi nó được , chắc là chỉ vài năm tù , còn người nghèo họ làm , tích_góp hơn 10 năm mới có chiếc xe để mưu_sinh , vậy_mà luật_pháp phạt họ quá nhẹ , hy_vọng sẽ có bộ_luật phạt cho kẻ_trộm_cắp thật nặng , để dân được bình_an ."
Ngu thì thua,1,Ngu thì thua
Cái thằng khỉ đầu chó này nữa,2,Cái thằng khỉ đầu chó này nữa
Thoi di thang khung oi,2,Thoi di_thang khung oi
m lên báo cáo tài chính hợp nhất đó mà xem! nói ra đã thấy mày óc chó ntn rồi! lũ thổ dân mồm vẩu!,2,m lên báo_cáo tài_chính hợp nhất đó mà xem ! nói ra đã thấy mày_óc chó ntn rồi ! lũ thổ_dân mồm_vẩu !
ĐM chúng mày. Thế mà zam làm xã hội thâm.,2,ĐM chúng_mày . Thế_mà zam làm xã_hội thâm .
thể loại ko làm muốn có ăn hở ra chộm cướp,1,thể_loại ko làm muốn có ăn hở ra chộm cướp
"mn ơi vào đây chửi cm thằng trọng tài mù này đi, cay thật sự!! https://www.facebook.com/groups/937323947177598/",2,"mn ơi vào đây chửi cm thằng trọng_tài mù này đi , cay thật_sự ! ! https://ww.facebook.com/groups/937323947177598/"
cái này tại dân... cu hòi húng nó bảo thế :v,0,cái này tại dân .. cu hòi húng nó bảo thế : v
Ok Haha Đúng đóm con nguu như idol đầu bu.ồi giẻ rách của nó vậy :))) xưa nó ở GVR đ có mấy ae giúp đỡ thì nó cũng chỉ là thằng xách nước bổ cam lau dọn ghế cọ nhà vệ sinh trong đấy thôi nhé.,2,Ok Haha Đúng đóm con nguu như idol đầu bu . ồi giẻ_rách của nó vậy :)) xưa nó ở GVR đ có mấy ae giúp_đỡ thì nó cũng chỉ là thằng xách nước_bổ cam_lau dọn ghế_cọ nhà_vệ_sinh trong đấy thôi nhé .
nhớ hkia k cs đàn cánh cụt,0,nhớ hkia k cs đàn cánh cụt
Tin vui cho CSGT để đem về cho người thân không có xe,0,Tin_vui cho CSGT để đem về cho người_thân không có xe
Nếu là người có lòng tự trọng thì hãy tự xin thôi đi. Đừng nhận tiền khi mình không có năng lực. Làm việc không có trách nhiệm và đạo đức. Hãy về đất nước của ông. Ở đây chúng tôi không chào đón ông,0,Nếu là người có lòng tự_trọng thì hãy tự xin thôi đi . Đừng nhận tiền khi mình không có năng_lực . Làm_việc không có trách_nhiệm và đạo_đức . Hãy về đất_nước của ông . Ở đây chúng_tôi không chào_đón ông
Xin lỗi cái ĐB,1,Xin_lỗi cái ĐB
Được đó thầy,0,Được đó thầy
Mấy thằng ngu dốt mà tại sao gọi bọn nó là nhà trí thức ?,2,Mấy thằng ngu dốt mà tại_sao gọi bọn nó là nhà trí_thức ?
Em đang học đánh illoi Mong giao lưu chỉ giáo ạ,0,Em đang học đánh illoi Mong giao_lưu chỉ giáo ạ
Em cũng chúc cả nhà anh chị một kì nghĩ lễ thật vui vẻ ❤️,0,Em cũng chúc cả nhà anh_chị một kì nghĩ lễ thật vui_vẻ ❤_️
Thứ nhất do luật không nghiêm. Thứ 2 rồi đây tình người sẽ mất hết. Botay,0,Thứ nhất do luật không nghiêm . Thứ 2 rồi_đây tình người sẽ mất hết . Botay
dot,1,dot
tây nó tưởng điên trốn trại,1,tây nó tưởng điên_trốn trại
"Cái mỏ giống cá tai tượng quá ,,bởi vậy nó sạo ke cai thứ chửi Việt nam la kg ưa roi",1,"Cái mỏ giống cá tai_tượng quá , , bởi_vậy nó sạo_ke cai_thứ chửi Việt_nam la kg ưa roi"
"Má xem clip xong nhìn xe mình không thấy, giật mình.nghĩ lại thì ra mình bỏ bên nhà hàng xóm",0,"Má xem clip xong nhìn xe mình không thấy , giật_mình . nghĩ_lại thì_ra mình bỏ bên nhà hàng_xóm"
HN Thu Nguyên mấy thằng nhơ bẩn cả nc vn,2,HN Thu_Nguyên mấy thằng nhơ bẩn cả nc vn
thằng ngu nếu ko bồi thường thì đừng có lấy của dân,1,thằng ngu nếu ko bồi_thường thì đừng có lấy của dân
Này acc fake đang bắt trọng tài sao đăng bài đc Má ôi tin nhanh thế,0,Này acc fake đang bắt_trọng_tài sao đăng bài đc Má ôi tin nhanh thế
anh thua top do sai lane chu trinh anh nhu con cac that,2,anh thua top do sai lane chu_trinh anh nhu con cac that
"nói ngu thì tự ái, cãi cùn còn nch thì thích công kích cá nhân. Trình độ học vấn hết cấp2 chưa?",1,"nói ngu thì tự_ái , cãi_cùn còn nch thì thích công_kích cá_nhân . Trình_độ học_vấn hết cấp2 chưa ?"
Mắt ông mù à,1,Mắt ông mù à
bọn nó lột xong còn bỏ cát vào bình xăng với dầu ý . Quá khốn nạn .,1,bọn nó lột xong còn bỏ cát vào bình_xăng với dầu_ý . Quá khốn_nạn .
"Mẫn Đạt Sủa câu biết ngu học =)) đúng là fan bóng đá thời vụ mới nói được những câu này, dell biết nhìn ra mình có gì mà đi chửi HLV",2,"Mẫn Đạt_Sủa câu biết ngu_học =)) đúng là fan bóng_đá thời_vụ mới nói được những câu này , dell biết nhìn ra mình có gì mà đi chửi HLV"
m có thời à,0,m có thời à
DM thằng lồn,2,DM thằng lồn
"Một hlv éo có tâm, cần dẹp gắp, nó không khác gì con sâu mọt đang phá dần bóng đá việt nam",1,"Một hlv éo có tâm , cần dẹp_gắp , nó không khác_gì con sâu_mọt đang phá dần bóng_đá việt_nam"
K phải khen chứ phim dỡ vkl,1,K phải khen chứ phim dỡ vkl
bỏ con mà éo liên quan là sao?,1,bỏ con mà éo liên_quan là sao ?
Acc Fake nha,0,Acc Fake_nha
Lỗi lầm j hả th chó,2,Lỗi lầm_j hả th chó
"giống vcl luôn, đm như 2 giọt nước",1,"giống vcl luôn , đm như 2 giọt nước"
Sory con mẹ mày,2,Sory con mẹ mày
"Dàn dựng để trộm cắp, thanh niên sức dài vai rộng k chịu đi làm, đi ăn cắp, rồi có ngày người ta đánh chết cho .",1,"Dàn dựng để trộm_cắp , thanh_niên sức dài_vai rộng k chịu đi làm , đi ăn_cắp , rồi có ngày người ta đánh chết cho ."
đọc thì đọc cho hết còn k hiểu thì câm và cút.,1,đọc thì đọc cho hết còn k hiểu thì câm và cút .
"Nghiệp dư, con Trâu trắng chứ phù thuỷ trắng mịa gì!",1,"Nghiệp_dư , con Trâu trắng chứ phù_thủy trắng mịa gì !"
Chúng mày đốt luôn đi cũng kệ con mẹ chúng mày,2,Chúng_mày đốt luôn đi cũng kệ con mẹ chúng_mày
Cháu cũng làm con cặc j.,1,Cháu cũng làm con cặc j .
Con nhiều chuyện.mất la đúng rồi,0,Con nhiều_chuyện . mất la đúng rồi
"Một bọn súc vật ,bắt được chặt tay là o giám lần sau.",2,"Một bọn súc_vật , bắt được chặt tay là o giám_lần sau ."
"Bị bắt đạp chế.t thì có đứa vào nói đạo lí, tao khinh",1,"Bị bắt đạp_chế . t thì có đứa vào nói đạo_lí , tao khinh"
Mi bắt v r bh xl thì làm đk méo j nx,1,Mi bắt v r bh xl thì làm đk méo j nx
Thế nó là khách quen của mày hay sao? việc của m à nó chửi bạn tao thì tao binh liên quan gì mày khách hàng thân thiết của m à,0,Thế nó là khách quen của mày hay sao ? việc của m à nó chửi bạn tao thì tao_binh liên_quan gì mày khách_hàng thân_thiết của m à
Bố tk óc chó ngáo đá tưởng vậy là ngầu,2,Bố tk_óc chó ngáo đá tưởng vậy là ngầu
Phạm Vũ nc Anh là trời âu chứ là gì 😄,0,Phạm_Vũ_nc_Anh là trời âu chứ là gì 😄
Xin con cặc mẹ mày. Ok,2,Xin con cặc mẹ mày . Ok
Lolll cha m bán độ mà xin lổi cc j,2,Loll cha m bán_độ mà xin lổi cc j
Năng lực yếu kém. Tư duy bảo thỉ. Xin nghỉ đi,1,Năng_lực yếu_kém . Tư_duy bảo thỉ . Xin nghỉ đi
mực là con Vel'koz kk ilao là con bạch tuộc,0,mực là con Vel'koz kk ilao là con bạch_tuộc
Con chó trọng tài,2,Con chó trọng_tài
Rồi ?,0,Rồi ?
Bao gio ban xoi moi mua lai dc xe,0,Bao gio ban xoi_moi mua lai_dc xe
Sorry cc bắt thẻ như cc ngta,1,Sorry cc bắt thẻ như cc ngta
nghỉ mẹ đi đừng làm trọng trọng tài nữa,1,nghỉ mẹ đi đừng làm trọng_trọng_tài nữa
Nguyễn Quốc Vinh SuBaSan,0,Nguyễn_Quốc_Vinh SuBaSan
Chuẩn bị bay acc ik,0,Chuẩn_bị bay acc ik
Vẫn là bú tương tác :)) hẳn là nói được làm được :)) rẻ rách chưa :)),1,Vẫn là bú tương_tác :)) hẳn là nói được làm được :)) rẻ rách chưa :))
Nguyễn Gia Hiếu m vào đây lm j,0,Nguyễn_Gia_Hiếu m vào đây lm j
Mày hãm l vừa thôi mày công kích tao xong bảo tao công kích cá nhân mày thế chả lẻ mày chửi tao thì tao chửi ai m bị ngơ à,2,Mày hãm l vừa thôi mày công_kích tao xong bảo tao công_kích cá_nhân mày thế chả_lẻ mày chửi tao thì tao chửi ai m bị ngơ à
quao thật là xạo l @@,1,quao thật là xạo l @ @
Pha ke,0,Pha ke
Bạn bè dell gì với cái tk mực rách này,2,Bạn_bè dell gì với cái tk mực rách này
Tham vật chất.chết của cải vật chất phải để lại hết.nhg tội thì mang theo .ko từ bỏ dc,1,Tham_vật_chất . chết của_cải vật_chất phải để lại hết . nhg_tội thì mang theo . ko từ_bỏ dc
Thứ bóng dơ,1,Thứ bóng dơ
Ngoo còn đăng lên khoe nữa,1,Ngoo còn đăng lên khoe nữa
sơ hở là trộm,1,sơ_hở là trộm
Fake cũbg tin :))),0,Fake cũbg tin :))
ngu vcl,1,ngu vcl
ủa vậy Thủ Tướng kỳ này là ai vậy,0,ủa vậy Thủ_Tướng kỳ này là ai vậy
Thằng lồn mày qua việt nam thử có về được ko,2,Thằng lồn mày qua việt_nam thử có về được ko
nhặng đýt :)))),1,nhặng đýt :))
Tinh Trùng Khuyết Tật,2,Tinh_Trùng Khuyết_Tật
Lần tới chừa mê choai nhé cưng,0,Lần tới chừa mê choai nhé cưng
đg r lm như nó là bố thiên hạ ý,1,đg r lm như nó là bố_thiên hạ_ý
Trải qua cảm giác ..a di đà phật,0,Trải qua cảm_giác .. a_di_đà phật
"nó thuê diễn viên vào bắt nạt tôi bạn ạ, cơ mà 2 game nó 4 8, 2 8 k khá lên dc =)))",0,"nó thuê diễn_viên vào bắt_nạt tôi bạn ạ , cơ_mà 2 game nó 4 8 , 2 8 k khá lên dc =))"
ủa lộn tối nhớ k cs con chim cánh cụt nên pressing :)),0,ủa_lộn tối nhớ k cs con chim cánh_cụt nên pressing :))
Lữ Văn Thánh ông trẩu vc,2,Lữ_Văn_Thánh ông trẩu vc
Xin lỗi con mẹ mày à. Xin lỗi thì làm đc con mẹ gì bây giờ. Lúc bắt k bắt công băng mẹ mày luôn đi để giờ đỡ phải xin lỗi,2,Xin_lỗi con mẹ mày à . Xin_lỗi thì làm đc con mẹ gì bây_giờ . Lúc bắt_k bắt công_băng mẹ mày luôn đi để giờ đỡ phải xin_lỗi
Ở thành phố thôi ở Quê thì mày song đời rồi,1,Ở thành_phố thôi ở Quê thì mày song đời rồi
"đỉnh nhất vẫn là \""chiếc khăn gió ấm\""",0,"đỉnh nhất vẫn là \ "" chiếc khăn gió ấm \ """
"Thấy các bạn trẻ bây giờ mà thở dài ngán ngẫm, sinh ra trong thời bình, có điều kiện học hành, nhu cầu tối thiểu cũng đã xa xỉ so với lớp đàn anh, nhưng rồi chẳng nên trò trống gì!",1,"Thấy các bạn trẻ bây_giờ mà thở_dài ngán_ngẫm , sinh ra trong thời_bình , có điều_kiện học_hành , nhu_cầu tối_thiểu cũng đã xa_xỉ so với lớp đàn_anh , nhưng rồi chẳng nên trò trống_gì !"
Họ bị mù mà !!! Tiền che hàng cave đi rồi chúng cơ quan thiểu năng ko thấy đâu,1,Họ bị mù mà ! !_Tiền che hàng cave đi rồi chúng cơ_quan thiểu_năng ko thấy đâu
Mong ông hãy rời khỏi VN,0,Mong ông hãy rời khỏi VN
Khánh Duy share đi cháu 🤣,0,Khánh_Duy_share đi cháu 🤣
nhạc sĩ đa tài và anh chàng tấu hài đẳng cấp,0,nhạc_sĩ đa_tài và anh_chàng tấu hài_đẳng_cấp
Haha mày nhìn ạc này đánh giá hơi vội tao đéo phải loại ở nhà ăn bám không việc làm mà chơi tốc chiến đâu :)),1,Haha mày nhìn ạc này đánh_giá hơi vội tao đéo phải loại ở nhà_ăn bám không việc_làm mà chơi_tốc chiến_đâu :))
lại là dư lợn vin,1,lại là dư lợn vin
xà lơ. Hợp lý cái gì. Cái cty có tư cách gì mà đòi làm việc vs nta. Cty mà làm như cơ quan nhà nước. Lên đây thông cáo báo chí để làm chi. Chắc có cửa để gặp.,0,xà_lơ . Hợp_lý cái gì . Cái cty có tư_cách gì mà đòi làm_việc vs nta . Cty mà làm như cơ_quan nhà_nước . Lên đây thông_cáo báo_chí để làm_chi . Chắc có cửa để gặp .
Nhanh chậm cái con mẹ chúng mày =))),2,Nhanh chậm cái con mẹ chúng_mày =))
Đm thằng ad xamlone,2,Đm thằng ad xamlone
con mẹ mày chửi anh độ,2,con mẹ mày chửi anh độ
Mấy thằng chó đẻ!,2,Mấy thằng chó đẻ !
Tức á ca ko đc,0,Tức á_ca ko đc
"jack thà bỏ con cũng sẽ không bỏ qua việc này. Jack sẽ làm rõ đến cùng , hãy ủng hộ jack :)))",0,"jack thà bỏ con cũng sẽ không bỏ_qua việc này . Jack sẽ làm rõ đến_cùng , hãy ủng_hộ jack :))"
From Bảo Yên with love =))),0,From Bảo_Yên with love =))
Trọng tài bị thái lan chơi ngãi à,0,Trọng_tài bị thái_lan chơi ngãi à
Tui coi đi coi lại chẳng thấy cái gì hết trời,0,Tui coi đi coi lại chẳng thấy cái gì hết trời
sao ô biết hay vậy tôi 2006 đang lớp 12 tích tiền mẹ cho ăn sáng để net net được 70 win cao thủ đơn 220 điểm nếu ô k tin có thể lên lmsslus check ig : phu 206 12c1 #2005,0,sao ô biết hay vậy tôi 2006 đang lớp 12 tích tiền mẹ cho ăn sáng để net net được 70 win cao_thủ đơn 220 điểm nếu ô k tin có_thể lên lmsslus check ig : phu 206 12 c1 # 2005
"mịa, bao nhiều đời đéo dẹp được, ông Thăng lên được mấy tháng thì dẹp thế đéo nào ngay được, nói ngu vl",1,"mịa , bao nhiều đời đéo dẹp được , ông Thăng lên được mấy tháng thì dẹp thế đéo nào ngay được , nói ngu vl"
"xuất cai L, đm quần áo Vn toàn nhập siêu từ TQ hết 70% chứ xuất xuất clm chúng mày",2,"xuất cai_L , đm quần_áo Vn toàn nhập_siêu từ TQ hết 70 % chứ xuất xuất_clm chúng_mày"
Đi WC,0,Đi WC
Đừng làm vậy a ơi,0,Đừng làm_vậy a ơi
may can xuong cua anh tao,1,may can xuong cua anh tao
Nhìn mặt đẹp gái mà cái tính lại xấu xa thế này.,1,Nhìn mặt đẹp gái mà cái tính lại xấu xa thế_này .
Nhìn ngu haiz vãi,1,Nhìn ngu haiz vãi
nguyên cái chữ Fan cứng thế cơ mà,0,nguyên cái chữ Fan cứng thế_cơ mà
k khác dì mấy với bọn thượng đẳng hàn quốc,1,k khác dì mấy với bọn thượng_đẳng hàn_quốc
Tụi thái mua m bao nhiêu vua áo đen bắt như quần trọng tài chính và phụ như quần quề tổ cha tụi,1,Tụi_thái mua m bao_nhiêu vua áo_đen bắt như quần_trọng_tài chính và phụ như quần_quề tổ cha tụi
Thằng nào fan của thằng này dc thì bố m cũng nể :)),1,Thằng nào fan của thằng này dc thì bố m cũng nể :))
Đm train như cuccut mà vô quất 1 hơi 3-0 sợ thật :v,1,Đm train như cuccut mà vô_quất 1 hơi 3-0_sợ thật : v
bắt đc thằmg ngu bị cắn bait này,1,bắt đc thằmg ngu bị cắn bait này
Cho 3 cha con nó vào tù luôn đi,1,Cho 3 cha_con nó vào tù luôn đi
Là là ăn cơm chó,0,Là là ăn cơm chó
1 người mẹ vĩ đại mãi êu,0,1 người mẹ vĩ_đại mãi êu
lm như m chưa bao h chửi=),0,lm như m chưa bao_h chửi = )
Ra ngoài nhìn trước nhìn sau vào,0,Ra ngoài nhìn trước nhìn sau vào
"Fuck, Mẹ mầy nghỉ cầm còi đc rồi đó, chắc nhận một đống tiền từ thái.",2,"Fuck , Mẹ mầy nghỉ cầm còi đc rồi đó , chắc nhận một đống tiền từ thái ."
gác lại chuyện đủ trình k thì bạn bè cái choá gì mà bạn qua mạng thì tin thì vẫn ngáo,1,gác lại chuyện đủ trình k thì bạn_bè cái chóa gì mà bạn qua mạng thì tin thì vẫn ngáo
"Tại ở viêt nam tội trom căp hình phạt còn nhẹ,chứ phạt như bên thái lan đi xem coi còn ai dám k",0,"Tại ở viêt nam_tội trom_căp hình_phạt còn nhẹ , chứ phạt như bên thái_lan đi xem coi còn ai dám k"
ông nói vậy là xúc phạm lồn rồi Mồm thằng này chắc giống cái hố phân ấy chứ,2,ông nói vậy là xúc_phạm lồn rồi Mồm thằng này chắc giống cái hố phân ấy chứ
Cái cc m ak xl cái lol,2,Cái cc m ak xl cái lol
Hat nhu lon 🙂,1,Hat nhu_lon 🙂
Thanh Hoa nhiều cánh hoa tạo nên (Thanh)Hoa,0,Thanh_Hoa nhiều cánh_hoa tạo nên ( Thanh ) Hoa
Xin lỗi đéo làm được gì đâu,1,Xin_lỗi đéo làm được gì đâu
Mẹ nó cái bọn trâu bò này người ta làm kiếm bạc cắt mà nó cũng kô tha,2,Mẹ nó cái bọn trâu_bò này người ta làm kiếm bạc cắt mà nó cũng kô tha
éo thèm nhé =)),1,éo thèm nhé =))
Xinh cụ m,1,Xinh cụ m
Xạo lồn quá chị ba ơi,1,Xạo lồn quá chị ba ơi
Con bóng đũy ăn cứt,2,Con bóng đũy ăn cứt
"Ch.ó mực sủa hay ghê , đánh thì như cc, lại đây bú cặk a a dạy chơi game cho",2,"Ch . ó mực_sủa hay ghê , đánh thì như cc , lại đây bú cặk a_a dạy chơi game cho"
Bố thằng đần,2,Bố thằng đần
Á đù idol ở đây luôn,0,Á đù idol ở đây luôn
Chet me may chua con kkk,2,Chet me may chua con kk
Một pha óc chó của a . ý thức như ruồi của a,2,Một pha_óc chó của a . ý_thức như ruồi của a
vl t đang xem mèo simmu bản sẽ à,0,vl t đang xem mèo simmu bản sẽ à
Sống bằng cacban rồi. :)))) k bị chậm nữa,0,Sống bằng cacban rồi . :))_k bị chậm nữa
Tụi bay nghĩ đó là giọng con gái à? Sai lầm. Nhỏ đó chỉ có tâm hồn con gái thôi. Có cu đó,0,Tụi bay nghĩ đó là giọng con gái à ? Sai_lầm . Nhỏ đó chỉ có tâm_hồn con gái thôi . Có cu đó
Ông ngu chứ cay gì,1,Ông ngu chứ cay gì
"vui ở đây, là thái độ với cách cư xử, có thể thua trong lòng buồn cực, nhưng có chơi có chịu, vẫn phải cư xử bên ngoài vui vẻ người ta mới nể chứ",0,"vui ở đây , là thái_độ với cách cư_xử , có_thể thua trong lòng buồn_cực , nhưng có chơi có chịu , vẫn phải cư_xử bên ngoài vui_vẻ người ta mới nể chứ"
M làm cc j mà đăg cái bài ngu vậy ad? Cho chúg vào chửi ngược à????,2,M làm cc_j mà đăg cái bài ngu vậy ad ? Cho_chúg vào chửi ngược à ? ?
"Ba Lan Chi jack không bao , giờ đạo nhạc",1,"Ba_Lan Chi_jack không bao , giờ đạo_nhạc"
"Loại phản Động phát biểu linh tinh, Việt Nam thống Nhất rồi",2,"Loại phản_Động phát_biểu linh_tinh , Việt_Nam thống_Nhất rồi"
Quốc Khánh Sáng Nguyễn Nguyễn Shaco thằng ngu nhất t từng biết,2,Quốc_Khánh_Sáng Nguyễn_Nguyễn_Shaco thằng ngu nhất t từng biết
Phạm Trần Ngọc Điệp nhưng quan trọng là cty J97 có địa chỉ nhà Vr sao ko qua thẳng làm việc trực tiếp cho nó xong đi còn đăng status làm gì cho nó lòng vòng?,0,Phạm_Trần_Ngọc_Điệp nhưng quan_trọng là cty J97 có địa_chỉ nhà Vr_sao ko qua thẳng làm_việc trực_tiếp cho nó xong đi còn đăng_status làm_gì cho nó lòng_vòng ?
Đã ngèo khó rồi còn ko tha bọn chó cắn áo rách,2,Đã ngèo khó rồi còn ko tha_bọn chó cắn áo rách
Đm bọn chó bán xôi còn đéo tha .,2,Đm bọn chó bán_xôi còn đéo_tha .
Để hình con chó con heo bình tùm bậy tùm bạ.:))) Chửi anti thốn vl,1,Để hình con chó con heo bình_tùm bậy tùm_bạ . :)) Chửi anti_thốn vl
Mới hả mn 😅,0,Mới hả mn 😅
Mẹ Đỹ ruồi phát quang mê cá chà bac của anh jack nên thích có con rơi à,2,Mẹ Đỹ ruồi phát_quang mê cá chà_bac của anh jack nên thích có con rơi à
30p rồi kêu chậm cái dmm,1,30 p rồi kêu chậm cái dmm
Bài đặt,0,Bài đặt
Ayane Harukana.,0,Ayane Harukana .
Ngu vcl,1,Ngu vcl
"Ăn hết bao nhiêu tiền của dân để lo cho dân nhưng lũ mọi rợ này lo cho dân vậy đó,qua tàu rước bao công về chém hết lũ mọi rợ đó đi.",2,"Ăn hết bao_nhiêu tiền của dân để lo cho dân nhưng lũ mọi rợ này lo cho dân vậy đó , qua tàu rước bao_công về chém hết lũ mọi rợ đó đi ."
ngài tỷ phú đây nghe nói cái nóng hết cả cái đầu lên nhỉ=)))),0,ngài tỷ_phú đây nghe nói cái nóng hết cả cái đầu lên nhỉ =))
Chỉ tại con người tiến hoá thành choá,1,Chỉ tại con_người tiến hóa thành chóa
Chuyên môn yếu,1,Chuyên_môn yếu
lớn rồi mà não chứa sạn vs sỏi trong đầu hả :))) coi chừng nó cho đứa con,2,lớn rồi mà não chứa_sạn vs_sỏi trong đầu hả_:)) coi_chừng nó cho đứa con
Người ko ra người.ngợm ko ra ngợm.ý thức thì như đống rác.nhà nước nên bỏ tù những thằng coi thường pháp luật và tính mạng người khác như nó.phạt thật nặng xem nó có im mỏm nó ko.,1,Người ko ra người . ngợm ko ra ngợm . ý_thức thì như đống rác . nhà_nước nên bỏ tù những thằng coi_thường pháp_luật và tính_mạng người khác như nó . phạt thật nặng xem nó có im_mỏm nó ko .
Cái này hả,0,Cái này hả
Dm bọn Việt tân nhé,2,Dm bọn Việt_tân nhé
Cần tao giạy khoá lm trọng tài ko,0,Cần tao giạy khóa lm trọng_tài ko
"top 1 rồi mà, thậm chí 3 acc td hàn top 10 top 20",0,"top 1 rồi mà , thậm_chí 3 acc td hàn_top 10 top 20"
"bộ hàng hải :)) admin ngu đéo chịu đc :)))))))))))) ôi ""bộ hàng hải"" =)))))",1,"bộ hàng_hải :)) admin ngu đéo chịu đc :))_ôi "" bộ hàng_hải "" =))"
Lũ này bắt dk dah chết mẹ...ko lo làm ăn .. toàn đi trộm cắp,2,Lũ này bắt dk dah chết mẹ .. ko lo làm_ăn .. toàn đi trộm_cắp
Bắn làn+tốc độ,0,Bắn làn + tốc_độ
"đúng rồi phải bồi thường đi, làm ngta có bầu rồi bỏ đâu có đc",0,"đúng rồi phải bồi_thường đi , làm ngta có bầu rồi bỏ đâu có đc"
"Đàn bà nó thế, bạn có nói trăm lần thì nó trả lời bạn: thằng lắm mồm!",1,"Đàn_bà nó thế , bạn có nói trăm lần thì nó trả_lời bạn : thằng lắm mồm !"
Muộn rồi,0,Muộn rồi
Bài học cảnh giác,0,Bài_học cảnh_giác
Hoàng T. Kim Khuyến cười cái lon,1,Hoàng_T. Kim_Khuyến_cười cái lon
Con nay da vo mat no cho đa,2,Con nay da vo mat_no cho đa
cả dòng họ nghèo hèn kid đ gặp được messi nên ganh tị,2,cả dòng_họ nghèo hèn_kid đ gặp được messi nên ganh tị
Thanh Vinh top thách đấu đấy ba . conten thôi,0,Thanh_Vinh top thách_đấu đấy ba . conten thôi
Ông trần dần nói hay quad,0,Ông trần dần nói hay quad
Sếp nhà mình lại bắt nhân viên đi cách li thay 😌😌,0,Sếp nhà mình lại bắt nhân_viên đi cách li thay 😌 😌
"Ad chửi hết bọn khựa làm chó gì?! Dân nó cũng y như dân mình thôi. Chế hính cho đỡ tức hả, không tác dụng gì, để sức mà xem nước ta ""thắt chặt tình hữu nghị"" ra sao nhé. Vụ Formosa chìm xuồng rồi nhé :v Đm, ai bầu thằng cẩu nô tài lên làm lãnh đạo thế?!",1,"Ad chửi hết bọn khựa làm chó gì ? !_Dân nó cũng y_như dân mình thôi . Chế_hính cho đỡ tức_hả , không tác_dụng gì , để sức mà xem nước ta "" thắt chặt_tình hữu_nghị "" ra sao nhé . Vụ Formosa chìm_xuồng rồi nhé : v Đm , ai bầu thằng cẩu nô_tài lên làm lãnh_đạo thế ? !"
Nguyễn Văn Huân sống chậm làm đéo j,1,Nguyễn_Văn_Huân sống chậm làm đéo j
Tăng Gia Kiệt e hiểu lý do sao e dc lòng đứa khác r a =))))))))))),0,Tăng_Gia_Kiệt e hiểu lý_do sao e dc lòng đứa khác r a =))
Huỷ lễ tang mẹ m à,2,Hủy lễ tang mẹ m à
Sống kiểu này ko ngốc đầu nỗi đâu .sau này hối hân cũng muộn rồi,1,Sống kiểu này ko ngốc_đầu nỗi đâu . sau_này hối_hân cũng muộn rồi
Óc chó,1,Óc chó
Ăn tết đéo ngon,1,Ăn tết đéo ngon
"anh bạn à, tôi có thể giảng hòa được kh? :v",0,"anh bạn à , tôi có_thể giảng_hòa được kh ? : v"
Thịt lợn tăng,0,Thịt lợn tăng
Ng Tuấn Châu uầy gắt vđ,1,Ng Tuấn_Châu uầy gắt vđ
sao m biết,0,sao m biết
gi vay abe :)),0,gi vay abe :))
Vl :)),1,Vl :))
Khánh An hạt điên quỷ tới chơi nè lũ bk,0,Khánh_An hạt điên_quỷ tới chơi nè lũ bk
Con đĩ Linh nc ngu vãi! Ai xuống thăm nó chưa nhỉ,2,Con đĩ_Linh nc ngu_vãi ! Ai xuống thăm nó chưa nhỉ
"có lẽ chơi game nhiều nên kỹ năng mềm kém. Mấy đứa tuyển thủ trừ những đứa chín chắn như Levi hay lứa tuyển thủ đời đầu thì còn lại kỹ năng mềm, thậm chí kỹ năng sống đều kém (kể cả Sofm t cũng k đánh giá cao)",0,"có_lẽ chơi game nhiều nên kỹ_năng mềm_kém . Mấy đứa tuyển_thủ_trừ những đứa chín chắn như Levi hay lứa tuyển thủ_đời đầu thì còn lại kỹ_năng mềm , thậm_chí kỹ_năng sống đều kém ( kể_cả Sofm_t cũng k đánh_giá cao )"
bon comcom đơn vị tác chiến điện tử vs nhật ký yêu nước dm chúng mày vào mà đọc. tưởng ai cũng như chúng mày hết đấy,2,bon comcom đơn_vị tác_chiến_điện_tử vs nhật_ký yêu nước dm chúng_mày vào mà đọc . tưởng ai cũng như chúng_mày hết đấy
Hiep Tong chắc k ai nhận ra đâu 🤣,0,Hiep_Tong chắc k ai nhận ra đâu 🤣
Chẳng hiểu mày ăn mặc kiểu lồn gi,2,Chẳng hiểu mày ăn_mặc kiểu lồn gi
"chấp làm gì cái loại này hả e, chả biết cuộc đời nó hơn ai rồi mà mở mồm ra là khinh người khác :))))",1,"chấp làm gì cái loại này hả_e , chả biết cuộc_đời nó hơn ai rồi mà mở mồm ra là khinh người khác :))"
Như 1 con bò động đực clm =))),1,Như 1 con bò_động đực clm =))
đừng thấy ai không để avt là phán câu clone,1,đừng thấy ai không để avt là phán câu clone
Những đứa trẻ này thật hết biết nói gì. Khi nữa chết đi xuống gặp Phán Quan tới đó hối cãi cũng kh còn kịp nữa ròi.,0,Những đứa trẻ này thật hết biết nói gì . Khi nữa chết đi xuống gặp Phán_Quan tới đó hối_cãi cũng kh còn kịp nữa_ròi .
:))))) xử lý lỗi lại cứ muốn dc khen cơ. lôi rank này nọ ra cơ. vậy thoi đăng lên mạng xã hội chi rồi đòi ai cũng phải khen trog khi toxic xử lý lỗi :))),0,:)) xử_lý lỗi lại cứ muốn dc khen_cơ . lôi_rank này nọ ra cơ . vậy thoi đăng lên mạng xã_hội chi rồi đòi ai cũng phải khen trog khi toxic xử_lý lỗi :))
rất mong các luật sư làm việc luôn,0,rất mong các luật_sư làm_việc luôn
mầy thit,0,mầy thit
"Bán nước rõ ràng rồi, các cháu dư luận viên còn gì để sủa ko?",1,"Bán nước rõ_ràng rồi , các cháu dư_luận_viên còn gì để sủa ko ?"
"Sao quan chức cao cắp csnào , khi vi phạm pl cũng đều trả lời có vẻ ngây ngô , khờ khạo . Chẳng lẽ qui trình chọn lọc cán bộ cấp chiến lược là vậy sao ?!.Nhìn hành vi các qc phạm pháp thì biết nước nhà do các vĩ lđ sẽ đi về đâu . Đúng là các vị coi dân như những con lừa , mưốn làm gì củng được .Thế mà vẵn quang vinh vĩ đại !",1,"Sao quan_chức cao_cắp csnào , khi vi_phạm pl cũng đều trả_lời có_vẻ ngây_ngô , khờ khạo . Chẳng_lẽ quy_trình chọn_lọc cán_bộ cấp chiến_lược là vậy sao ? ! . Nhìn hành_vi các qc phạm_pháp thì biết nước_nhà do các vĩ_lđ sẽ đi về đâu . Đúng là các vị coi dân như những con lừa , mưốn làm gì củng được . Thế_mà vẵn_quang vinh_vĩ_đại !"
Óc choo làm kèo ko :)),1,Óc choo làm kèo ko :))
Nguyễn Quốc An một giọt là nước suối tinh khiết,0,Nguyễn_Quốc_An một giọt là nước suối tinh_khiết
DLV ngu lol lại còn lắm đứa hùa theo thể hiện đầu óc đúng là cặn bã. Lại còn lắm thằng bảo Việt Tân tài trợ Phan Anh nữa chứ.,2,DLV ngu lol lại còn lắm đứa hùa theo thể_hiện đầu_óc đúng là cặn_bã . Lại còn lắm thằng bảo Việt Tân_tài_trợ Phan_Anh nữa chứ .
Cả Lê Hữu,0,Cả Lê_Hữu
Ôi bọn ghen ăn tức ở,2,Ôi bọn ghen ăn_tức ở
Nhảm loz,1,Nhảm loz
Thanh Tâm a mực ngu cỡ này m ngu cỡ nào,1,Thanh_Tâm a_mực ngu cỡ này m ngu cỡ nào
Địt con mẹ cnó vẽ rađể ăn chia với nhau ý mà. Làm cổng 200ti để tế thằng tổ cnó ah,2,Địt con mẹ cnó vẽ rađể ăn_chia với nhau ý mà . Làm cổng 200 ti để tế thằng tổ cnó ah
Chỉ có thể là Se dan,1,Chỉ có_thể là Se dan
Đi coppy ảnh của page khác không ghi nguồn. :))) kém chuyên nghiệp,1,Đi coppy_ảnh của page khác không ghi nguồn . :))_kém chuyên_nghiệp
"với immortal là 2 người one champ ngang ngữa nhau, có thể nói tồ vs trym hòa làm 1 thì mực với illaoi cũng vậy, anh cứ smuft tụi rank bạch kim kim cương cho em",0,"với immortal là 2 người one champ ngang ngữa nhau , có_thể nói tồ vs trym hòa làm 1 thì mực với illaoi cũng vậy , anh cứ smuft tụi rank bạch_kim kim_cương cho em"
Anh em đón Tết Corona thế nào rồi :)),0,Anh_em đón Tết Corona thế_nào rồi :))
thích thì Spam th XD,0,thích thì Spam_th XD
Ai biểu mê trai… đừng đỗ thừa winner & ẹc sìn tơ nhaaaa,1,Ai biểu_mê trai … đừng đỗ thừa winner & ẹc sìn tơ nhaa
"Làm cho tới luôn nha Jack ơi,thấy e hiền nó ăn híp ,nó trèo đầu cỡi cổ,đụng chạm Fan e nữa kìa ,ủng hộ Jack và công ty làm cho sáng tỏ việc này,bắt họ phải chịu trách nhiệm về những phát ngôn mà đã gây ra cho tất cả mn",0,"Làm cho tới luôn nha Jack ơi , thấy e_hiền nó ăn_híp , nó trèo đầu cỡi cổ , đụng_chạm Fan_e nữa kìa , ủng_hộ Jack và công_ty làm cho sáng_tỏ việc này , bắt họ phải chịu trách_nhiệm về những phát_ngôn mà đã gây ra cho tất_cả mn"
"Mày làm như lên cái là hết trộm cướp ấy, với cái xã hội này chỉ có thể hạn chế thôi là đã mừng rồi nhé",1,"Mày làm như lên cái là hết trộm_cướp ấy , với cái xã_hội này chỉ có_thể hạn_chế thôi là đã mừng rồi nhé"
"bạn thì kinh rồi ,bn là nhất ok chưa",0,"bạn thì kinh rồi , bn là nhất ok chưa"
Chỉ là lại từ bỏ tiền ra cho cày view thôi chứ hay cc j đâu,1,Chỉ là lại từ_bỏ tiền ra cho cày_view thôi chứ hay cc j đâu
Những trận đá bóng là để thoả mãn nhãn người hâm mộ yêu bóng đá… mày bắt như thế thì ở cái bồn tắm thôi chứ không ra biển lớn được thằng đui đi làm trọng tài…,2,Những trận đá bóng là để thỏa mãn nhãn người hâm_mộ yêu bóng_đá … mày bắt như thế thì ở cái bồn tắm thôi chứ không ra biển lớn được thằng đui đi làm trọng_tài …
Nguyễn Mạnh nói câu nào ngu câu đấy đúng fan ráck,2,Nguyễn_Mạnh nói câu nào ngu câu đấy đúng fan ráck
"văn minh nhưng ăn cháo đá cặp lồng, bỏ vợ bỏ con :))",1,"văn_minh nhưng ăn cháo đá cặp lồng , bỏ vợ bỏ con :))"
bây giờ xin lỗi thì dc gì?,0,bây_giờ xin_lỗi thì dc gì ?
"Không phải tự nhiên bỏ công ty rồi làm vẻ tội nghiệp được đàn anh và bên faptv cứu xong giờ hỏi xem họ có coi ra gì ko, bỏ vợ bỏ con, khinh thường đàn anh, làm màu trên sân khấu bao nhiêu show bị khán giả chê, dính bản quyền gần nhất là idol b… Xem thêm",0,"Không phải tự_nhiên bỏ công_ty rồi làm vẻ tội_nghiệp được đàn_anh và bên faptv cứu xong giờ hỏi xem họ có coi ra gì ko , bỏ vợ bỏ con , khinh_thường đàn_anh , làm màu trên sân_khấu bao_nhiêu show bị khán_giả chê , dính bản_quyền gần nhất là idol b … Xem thêm"
XIn đmm,1,XIn đmm
Nứng nứng nứng à,1,Nứng nứng nứng à
2 chuyện đéo liên quan nhóc ác nhai phân gì ngậm hoài kh nhả v,1,2 chuyện đéo liên_quan nhóc ác_nhai phân_gì ngậm hoài kh nhả v
lỗi cc,1,lỗi cc
ok a 🙄🙄,0,ok a_🙄 🙄
ở ngoài tao mà gặp kiểu này t bắt lại cho anh Diệt đánh chết con cụ mày,2,ở ngoài tao mà gặp kiểu này t bắt lại cho anh Diệt đánh chết con cụ mày
"Đọc tin này mà đau lòng quá, thật kinh khủng.",0,"Đọc tin này mà đau_lòng quá , thật kinh_khủng ."
xin chào anh trọng tài,0,xin chào anh trọng_tài
giờ bố lấy xe m đi xịt sơn lại bảo của t m chịu đc ko kuu,0,giờ bố lấy xe m đi xịt sơn lại bảo của t m chịu đc ko kuu
thầy book giáo án mới cho e:(( a be cứu e vs,0,thầy book giáo_án mới cho e : ( ( a_be cứu e vs
Ngu thì chịu thôi bác,1,Ngu thì chịu thôi bác
Ông chủ đem nhân viên đi khảo sát địa hình nuôi tôm,0,Ông chủ đem nhân_viên đi khảo_sát địa_hình nuôi tôm
Nhìn mặt nc . Là Bik bộ mặt giả tạo . Bữa đó lôi tên cô mình Hiếu vo trước . Giờ nói kiểu xạo lol,1,Nhìn mặt nc . Là Bik bộ_mặt giả_tạo . Bữa đó lôi tên cô mình Hiếu vo trước . Giờ nói kiểu xạo lol
Địt cụ chúng nó? Bắt sâu nặng quá. Một đất nước xã hội khốn nạn,2,Địt cụ chúng_nó ?_Bắt sâu nặng quá . Một đất_nước xã_hội khốn_nạn
ăn bom trên nhà thằng adm trốc tôm thôi,1,ăn bom trên nhà thằng adm trốc tôm thôi
Này này ông bắt như j ấy h ra 1 câu xin lỗi là xong à quả cuối chạm tay ông ở ngay sau vẫn như k có chuyện j xảy ra Hảo ông :)),0,Này này ông bắt như j ấy h ra 1 câu xin_lỗi là xong à quả cuối chạm tay ông ở ngay sau vẫn như k có chuyện j xảy ra Hảo ông :))
=)))) cày thuê rank bk ngầu.wa clm,0,=)) cày thuê rank bk ngầu . wa clm
"Vài năm nữa Kỳ Anh là huyện ung thư, Hà Tĩnh là tỉnh ung thư của VN :3",0,"Vài năm nữa Kỳ_Anh là huyện ung_thư , Hà_Tĩnh là tỉnh ung_thư của VN : 3"
Xin lỗi Việt Nam,0,Xin_lỗi Việt_Nam
trọng tài,0,trọng_tài
Nghèo đói quá mà,0,Nghèo đói quá mà
CON QUI CAI CHUYEN DI LUA GAT... MAY GAT CHI MINH HIEU ... SAO LON,2,CON QUY_CAI CHUYEN_DI LUA_GAT. . MAY_GAT CHI_MINH_HIEU .. SAO LON
Những cái loại tội phạm có tổ chức như thế này... thì sao này ko có ra tòa nữa...niếu bắt được thì đem ra biển đổ xuống là xong.ok.,1,Những cái loại tội_phạm có tổ_chức như thế_này .. thì sao này ko có ra tòa nữa .. niếu bắt được thì đem ra biển đổ xuống là xong.ok .
Chỉ muốn nói rằng em rấtt rất nhớ anh 🙂,0,Chỉ muốn nói rằng em rấtt rất nhớ anh 🙂
:))) đuối lý rồi kìa.cay lắm. fan cái thằng toxic xử lý ngu bị hành ròii cay đập bàn đập ghế xong bắt ngkhác phải khen cơ.. :)))) lớn rồi chơi game it thoi cháu ạ. ra đường nhiều vào kkkk,1,:)) đuối_lý rồi kìa . cay lắm . fan cái thằng toxic xử_lý ngu bị hành_ròii cay đập bàn đập ghế xong bắt ngkhác phải khen_cơ .. :)) lớn rồi chơi game it thoi cháu ạ . ra đường nhiều vào kk
Thanh niên mà đi xe độ mặc đồ tối khí chất u ám là biết xếp vào loại hạng người nào rồi,1,Thanh_niên mà đi xe độ mặc_đồ tối_khí chất_u_ám là biết xếp vào loại hạng người nào rồi
Đúng một quả ảnh hợp lí,0,Đúng một quả ảnh hợp_lí
Tán tận lương tâm ăn chỉ đi cướp giật,2,Tán tận lương_tâm ăn chỉ đi cướp_giật
"ngu ai mượn vô cmt ngta vậy chứng tỏ m ngu hơn ,sân si hơn",2,"ngu ai mượn vô_cmt ngta vậy chứng_tỏ m ngu hơn , sân si hơn"
"đất nước mình như tảng băng chìm. Loạn lạc quá! ba mẹ đi làm quần quật kiếm tiền , các thuế phí xăng thì tăng vùn vụt mà lương thì không thấy tăng, con cái đi học thì bị bảo vệ/ thầy ..bạo hành, lạm dụng td. Bị phát",1,"đất_nước mình như tảng băng_chìm . Loạn_lạc quá ! ba_mẹ đi làm quần_quật kiếm tiền , các thuế_phí xăng thì tăng vùn_vụt mà lương thì không thấy tăng , con_cái đi học thì bị bảo_vệ / thầy .. bạo_hành , lạm_dụng td . Bị phát"
Ngàn lần xin lỗi cũng ko đủ . Chết đi,2,Ngàn lần xin_lỗi cũng ko đủ . Chết đi
"má tao ngày xưa cho má mày mà, còn ba tao và anh em tao còn dạy kèm cho má mày nữa đó :)))",0,"má tao ngày_xưa cho má mày mà , còn ba tao và anh_em tao còn dạy kèm cho má mày nữa đó :))"
Thoại Trần chính tã là chính gì,0,Thoại Trần_chính_tã là chính gì
Nguyễn Hằng Khanh Nguyen hay ăn nè,0,Nguyễn_Hằng_Khanh Nguyen hay ăn nè
"The ma van k ganh duocc anhh , dung la ngu lau dot ben` kho dao` taoo ma`",2,"The_ma_van k ganh duocc anhh , dung_la ngu lau dot_ben ` kho dao_` taoo ma `"
Nói hủy kênh Không coi mà biết vô bình luận 😂😂😂,0,Nói hủy kênh Không coi mà biết vô bình_luận 😂 😂
đi học mà xâm hình Thầy lol,1,đi học mà xâm_hình Thầy lol
Cứ trai đẹp là dè chừng nhà.c e,0,Cứ trai đẹp là dè_chừng nhà . c e
:)))),0,:))
"Nhìn mà không diễn tả nổi, một video đáng buồn, tôi cầu mong cho người bán xôi kia mãi mãi tốt đẹp",0,"Nhìn mà không diễn_tả nổi , một video đáng buồn , tôi cầu_mong cho người bán_xôi kia mãi_mãi tốt_đẹp"
Bố mày đẻ mày ra mày ăn cứt lợn à,2,Bố_mày đẻ mày ra mày ăn_cứt lợn à
"Nail là 1 nghề như nhiều nghành nghề lương thiện khác nhưng dưới bàn tay đen đúa của Tuyên giáo nó thành 1 cái nghề thấp kém, hạ đẳng. Nghề nào cũng để kiếm sống, nuôi sống gia đình, phục vụ xã hội cộng đồng không phân biệt giàu sang hay thấp hèn. Bản chất của CNCS là bình đẳng bác ái nhưng những hiện nay họ đang thực hiện hoàn toàn trái ngược.",1,"Nail là 1 nghề như nhiều ngành_nghề lương_thiện khác nhưng dưới bàn_tay đen_đúa của Tuyên_giáo nó thành 1 cái nghề thấp_kém , hạ_đẳng . Nghề nào cũng để kiếm sống , nuôi sống gia_đình , phục_vụ xã_hội cộng_đồng không phân_biệt giàu_sang hay thấp_hèn . Bản_chất của CNCS là bình_đẳng bác_ái nhưng những hiện_nay họ đang thực_hiện hoàn_toàn trái_ngược ."
Đúng chất Những thần ăn phân chó,2,Đúng chất Những thần_ăn phân chó
dc mẹ sức dài vai rộng..,1,dc mẹ sức dài vai rộng ..
Nếu là người biết tự trọng thì bạn nên xin nghỉ việc đi. Phát biểu thì toàn nói hay. Từ ngày nắm các đội tuyển Việt Nam đi đá giải nào cũng thua. Từ giao hữu tới chính thức. Đá như giờ thì dự word cup gì,0,Nếu là người biết tự_trọng thì bạn nên xin nghỉ_việc đi . Phát_biểu thì toàn nói hay . Từ ngày nắm các đội_tuyển Việt_Nam đi đá giải nào cũng thua . Từ giao_hữu tới chính_thức . Đá như giờ thì dự_word cup gì
"trọng tài, trọng tài, trọng tài đâu",0,"trọng_tài , trọng_tài , trọng_tài đâu"
mầy được Thai Lan mua à,0,mầy được Thai_Lan mua à
Tin Vui Cuối Ngày:,0,Tin_Vui Cuối Ngày :
Có vẻ là người nổi tiếng :v,0,Có_vẻ là người nổi_tiếng : v
nói đi phải nói lại. Bây giờ không thằng nào nhận tiền hết. Đụng là phạt . Thì ý thức sẽ tự đi lên.,0,nói đi phải nói lại . Bây_giờ không thằng nào nhận tiền hết . Đụng là phạt . Thì ý_thức sẽ tự đi lên .
cái giọng bà đó nghe ấy ấy quá ha,0,cái giọng bà đó nghe ấy ấy quá ha
Cầm còi 1 lần cả nhà mày ăn cả đời thằng mặt lần,2,Cầm còi 1 lần cả nhà mày ăn cả đời thằng mặt lần
đm mày thang chó,2,đm mày thang chó
mày đúng là con c.h.ó ăn c.ứ.t của nhà nước.,2,mày đúng là con c . h . ó ăn_c . ứ . t của nhà_nước .
Người nghèo cũng đi lấy xe của họ nhục quá,0,Người nghèo cũng đi lấy xe của họ nhục quá
ngoài đời a này có ngu như vậy không mọi người,2,ngoài đời a này có ngu như_vậy không mọi người
"phản động là những đứa dám nói ""xấu"", nói xéo, và nói lên sự thật, đi ngược với đường lối của đoảng và bọn dư lợn viên lương 3 tháng 1 củ ( á nhầm 3 củ 1 tháng)",1,"phản_động là những đứa dám nói "" xấu "" , nói xéo , và nói lên sự_thật , đi ngược với đường_lối của đoảng và bọn dư lợn_viên lương 3 tháng 1 củ ( á_nhầm 3 củ 1 tháng )"
"""Sản phậm bị đạo như cl"" thì thẳng bỏ con nó đâu có thèm đạo .",1,""" Sản_phậm bị đạo như cl "" thì thẳng bỏ con nó đâu có thèm_đạo ."
Em chỉ hài lòng khi có ny bên cạnh thoiii :< mặc dù k có ny :((,0,Em chỉ hài_lòng khi có ny bên cạnh thoii : < mặc_dù k có ny : ( (
"trong mấy grp rank bạc vàng mực feed bỏ mẹ, bị bọn m up lên khịa nhiều vc :))",1,"trong mấy grp rank bạc vàng mực feed bỏ mẹ , bị bọn m up lên khịa nhiều vc :))"
ngu như cho,1,ngu như cho
Kien Ne bố jack cmay mới nổi đc năm thằng thánh nện kia n nổi lâu rồi k có cty thì tuổi cẹc mà nổi đc như giời ngồi mà lo tr thế giới lo mà ăn vào mồm cho no ấy,2,Kien Ne_bố jack cmay mới nổi đc năm thằng thánh_nện kia n nổi lâu rồi k có cty thì tuổi cẹc mà nổi_đc như giời ngồi mà lo_tr thế_giới lo mà ăn vào mồm cho no ấy
Mấy thằng mất dạy.co chiếc xe để ban xôi cũng lấy,2,Mấy thằng mất_dạy . co chiếc xe để ban_xôi cũng lấy
"Trộm cướp bắt được nên đánh chết ạ, đừng để chúng đẻ trứng",1,"Trộm cướp bắt được nên đánh chết ạ , đừng để chúng đẻ trứng"
"Bon này giảng cảnh với nhau, sau này gd bọn này cũng sẽ bị như vậy thôi,qua báo sẽ đến nhanh thôi",1,"Bon này giảng_cảnh với nhau , sau_này gd bọn này cũng sẽ bị như_vậy thôi , qua báo sẽ đến nhanh thôi"
Xin fb của bà này,0,Xin fb của bà này
Quang Chivas bố tổ sư thằng bại não,2,Quang_Chivas bố tổ_sư thằng bại não
Súc vật từ nhan sắc đến nhân cách súc phạm loài người quá đy,2,Súc_vật từ nhan_sắc đến nhân_cách súc_phạm loài_người quá đy
"Hô ng việt dùng hàng việt đâu hết rồi, làm mẫu đi chứ",0,"Hô ng việt dùng hàng việt đâu hết rồi , làm mẫu đi chứ"
Giảm cân đi hoèn =)),0,Giảm cân đi hoèn =))
trẻ ranh dạo này cay. bị tao chửi cay. fan thằng zeros này thất bại del khác gi lũ ricon bên bóng đá :))) có gi đâu mà cay vào fb soi. kkkkk cay lắm kìa,1,trẻ ranh dạo này cay . bị tao chửi cay . fan thằng zeros này thất_bại del khác gi lũ ricon bên bóng_đá :)) có gi đâu mà cay vào fb soi . kk cay lắm kìa
WC là toilet nha chứ không phải World Cup… Q.ÙE mà cứ thích nhảy hiphop!!!,0,WC là toilet_nha chứ không phải World_Cup … Q.ÙE mà cứ thích nhảy_hiphop ! !
":)))) đóm cay đóm cay đó bạn, mấy con ruồi này nó nghe nhạc 5 củ mọc răng cắn gê lắm, ns mấy con ruồi phát sáng kêu anh 5 củ thấy mik bị oan báo công an đi lên mạng hù ai:)))",1,":)) đóm cay đóm cay đó bạn , mấy con ruồi này nó nghe nhạc 5 củ mọc răng cắn gê lắm , ns mấy con ruồi phát sáng kêu anh 5 củ thấy mik bị oan_báo công_an đi lên mạng hù ai :))"
Rồi bắt 3 cha con nó ch mn,0,Rồi bắt 3 cha_con nó ch mn
gết thật giữ kiểu này mà người dân đi lấy xe còn tính cả tiền giữ xe kìa,0,gết thật giữ kiểu này mà người_dân đi lấy xe còn tính cả tiền giữ xe kìa
Le Mynhut thứ 5 tuần sau đó chế,0,Le Mynhut thứ 5 tuần sau đó chế
Tí bố cho bayyy acc,0,Tí bố cho bayy acc
Lỗi con cặc thằng mắt như mù,1,Lỗi con cặc thằng mắt như mù
"Quân ăn cướp của trắng trợn , cuộc sống về sau mang nghiệp nặng",2,"Quân ăn_cướp của trắng_trợn , cuộc_sống về sau mang_nghiệp nặng"
làm tới đâu rồi :)),0,làm tới đâu rồi :))
Cố tỏ ra là mình ổn nhưng sau bên trong.....,0,Cố tỏ ra là mình ổn nhưng sau bên trong ..
Nghe có vẻ Hư Trúc nhưng lại rất Mộ Dung Phục,0,Nghe có_vẻ Hư_Trúc nhưng lại rất Mộ_Dung Phục
Táng chết cha tụi mày lũ học trò l :)),2,Táng chết cha tụi mày lũ học_trò l :))
Hèn gì chúng nó chỉ dám nói là ko có liên quan. Cái địt mẹ mấy thằng lớn,2,Hèn_gì chúng_nó chỉ dám nói là ko có liên_quan . Cái địt mẹ mấy thằng lớn
Fake dmm,1,Fake dmm
THẰNG AD ĐỌC KỸ RỒI HÃY PHÁN! AD MÀ LÀM ĂN THUA CẢ CON CHÓ! VỀ BỐC CỨT ĂN ĐI,2,THẰNG AD ĐỌC KỸ RỒI HÃY PHÁN !_AD MÀ LÀM_ĂN THUA_CẢ CON_CHÓ ! VỀ BỐC_CỨT ĂN_ĐI
"ủa v s ông V thấy giống ko liên hệ J làm việc mà lại lên live nói thẳng v, up stt fb J vô cmt thì ko tl, giờ đòi J làm việc trước ?",0,"ủa v s ông V thấy giống ko liên_hệ J làm_việc mà_lại lên live nói_thẳng v , up stt fb_J vô_cmt thì ko_tl , giờ đòi J làm_việc trước ?"
Bảo hiểm thì nước đ' nào chả phải nộp :v tai nạn ra ai thanh toán :v bóp cái tít cũng ngu :v,1,Bảo_hiểm thì nước đ ' nào chả phải nộp : v tai_nạn ra ai thanh_toán : v bóp cái tít cũng ngu : v
Tụi bây sống nhục mặt đàn ông thiên hạ,2,Tụi bây sống nhục_mặt đàn_ông thiên_hạ
Xin lồn dcm muốn văn minh không nổi :))) quả pen đấy đâm vào mắt ông rồi ạ,1,Xin lồn_dcm muốn văn_minh không nổi :))_quả pen đấy đâm vào mắt ông rồi ạ
Xl cái con cặc đm mày,2,Xl cái con cặc đm mày
lại nữa àh.... tụi thân cộng nó như sói đói... luôn luôn rình rập,1,lại nữa àh .. tụi thân_cộng nó như sói đói .. luôn_luôn rình_rập
"thương jack , ngẹn lòng quá , mong mọi thứ sẽ có câu trả lời nhanh thui",0,"thương jack , ngẹn_lòng quá , mong mọi thứ sẽ có câu trả_lời nhanh thui"
Sống chậm cái con mẹ chúng mày,2,Sống chậm cái con mẹ chúng_mày
Đụ Má...... Con bede sấu nhất quả đất,2,Đụ Má .. Con bede_sấu nhất quả đất
3 Quân bất lương này xứng đáng đi lao động khổ sai,1,3 Quân bất_lương này xứng_đáng đi lao_động khổ_sai
chắc rank đồng,0,chắc rank đồng
Mẹ mấy thằng chó đẻ người ta đã nghèo rồi mà chúng mày còn bày trò cướp của người ta nhân quả sớm thôi các con,2,Mẹ mấy thằng chó đẻ người ta đã nghèo rồi mà chúng_mày còn bày_trò cướp của người ta nhân_quả sớm thôi các con
"Chị ba nói đúng rồi. Chị ba bán nước cầu vinh. Đời ông cố nội thằng cha chị ba, tham sống sợ chết đầu hàng giặt",2,"Chị ba nói đúng rồi . Chị ba bán nước cầu_vinh . Đời ông cố nội_thằng cha chị ba , tham_sống sợ chết đầu_hàng giặt"
Chuộc 200000USD cơ mà,0,Chuộc 200USD_cơ mà
https://shp.ee/rbehb6u váy xinh giá chỉ 93k,0,https://shp.ee/rbehb6u váy xinh_giá chỉ 93 k
"Dịt mẹ đéo báo cong an bắt mẹ đi họp bàn cái lồng,mẹ đi xe buyt mà éo bảo vệ dc khách hàng",2,"Dịt mẹ đéo báo cong_an bắt mẹ đi họp bàn cái lồng , mẹ đi xe buyt mà éo bảo_vệ dc khách_hàng"
buồn nha,0,buồn nha
Tụi này trời lấy lại mấy hồi,0,Tụi này trời lấy lại mấy hồi
Con đĩ này bóng lộ nè,2,Con đĩ này bóng_lộ nè
Cái này hình thức lừa cướp đoạt xe giống vs của chị nè Trần Thị Cẩm Giang,0,Cái này hình_thức lừa cướp_đoạt xe giống vs của chị nè Trần_Thị_Cẩm_Giang
Tội cho cô gái ấy,0,Tội cho cô gái ấy
Con nhà nta là xương thịt đâu phải cứ quẳng vài đồng tiền là xong,0,Con nhà nta là xương thịt đâu phải cứ quẳng vài đồng_tiền là xong
Đàn bà mắt bạn bị sau dạ,0,Đàn_bà mắt bạn bị sau dạ
Ad sao mày bố láo thế,2,Ad sao mày bố_láo thế
Em thức khuya vậy,0,Em thức khuya vậy
chắc nó cũng gạ r bn ạ,0,chắc nó cũng gạ r bn ạ
"Hơ hơ :)) đm đéo xl lúc vẫn đá và sửa bằng lôi thẻ đỏ cho ""Tháis Lừn"" ra đây. Đm h bày đặt ""Sin lũi"" :))",1,"Hơ hơ :)) đm đéo xl lúc vẫn đá và sửa bằng lôi thẻ_đỏ cho "" Tháis_Lừn "" ra đây . Đm_h bày_đặt "" Sin_lũi "" :))"
Phan Linh nó họ Bùi ý thức như đầu buooi là đúng r,2,Phan_Linh_nó họ Bùi_ý_thức như đầu buooi là đúng r
CÁC BẠN ƠI ĐÂY LÀ ACC GIẢ VÌ H NÀY TRỌNG TÀI BẬN BẮT CHÍNH,0,CÁC BẠN ƠI ĐÂY LÀ ACC_GIẢ VÌ H NÀY_TRỌNG_TÀI BẬN_BẮT CHÍNH
"ê mà chửi tkg Rách chứ đừng chửi cả vùng miền nha, Miền tây liên quan gì m, t người Hanoi nhé.",2,"ê mà chửi tkg_Rách chứ đừng chửi cả vùng miền nha , Miền_tây liên_quan gì m , t người Hanoi nhé ."
"Đảng viên thì sao?công khai đảng viên còn hơn lũ 3/// nhưng là cộng sản nằm vùng ,đem con mụ Nẫm qua chửi Mỹ như chó -lũ 3/// chống lưng cho mụ chửi ,tao là diện HO mà tao còn ko ưa tụi 3///",2,"Đảng_viên thì sao ? công_khai đảng_viên còn hơn lũ 3 / / nhưng là cộng_sản nằm_vùng , đem con mụ Nẫm qua chửi Mỹ như chó - lũ 3 / / chống lưng cho mụ_chửi , tao là diện HO mà tao còn ko ưa tụi 3 / /"
Đừng phá bđvn nữa thưa ngài,0,Đừng phá bđvn nữa thưa ngài
Như Quỳnh Bệnh từ trong cái nhân cách rồi pạn🤷‍♀️,1,Như Quỳnh_Bệnh từ trong cái nhân_cách rồi pạn 🤷 ‍_♀ ️
Giờ không co công an chuyện làm ma cướp giật nổi lên rồi,0,Giờ không co công_an chuyện làm ma cướp_giật nổi lên rồi
xl là dc hả :)),0,xl là dc hả :))
"Mặt bà này là biết có dương vật ở dưới háng , mặt nhìn coi không có hậu gì hết .ăn nói như giang hồ mất dạy",2,"Mặt bà này là biết có dương_vật ở dưới háng , mặt nhìn coi không có_hậu gì hết . ăn_nói như giang_hồ mất dạy"
Thui tốt nhất ông nên biến khỏi đội tuyển của chúng tôi đi ông troussier à nếu k cả đội tuyển của chúng tôi sẽ k còn nữa mà sẽ tan rã thật sự nếu ông còn ở lại vậy nên chúng tôi đề nghị ông hãy lượn đi ngay lập tức nhé ông hlv troussier,0,Thui tốt nhất ông nên biến khỏi đội_tuyển của chúng_tôi đi ông troussier à nếu k cả đội_tuyển của chúng_tôi sẽ k còn nữa mà sẽ tan_rã thật_sự nếu ông còn ở lại vậy nên chúng_tôi đề_nghị ông hãy lượn đi ngay_lập_tức nhé ông hlv troussier
ăn học kiểu gì đang nói luật giữ xe nói sang tai nạn. rồi trù ẻo người khác tai nạn. mịa mấy cái đầu bò này mà mang tiếng ngu dân,1,ăn_học kiểu gì đang nói luật giữ xe nói sang tai_nạn . rồi trù_ẻo người khác tai_nạn . mịa mấy cái đầu_bò này mà mang_tiếng ngu dân
địt mẹ mày,2,địt mẹ mày
đm biết làm trọng tài kh con chó Dương Nguyễn Nhật Hà,2,đm biết làm trọng_tài kh con chó Dương_Nguyễn_Nhật_Hà
Ý thức như đb,1,Ý_thức như đb
ăn hết của ông nội mày hả mà mày làm vậy dcmm đừng để tao tới nhà à :))),2,ăn hết của ông nội_mày hả mà mày làm_vậy dcmm đừng để tao tới nhà à :))
Nghỉ việc đi. Nhục lắm,1,Nghỉ việc đi . Nhục lắm
bắt ngu như chó,1,bắt ngu như chó
"Em là một đứa xem chùa mà vẫn được fan cứng, em mong ad xem xét lại gỡ xuống để cho người khác xứng đáng hơn em ạ :vvvv",0,"Em là một đứa xem chùa mà vẫn được fan cứng , em mong ad xem_xét lại gỡ xuống để cho người khác xứng_đáng hơn em ạ : vv"
Hải Yến con thần kinh lạy m. Chả muốn xem cũng kệ cả họ nhà m nói để thiên hạ nó điss cho vô mồm,2,Hải_Yến con thần_kinh lạy m . Chả muốn xem cũng kệ cả họ nhà m nói để thiên_hạ nó điss cho vô mồm
Nghỉ việc đi ôg già ơi,1,Nghỉ việc đi ôg già ơi
Trung sonic,0,Trung_sonic
"Mày mới gọi là nhảm đó,đồ chó đẽ",2,"Mày mới gọi_là nhảm đó , đồ chó đẽ"
Cảm ơn cc,1,Cảm_ơn cc
Đợi đấy tha bay đồ là tốt lắm rồi,0,Đợi đấy tha_bay đồ là tốt lắm rồi
Thầy địt mẹ giả tạo vl =)),1,Thầy địt mẹ giả tạo vl =))
hk được nói cức fan nó nhảy dựng lên đó nói phân thì được,1,hk được nói cức fan nó nhảy_dựng lên đó nói phân thì được
Chi 3 noi qua troi hay luon,0,Chi 3 noi qua troi hay luon
"nói với mấy loại ko não mệt thật, đúng 2 đứa ngu chơi với nhau. Đi học 10 năm?? tính từ lớp mầm thì m học ko quá lớp 7 nói cấm có sai học ko quá nổi cấp2, vô học nên mới ko hiểu những thuật ngữ cơ bản nhất xog cãi ngu",2,"nói với mấy loại ko_não mệt thật , đúng 2 đứa ngu_chơi với nhau . Đi học 10 năm ? ?_tính từ lớp mầm thì m học ko quá lớp 7 nói cấm có sai học ko quá nổi_cấp2 , vô_học nên mới ko hiểu những thuật_ngữ cơ_bản nhất xog cãi ngu"
Đang nghĩ mình ở thiên đường à.,0,Đang nghĩ mình ở thiên_đường à .
Phan Mạnh Cường sao lo mong nhà mày chết bớt 1 ngày đi mà rủa người ta chết vậy óc,2,Phan_Mạnh_Cường sao lo mong nhà mày chết bớt 1 ngày đi mà rủa người ta chết vậy óc
Quá tàn ác. Những con người này cần trị nghiêm ko sẽ trở thành kẻ xấu của xã hội.,1,Quá tàn_ác . Những con_người này cần_trị nghiêm_ko sẽ trở_thành kẻ xấu của xã_hội .
Fake hay sao ý mn ơi,0,Fake hay sao_ý mn ơi
Chị đẹp lắm đó chi,0,Chị đẹp lắm đó chi
xấu còn ngu,1,xấu còn ngu
Thằng ngu sân cỏ,1,Thằng ngu sân cỏ
"mk thấy vụ đấy nổi do con ngọc bình vào live ông virruss cãi nhau vs ông ấy . Và kết quả ngọc bình đã bị mẹ thu đt và thằng rách vố này mk thấy những vết nhơ mà nó gây ra cũng k lm nó tồn tại lâu dài được đâu , nếu rách có thiện chí thì… Xem thêm",1,"mk thấy vụ đấy nổi do con ngọc_bình vào live ông virruss cãi nhau vs ông ấy . Và kết_quả ngọc_bình đã bị mẹ thu đt và thằng rách vố này mk thấy những vết nhơ mà nó gây ra cũng k lm nó tồn_tại lâu_dài được đâu , nếu rách có thiện_chí thì … Xem thêm"
nói cl gì z mẹ. Nói mà để ng ta từ chối hiểu hay gì á,1,nói cl gì z mẹ . Nói mà để ng ta từ_chối hiểu hay gì á
"Mực ơi dù nói thế nào trình mày vẫn thua thằng quyền thôi, đánh ngu, sủa bẩn, óc lồn",2,"Mực ơi dù nói thế_nào trình mày vẫn thua thằng quyền thôi , đánh_ngu , sủa_bẩn , óc lồn"
Đá thua indo thì về nước hộ cái anh zai ơi,1,Đá thua_indo thì về nước hộ cái anh zai ơi
"Ra đường là gặp lừa đảo , trộm cướp , xã hội bất an !",1,"Ra đường là gặp lừa_đảo , trộm_cướp , xã_hội bất_an !"
Võ Minh Hiếu xin video bạn ơi,0,Võ_Minh_Hiếu xin video bạn ơi
Oke Hasagi chết mọe đi 💀,1,Oke Hasagi chết mọe đi 💀
Đỏ gì mà ở ngay sát bờ là sao ?,0,Đỏ gì mà ở ngay sát bờ là sao ?
zả bố thẻ đỏ,0,zả bố thẻ_đỏ
Nguyễn Minh Quân có thằng phía trên bênh nó t đang chọc nó cay khóc kìa bro.. kkk kéo lên chửi chọc nó chơi,0,Nguyễn_Minh_Quân có thằng phía trên bênh nó t đang chọc nó cay khóc kìa_bro .. kk kéo lên chửi chọc nó chơi
nick thật ở đâu,0,nick thật ở đâu
"thằng rách là ông cố nội m hay gì mà m vô đây réo ,ở đây ko biết thằng rách nào nhé ,người nổi tiếng mà ăn nói xà lơ là lên phường càng sớm nhé thắng đần ,giờ m qua bên nó kêu nó phản hồi đối chất hộ t cái chứ m ở đây xàm lông hoài thì m lên phường trước nó đó",2,"thằng rách là ông cố nội m hay gì mà m vô đây réo , ở đây ko biết thằng rách nào nhé , người nổi_tiếng mà ăn_nói xà_lơ_là lên phường càng sớm nhé thắng_đần , giờ m qua bên nó kêu nó phản_hồi đối_chất hộ t cái chứ m ở đây xàm lông hoài thì m lên phường trước nó đó"
Kim Phượng thế con ngu ở hà nội p nó cũng nhảy bông nhông khắp nơi đó p,1,Kim_Phượng thế con ngu ở hà_nội p nó cũng nhảy bông_nhông khắp_nơi đó p
Đần =)),1,Đần =))
Đất nước ko phải của riêng một đảng phái nào,0,Đất_nước ko phải của riêng một đảng_phái nào
Thằng này bị ban Vĩnh viễn cũng k sai đâu,0,Thằng này bị ban Vĩnh_viễn cũng k sai đâu
Thằng này ko dc,1,Thằng này ko dc
"Thua rồi xinloi à, khon nạn vừa thôi má ơi",1,"Thua rồi xinloi à , khon nạn vừa thôi má ơi"
Ok nhá,0,Ok nhá
xa hội bgio phuc tap qua con nguoi với nhau sao k còn tinh nghia gi nua het .,0,xa hội bgio phuc tap qua con nguoi với nhau sao k còn tinh_nghia gi_nua het .
Đụ má mặt nhìn như đàn ông,2,Đụ má mặt nhìn như đàn_ông
Trọng tài nguu quá,1,Trọng_tài nguu quá
Nó còn biết nó chưa đủ 16t nên nó ngông như thế thì phải trị cho nó ra khoai ra ngô chứ bỏ qua vì chưa đủ tuổi thì thật sự thất vọng về pháp luật Việt Nam,0,Nó còn biết nó chưa đủ 16 t nên nó ngông như thế thì phải trị cho nó ra khoai ra ngô chứ bỏ_qua vì chưa đủ tuổi thì thật_sự thất_vọng về pháp_luật Việt_Nam
Bọn chủ yếu lạc hướng ngta để trộm à,0,Bọn chủ_yếu lạc hướng ngta để trộm à
đần,1,đần
đunga rồi anh ba chíp chíp chíp cũa em,0,đunga rồi anh ba chíp chíp chíp cũa em
lần sau đừng có nc kiểu ngu như vậy tao cười chết đó 'Nhi' tag lắm vào tưởng cái gì nói thì ngu trl cũng ngu,2,lần sau đừng có nc kiểu ngu như_vậy tao cười chết đó ' Nhi ' tag lắm vào tưởng cái gì nói thì ngu trl cũng ngu
Mất đi một đứa con như đứt một khúc ruột vậy. Thương quá,0,Mất đi một đứa con như đứt một khúc ruột vậy . Thương quá
Cả mả cụ tổ họ hàng hang hốc nhà mày.,2,Cả mả cụ tổ họ_hàng hang_hốc nhà mày .
Tao đéo biết,1,Tao đéo biết
"show ra đi , đi cái jg 2 game out cả 2 . Rank thì kẹp lóc ngóc bk4 duo lb2 =)) game sau t mà đi top 2 m còn nát nữa chứ ở đó gank t , game đầu t k để ý m có xem stream đấy . Chứ k cỡ như m lên t cân 2 nha .",0,"show ra đi , đi cái jg 2 game out cả 2 . Rank thì kẹp_lóc ngóc bk4 duo lb2 =))_game sau t mà đi top 2 m còn nát nữa chứ ở đó gank t , game đầu t_k để_ý m có xem stream đấy . Chứ k_cỡ như m lên t cân 2 nha ."
Cuoc Vui Co Don,0,Cuoc_Vui Co_Don
"Hẳn là thi công k chuẩn =)) cười vỡ cmn bụng, cái đcm chúng mày lắm nữa nhiều lí do vcl.",2,"Hẳn là thi_công k chuẩn =)) cười vỡ_cmn bụng , cái đcm chúng_mày lắm nữa nhiều lí_do vcl ."
liêm sĩ ji tầm này abe ôi,0,liêm_sĩ ji tầm này abe ôi
Nó đéo biết ngại à,1,Nó đéo biết ngại à
chs thì ngu nhờ ng gánh là giỏi,1,chs thì ngu nhờ ng_gánh là giỏi
Địt cụ mày,2,Địt cụ mày
k thấy ngon nha . 18 cành,0,k thấy ngon_nha . 18 cành
ông này kém vô cùng,1,ông này kém vô_cùng
Chị ba .bản lĩnh con cháu hai bà trưng bà triệu👍🙏❤🌍,0,Chị ba . bản_lĩnh con_cháu hai bà trưng bà triệu 👍 🙏_❤ 🌍
Trần Nhật Tuấn =))) Bú win lên này a,0,Trần_Nhật_Tuấn =))_Bú win lên này a
"ông mực tự cái mồm làm khổ cái thân mà :)))) đã feed còn chửi đồng đội, chứ ai tự nhiên đii nói ổng đâu, xong game thì thôi lại còn mời vào chửi tiếp, nói chung họa tự chuốc lấy thôi",0,"ông mực tự cái mồm làm khổ cái thân mà :)) đã feed còn chửi đồng_đội , chứ ai tự_nhiên đii nói ổng đâu , xong game thì thôi lại còn mời vào chửi tiếp , nói_chung họa tự chuốc lấy thôi"
Tuân Nguyễn no lai cay vl ra,1,Tuân Nguyễn_no lai_cay vl ra
Đần vcl,1,Đần vcl
Theo ý kiến cá nhân riêng mình thấy bài hát này ko có chút ý nghĩa nghe có vẻ khá sàm ko hay ý kiến cá nhân nhé a hùng bàn phím né hộ,0,Theo ý_kiến cá_nhân riêng mình thấy bài hát này ko có chút ý_nghĩa nghe có_vẻ khá sàm_ko hay ý_kiến cá_nhân nhé a_hùng bàn_phím né hộ
thì coi như k thấy cmt nta đi. Vào cắn làm choá gì,1,thì coi như k thấy cmt nta đi . Vào cắn làm chóa gì
"Cái lỗ mũi như lỗ trâu mà còn ngột ngạt,hít hết cả khí trời của ngta rồi còn j.",2,"Cái lỗ mũi như lỗ trâu mà_còn ngột_ngạt , hít hết cả khí_trời của ngta rồi còn j ."
Nhỏ này ranh con trong nhóm Dư Luận Viên của nhà nước ấy mà.cứ ai đưa tin Ji thì nó bay vào nói bất chấp đúng hay sai.ăn lương phải vậy bất chấp dân đói khổ.nó đâu đứng về phía công lí.nhóm tụi nó cả vào trăm đứa ăn lương vài triệu là để vậy.làm nhẹ dư luận khi ai đó đụng đến người chi lương nó...,1,Nhỏ này ranh con trong nhóm Dư_Luận_Viên của nhà_nước ấy mà . cứ ai đưa tin Ji thì nó bay vào nói bất_chấp đúng hay sai . ăn lương phải vậy bất_chấp dân đói_khổ . nó đâu đứng về phía công_lí . nhóm tụi nó cả vào trăm đứa ăn lương vài triệu là để vậy . làm nhẹ dư_luận khi ai đó đụng đến người chi lương nó ..
Hoàng Tử Băng Giá đầu nó chứa cứt,1,Hoàng_Tử_Băng Giá đầu nó chứa cứt
Thứ nhiều chuyện,0,Thứ nhiều chuyện
Đụ má mày nha - sử dụng fb ảo tạo nét à,2,Đụ má mày nha - sử_dụng fb ảo tạo nét à
Mực dốt cả đời bk rách thôi,1,Mực dốt cả đời bk rách thôi
Xl thì dc gì trọng tài lol,2,Xl thì dc gì trọng_tài lol
"Thanh niên cao to lực lưỡng có chân có tay mà đi cướp dị , nghiệp quá nghiệp",1,"Thanh_niên cao to_lực_lưỡng có chân có tay mà đi cướp_dị , nghiệp quá_nghiệp"
Con sv cày thuê bị hành cay đỏ dái hả :))),2,Con sv cày thuê bị hành_cay đỏ dái hả :))
"Hieu Nguyen họ bùi ăn hết của ông nội m hả , đụ mẹ m lôi vào nói chung chung ý thức của m cũng như cc",2,"Hieu Nguyen họ bùi_ăn hết của ông nội m hả , đụ mẹ m lôi vào nói_chung_chung ý_thức của m cũng như cc"
toàn âm mạng có gì đâu mà khè,0,toàn âm_mạng có gì đâu mà khè
Nghề kiếm cơm của các thanh niên Nam Kỳ,2,Nghề kiếm cơm của các thanh_niên Nam_Kỳ
T nghe thấy thích mà ae,0,T nghe thấy thích mà ae
Ai muốn thoát kiếp,0,Ai muốn thoát kiếp
Công an đâu rồi lên cơ quan trình báo còn bị chửi ko biết giữ của lên đây làm gì,0,Công_an đâu rồi lên cơ_quan trình_báo còn bị chửi ko biết giữ của lên đây làm gì
Ngọc Liên nc nv nha homie :))),0,Ngọc Liên_nc nv nha homie :))
óc vừa th. Thế m nghĩ ai cũng cố tình vi phạm. R ng dân cũng bị gài bị dìu r bắt lỗi ko đúng đầy ra đấy. Ở đấy mà đạo lí,1,óc vừa th . Thế m nghĩ ai cũng cố_tình vi_phạm . R ng dân cũng bị gài bị dìu_r bắt lỗi ko đúng đầy ra đấy . Ở đấy mà đạo_lí
Troussier vô dụng. Từ chức đi,1,Troussier vô_dụng . Từ_chức đi
Ở mặt đường không đeo vàng và nói chuyện lâu với người hỏi đường. Là mất tài sản,0,Ở mặt_đường không đeo vàng và nói_chuyện lâu với người hỏi đường . Là mất tài_sản
Mấy thằng chó sủa bậy sướng được anh độ cho đi đóng phim =)),2,Mấy thằng chó sủa bậy sướng được anh độ cho đi đóng phim =))
Đấm mẹ mày giờ,1,Đấm mẹ mày giờ
Trọng tài kìa,0,Trọng_tài kìa
Bắt kém cực ấy nói thậy,1,Bắt kém cực ấy nói thậy
Hai thằng giả vờ hỏi chuyện để 1 thằng hành động Bán buôn lời được bao nhiêu,0,Hai thằng giả_vờ hỏi chuyện để 1 thằng hành_động Bán_buôn lời được bao_nhiêu
Luật Sư Hà a ơi giúp cháu nó đk ko. Nghe tội vs bức xúc quá,0,Luật_Sư Hà_a ơi giúp cháu nó đk_ko . Nghe_tội vs bức_xúc quá
Năm Lê Nguyễn Thu Hằng dm vcl bar con đeo khéo chưa đc 1p giật tung l :)),1,Năm Lê_Nguyễn_Thu_Hằng dm vcl bar con đeo khéo chưa đc 1 p giật tung l :))
Vc thằng này cũng có fan à =))),1,Vc thằng này cũng có fan à =))
"Đúng rồi, toàn bọn rẻ rách, cặn bã, ăn cơm ăn cức của Việt Nam mà mở mồm ra là chửi sằn bậy !!!",2,"Đúng rồi , toàn bọn rẻ_rách , cặn_bã , ăn cơm ăn_cức của Việt_Nam mà mở mồm ra là chửi sằn bậy ! !"
Gặp tôi là đồng đội tôi chửi cả lò nhà ông r =))),0,Gặp tôi là đồng_đội tôi chửi cả lò nhà ông r =))
vẫn bảo của t đc mà :)) ngu ác,1,vẫn bảo của t đc mà :))_ngu ác
Mày câu hay đấy nhóc,1,Mày câu hay đấy nhóc
Xh loạn hết rồi. CQ hãy cho dân quyền tiêu diệt lũ cặn bã này.,2,Xh_loạn hết rồi . CQ hãy cho dân_quyền tiêu_diệt lũ cặn_bã này .
Toàn là những con người thiếu ý thức mà ra cầu mong dừng lại ở con số này thôi chứ lo lắng quá đi cầu cho máy cha máy mẹ đừng đi tùm lum nữa làm khổ nhiều người lắm muốn chết về nhà đóng cửa chết mình mẹ đi,2,Toàn là những con_người thiếu ý_thức mà ra cầu_mong dừng lại ở con_số này thôi chứ lo_lắng quá đi cầu cho máy cha máy mẹ đừng đi tùm_lum nữa làm khổ nhiều người lắm muốn chết về nhà đóng_cửa chết mình mẹ đi
đập ngu như thầy thì mãi mãi cx dell lên đc +7 e thề,1,đập ngu như thầy thì mãi_mãi cx dell lên đc + 7 e thề
Mong pháp luật trừng trị thật nghiêm kẻ coi thường mạng người coi thường pháp luật. Mong cháu yên nghỉ. Thương,1,Mong pháp_luật trừng_trị thật nghiêm_kẻ coi_thường mạng người coi_thường pháp_luật . Mong cháu yên_nghỉ . Thương
"Face you, ngày mai mày bị tai nạn chết cả nhà mày, còn mày thì bị mù mẹ nó mắt đi cho khỏi tốn cơm",2,"Face you , ngày_mai mày bị tai_nạn chết cả nhà mày , còn mày thì bị mù mẹ nó mắt đi cho khỏi tốn cơm"
T k thích k ưa mẹ này.... Mà dx cái chưit ngta nghe hài vcl bù lại củng đỡ 😂😂,1,T k thích k ưa mẹ này .. Mà dx cái chưit ngta nghe hài_vcl bù lại củng_đỡ 😂 😂
Nhục cái lồn gì k biết?:)). Mệt người sủa ngu. Cút,2,Nhục cái lồn gì k biết ?_:)) . Mệt người sủa_ngu . Cút
Dễ thương gì đâu,0,Dễ_thương gì đâu
Phương Nam ừ cô mà tích lại mà bán,0,Phương Nam_ừ cô mà tích lại mà bán
Happy New Year coach !,0,Happy New_Year coach !
Thằng ngu này t gặp mấy lần t thường cầm sett nó nó bú cu. Giờ t lục bảo 1 heo elo nó vẩn bk. Ngu đéo tả đc mà hay nổ haizz. Mầy leo ranh bằng nhân phẩm chứ kỷ năng đéo. Khéo sài hết nhân phẩm xe đụng mầy.,2,Thằng ngu này t gặp mấy lần t thường cầm sett nó nó bú cu . Giờ t_lục bảo 1 heo elo nó vẩn_bk . Ngu đéo_tả đc mà hay nổ haizz . Mầy leo_ranh bằng nhân_phẩm chứ kỷ_năng đéo . Khéo_sài hết nhân_phẩm xe đụng mầy .
Bắt như loz thì cút về nha bú sữa chú đêy a tài ơi,1,Bắt như loz thì cút về nha bú sữa chú đêy a_tài ơi
Lỗi cái địt con mệ mày,2,Lỗi cái địt con mệ mày
phải kiện bồi thường chứ không nhẹ nhàng như v được,0,phải kiện bồi_thường chứ không nhẹ_nhàng như v được
Đóng thuế thuê 1 thằng phế vật.,1,Đóng thuế thuê 1 thằng phế_vật .
ma vương tới chơi broooo,0,ma vương tới chơi broo
Linh Nguyen trend này hình như có lâu lắm r nhỉ =)))),0,Linh Nguyen_trend này hình_như có lâu lắm r nhỉ =))
Bài mai dù,0,Bài mai dù
clm hẳn là trai alimi :)) bố m hài ỉa vào bàn thờ nhà m luôn th mực con,2,clm hẳn là trai alimi :)) bố m hài_ỉa vào bàn_thờ nhà m luôn th_mực con
Công an đã vào cuộc,0,Công_an đã vào_cuộc
bọn ăn cháo đá bát,2,bọn ăn cháo đá bát
Muốn làm hot face không khó :))),0,Muốn làm hot face không khó :))
Lỗi cái đjt con bà m thằng trọng tài m nghỉ vc mẹ đi,2,Lỗi cái đjt con bà m thằng trọng tài m nghỉ vc mẹ đi
Con gia nay sao ra duong duong xe no tong chet me duoi gam xe,2,Con gia_nay sao ra duong duong xe no_tong chet me duoi gam xe
Ban vinh viễn cmn đi,1,Ban vinh_viễn cmn đi
Thế mày là con tinh trùng khuyết tật của tao à nói câu nào là ngu câu đó thôi anh không chấp lo mà giúp ba mẹ mày có bữa ăn ngon đi trl ngu dốt vc,2,Thế_mày là con tinh_trùng khuyết_tật của tao à nói câu nào là ngu câu đó thôi anh không chấp_lo mà giúp ba_mẹ mày có bữa ăn ngon đi trl ngu dốt vc
Khéo nhung lại bị người khác lây sang 😂,0,Khéo nhung lại bị người khác lây sang 😂
2022 idol về VN rồi^^,0,2022 idol về VN rồi ^ ^
Ủa tưởng ý thức người nhật cao lắm ?,0,Ủa tưởng ý_thức người nhật cao lắm ?
mấy con súc vật,2,mấy con súc_vật
Họp báo m bảo hài lòng nhưng những người hâm mộ đội tuyển Việt Nam hài lòng vs m chưa? :((,0,Họp báo m bảo hài_lòng nhưng những người hâm_mộ đội_tuyển Việt_Nam hài_lòng vs m chưa ? : ( (
"Thằng áp dê ngon thì nói cho thiên hạ biết đi, hay đi làm Thông ngôn cmn đi",1,"Thằng áp dê ngon thì nói cho thiên_hạ biết đi , hay đi làm Thông_ngôn cmn đi"
"trang cty của Jack dĩ nhiên fan Ng ta vô xem nhiều rồi, thấy fan Ng ta đông quá, vẫn ủng hộ J bạn tức hay sao. Mà thường tức hay nói ngang lắm, hoặc tỏ ra mình hiểu biết thanh cao. Con người thiếu cái gì thì hay tỏ ra mình như thế.",0,"trang cty của Jack_dĩ_nhiên fan Ng ta vô xem nhiều rồi , thấy fan Ng ta đông quá , vẫn ủng_hộ J bạn tức hay sao . Mà thường_tức hay nói ngang lắm , hoặc tỏ ra mình hiểu_biết thanh cao . Con_người thiếu cái gì thì hay tỏ ra mình như_thế ."
Quá tệ hại. Ông nên xem xét lại trình độ của mình,1,Quá tệ_hại . Ông nên xem_xét lại trình_độ của mình
Cho mìh hỏi là sách j đây vậy 😦😦😦,0,Cho mìh hỏi là sách j đây vậy 😦 😦
A mực kỹ lăng :))))),0,A_mực kỹ lăng_:))
Đem đưa lên cơ sơ xo thẩm quyền THP bốc phân mà ăn :),1,Đem đưa lên cơ_sơ_xo thẩm_quyền THP bốc phân mà ăn :)
Chả hiểu đẹp ở đâu,0,Chả hiểu đẹp ở đâu
Ý thức như L..,1,Ý_thức như L. .
đm thêm con ruồi mẹ n nữa,1,đm thêm con ruồi mẹ n nữa
Trọng tài này bị mù mắt rồi,1,Trọng_tài này bị mù mắt rồi
"Tội anh tôi, lương tháng 7 - 8 triệu, đến tôm nhỏ chẳng có mà ăn, chỉ ăn được mỗi cua hoàng đế và tôm Alaska😢😢😢",0,"Tội anh tôi , lương tháng 7 - 8 triệu , đến tôm nhỏ chẳng có mà ăn , chỉ ăn được mỗi cua_hoàng_đế và tôm Alaska_😢 😢"
Bị ngáo cứt lợn 🐷,2,Bị ngáo_cứt lợn 🐷
Ngọc Trang mua dưa leo chơi cho rẻ,0,Ngọc_Trang mua dưa leo chơi cho rẻ
khác gì bọn mọi đen ko? Bị sỉ nhục đéo dám làm gì,2,khác gì bọn mọi đen ko ? Bị sỉ nhục_đéo dám làm gì
"Tụi mày tuổi lồn, nói thế cho nó vuông",2,"Tụi mày tuổi lồn , nói thế cho nó vuông"
Đcu bắt ngáo lòn,1,Đcu bắt ngáo lòn
Con cặc,1,Con cặc
Nên xem trận indo đá thailand đi.để biết cách dạy học trò presing và chống presing,0,Nên xem trận indo đá thailand đi . để biết cách dạy_học_trò presing và chống presing
"Quay dính biển số xe 2 t kia rồi đó, có đăng xuất luôn mới thoát, mai lại lên trang đầu cho coi.",0,"Quay dính biển số xe 2 t kia rồi đó , có đăng_xuất luôn mới thoát , mai lại lên trang_đầu cho coi ."
Tính ra tư duy ct như m ko bằng 1 champ đct nha :)) đánh rank bk đc game dương mạng,1,Tính ra tư_duy ct như m ko bằng 1 champ đct_nha :)) đánh rank bk đc game dương_mạng
đánh trụ là win mẹ r,0,đánh trụ là win mẹ r
Djtme may,2,Djtme may
Xin lỗi cc. Địt mẹ mày,2,Xin_lỗi cc . Địt mẹ mày
đã tăng 2 đến 7 thì dân lợi cái lồn mẹ chúng nó à,1,đã tăng 2 đến 7 thì dân_lợi cái lồn mẹ chúng_nó à
Do thiếu lozz ngọc trinh nên hôm qua tiệp hơi nông nỗi,1,Do thiếu lozz ngọc_trinh nên hôm_qua tiệp_hơi nông_nỗi
Bộ trưởng quốc phòng hèn nhất LS VN,1,Bộ_trưởng quốc_phòng hèn nhất LS VN
Fuck you mày thèn cho đẽ thái lan mua mày bao nhiu vậy,2,Fuck you mày thèn cho đẽ_thái_lan mua mày bao nhiu vậy
Trần Dần nói tro sướng cái lỗ mồm .hắn này về VN .thì phải tro ngay vào thường tín hà tây,1,Trần_Dần nói tro sướng cái lỗ mồm . hắn này về VN . thì phải tro ngay vào thường tín_hà_tây
chán cái địt cụ mày,2,chán cái địt cụ mày
Lũ ngu vô học... viết tiêu đề còn sai chính tả.,2,Lũ ngu vô_học .. viết tiêu_đề còn sai chính_tả .
Xem phố bolsa chỉ vì nhà tiên tri zũ trụ trần dần,0,Xem phố bolsa chỉ vì nhà tiên_tri zũ trụ trần dần
Thằng khốn nạn,2,Thằng khốn_nạn
Thời đại này sao có loại ác hơn giặc,2,Thời_đại này sao có loại ác hơn giặc
Mày nghỉ luôn cũng được. Phát ngôn tào lao fan nó unfollow hết bây giờ,1,Mày nghỉ luôn cũng được . Phát_ngôn tào_lao fan nó unfollow hết bây_giờ
"Duy Phạm ngu bớt lên tiếng lại, sẽ có 1 ngày nào đó cha mẹ,con cái mày bị tai nạn giao thông, lúc đó sẽ hiểu nổi đau, còn mày nên học nội quy giữ xe đi, người ta giữ xe, Đảm bảo xe không bị mất, chứ đâu đảm bảo hư hại,bản thân tao cũng vi phạm, vào thấ… Xem thêm",1,"Duy_Phạm_ngu bớt lên_tiếng lại , sẽ có 1 ngày nào đó cha_mẹ , con_cái mày bị tai_nạn giao_thông , lúc đó sẽ hiểu nổi đau , còn mày nên học nội_quy_giữ xe đi , người ta giữ xe , Đảm_bảo xe không bị mất , chứ đâu đảm_bảo hư_hại , bản_thân tao cũng vi_phạm , vào thấ … Xem thêm"
chia buồn cùng gia đình kid cận huyết sua chill lofi đưa bà già kid về nơi 9 suối,1,chia buồn cùng gia_đình kid cận_huyết sua chill lofi đưa bà_già kid về nơi 9 suối
idol m chừng nào lớn vậy Nguyễn Đức Long Minh Hùng,0,idol m chừng nào lớn vậy Nguyễn_Đức_Long_Minh Hùng
Đơn giảng vì luật pháp việt nam quá nhẹ tay và ko đủ tính răng đe. Nên tình trạng này cứ tiếp diễn hoài,0,Đơn_giảng vì luật_pháp việt_nam quá nhẹ_tay và ko đủ tính răng_đe . Nên tình_trạng này cứ tiếp_diễn hoài
Ghi k rõ rồi khóc lóc cái cái cái con con à,1,Ghi k rõ rồi khóc_lóc cái cái cái con_con à
Cái lozZZ,1,Cái lozZZ
đ.ụ m.ẹ mày ad cái link bấm vào coi chục cái QC nhảy ra,2,đ . ụ m . ẹ mày ad cái link bấm vào coi chục cái QC nhảy ra
Bọn giàu mà mang thua người nghèo nửa đm chán quá,1,Bọn giàu mà mang thua người nghèo nửa đm chán quá
Vui...!!!!,0,Vui .. ! !
Nguyễn Võ Hữu Châu cẩn thận mất việc nhé con,0,Nguyễn_Võ_Hữu_Châu cẩn_thận mất việc nhé con
Thầy bói🙃🙃🙃,0,Thầy bói 🙃 🙃
nó đu idol của nó một cách ngu muội mà =))) idol vô học sao fan vô học như vậy,1,nó đu_idol của nó một_cách ngu_muội mà =))_idol vô_học sao fan vô_học như_vậy
Yêu cô quá,0,Yêu cô quá
Mả cụ mày,2,Mả cụ mày
Đây mới 9 xác nha ace,0,Đây mới 9 xác nha ace
dmmmmmm thằng trọng tài,2,dmm thằng trọng_tài
Ông Philippe Troussier ơi !,0,Ông Philippe Troussier ơi !
m vs thg dog này giống nhau phết ngu + to mồm + thượng đẳng,2,m vs thg dog này giống nhau phết_ngu + to_mồm + thượng_đẳng
Vẫn có 1 người tặng quà va len thai cho mình mn ạ.,0,Vẫn có 1 người tặng quà va len_thai cho mình mn ạ .
trundlo ko co linh ma cap dc 2 cai tru luon,0,trundlo ko co_linh ma cap dc 2 cai_tru luon
Xin cái địt thằng cha mả tổ cụ kị con mẹ mày,2,Xin cái địt thằng_cha mả tổ cụ kị con mẹ mày
Địt cụ chúng nó muốn người dân chở về thời đồ đá mất rồi? Như thế này đỡ phải sử dụng phương tiện? Địt mẹ thằng nào nghĩ ra cái luật lồn này,2,Địt cụ chúng_nó muốn người_dân chở về thời_đồ đá mất rồi ?_Như thế_này đỡ phải sử_dụng phương_tiện ?_Địt mẹ thằng nào nghĩ ra cái luật lồn này
Đit mẹ thua cái thể loại này,2,Đit mẹ thua cái thể_loại này
Lam sao ma co the tha loi duoc cho nhung  nguoi an noi vo hoc thuc nhu the nay. Bo tay.,1,Lam_sao ma_co the tha_loi duoc cho nhung nguoi an_noi vo hoc thuc nhu_the nay . Bo_tay .
kéo fame,0,kéo fame
Đitme ngần ấy tuổi r mà k biết đóng cái khóa quần vào thằng đĩ vượn này,2,Đitme_ngần ấy tuổi r mà k biết đóng cái khóa quần vào thằng đĩ vượn này
cay hộ ông luôn đọc hết thấy 3 ông kia tự nhiên nhảy vào cắn tùm lum,0,cay hộ ông luôn đọc hết thấy 3 ông kia tự_nhiên nhảy vào cắn tùm lum
Thằng này bị cả hội eva bốc phốt mà dm thằng add còn cố đéo chịu hiểu mà đăng lên,2,Thằng này bị cả hội eva bốc_phốt mà dm thằng add còn cố đéo chịu hiểu mà đăng lên
Anh Hong thay cái kiểu như nay thì đừng tiếp chuyện nha. Dat Vu,0,Anh Hong thay cái kiểu như nay thì đừng tiếp_chuyện nha . Dat Vu
Địt mẹ thẻ đỏ coi,2,Địt mẹ thẻ_đỏ coi
trán ngắn tóc dài mồm lai trung cuốc.,1,trán ngắn_tóc dài mồm lai_trung_cuốc .
Tụt mẹ m ra cho nhanh đỡ phải mặc,1,Tụt mẹ m ra cho nhanh đỡ phải mặc
tốc chiến đỡ hơn ff,0,tốc chiến_đỡ hơn ff
Giờ phút hạn chế đi du lịch đi trời...,0,Giờ_phút hạn_chế đi du_lịch đi trời ..
So so cái địt bà mày,2,So so cái địt bà mày
"Sory cc, chưa qua đêm nay chính thức bay ac",1,"Sory cc , chưa qua đêm nay chính_thức bay ac"
lộ thêm chục bà mẹ đơn thân nữa :< . Mấy con ruồi phát sáng đang trong thời kì rụng trứng nên tụi nó mún mỗi tháng a cho 5 trịu :^,1,lộ thêm chục bà mẹ đơn_thân nữa : < . Mấy con ruồi phát sáng đang trong thời_kì rụng trứng nên tụi nó mún mỗi tháng a cho 5 trịu : ^
Thế đéo nào???????!?!!?????,1,Thế_đéo nào ? ? ! ? ! ! ? ?
Sau vụ phốt này t mới thấy tụi Fan Jack đốt với IQ thấp thật sự Kiểu ngu ngu kiểu gì ấy. T thấy ngại dùm. Mà cũng đúng. Thằng ai đồ nó dốt địt thế kia thì fan nó cũng thiểu năng ko khác gì.,2,Sau vụ phốt này t mới thấy tụi Fan Jack_đốt với IQ thấp thật_sự Kiểu_ngu ngu kiểu gì ấy . T thấy ngại dùm . Mà cũng đúng . Thằng ai đồ nó dốt địt thế kia thì fan nó cũng thiểu_năng ko khác gì .
nhưng thang ngu thương hay gay là mày đó troussier về pháp đi thang coho ..,2,nhưng thang ngu_thương hay gay là mày đó troussier về pháp đi thang coho ..
Phải làm cho tới cùng nhé,0,Phải làm cho tới cùng nhé
Bắt cặp hỏi chuyện ra đồng bọn,0,Bắt cặp hỏi chuyện ra đồng_bọn
Tụi này ác thật,1,Tụi này ác thật
Vl,1,Vl
Đm. Tao là CA thì tao có quyền nhé. Đm ad phản cmn động,2,Đm . Tao là CA thì tao có quyền nhé . Đm ad phản_cmn động
Đang đá mà onl được à. =)))),0,Đang đá mà onl được à . =))
Vãi cả cái còi ôm vòng theo cái ngực đô con 😂😂,1,Vãi cả cái còi ôm vòng theo cái ngực đô con 😂 😂
fan cứng?? thầy lồn cho tao fan cứng chúng mày ạ .. yêu thầy dấu bé ba = )),1,fan cứng ? ? thầy lồn cho tao fan cứng chúng_mày ạ .. yêu thầy dấu bé ba = ) )
0 bỏ qua pp,0,0 bỏ_qua pp
Chế độ nầy sắp tàn rồi nên hù thiên hạ !,1,Chế_độ nầy sắp tàn rồi nên hù thiên_hạ !
TheDog fuck you,2,TheDog fuck you
Cứ bắt rồi thả về lại đi hành nghề trộm cắp thì việt nam bao giờ mới hết trộm cắp được,0,Cứ bắt rồi thả về lại đi hành_nghề trộm_cắp thì việt_nam bao_giờ mới hết trộm_cắp được
toi dang xem gi vay,0,toi dang xem gi vay
m chắt đồng 3 là ỉa chảy mòm thì hay chê,1,m chắt đồng 3 là ỉa chảy mòm thì hay chê
"má vào đọc thấy đốm an ủi các kiểu t cười đau ruột :)) , kiểu 1 lũ k não v :))",2,"má vào đọc thấy đốm an_ủi các kiểu t cười đau ruột_:)) , kiểu 1 lũ k não v :))"
có cái DB bố mày tin ấy,2,có cái DB_bố mày tin ấy
"Đánh thì ngu còn toxic, dàn dựng ăn chia tiền kèo, r dính thêm cá độ :))))",1,"Đánh thì ngu còn toxic , dàn_dựng ăn_chia tiền kèo , r dính thêm cá_độ :))"
má nó đồ cho để người ta bán xoi mà nó cũng lấy xe người ta Dược nữa mong mấy anh cong an truy bắt tui. nó lấy xe lại trả cho em bán xôi,0,má nó đồ cho để người ta bán xoi mà nó cũng lấy xe người ta Dược nữa mong mấy anh cong an_truy bắt tui . nó lấy xe lại trả cho em bán xôi
Ngọc Thắng.. chở nửa đi. Vê mà cánh ly dần đi,0,Ngọc_Thắng .. chở nửa đi . Vê mà cánh_ly dần đi
Mai Hà vậy mày coi lại bình luận đầu tiên của mày đi . rồi mày biết mày nói ai . tao đã nói rồi vs như mày tao xin lỗi phải dùng từ ngữ như này để nói thôi . chứ người khác hoặc con chó của nhà tao tao cũng rất đàng hoàng đó,0,Mai Hà_vậy mày coi lại bình_luận đầu_tiên của mày đi . rồi mày biết mày nói ai . tao đã nói rồi vs như mày tao xin_lỗi phải dùng từ_ngữ như này để nói thôi . chứ người khác hoặc con chó của nhà tao tao cũng rất đàng_hoàng đó
Cái lol má mày không cho thẻ đỏ,2,Cái lol má mày không cho thẻ_đỏ
"đúng rồi. Fan tkg rách mới mất nhấn thức, còn đ’ nào tự nhận thì cứ vào mà nói :))",1,"đúng rồi . Fan tkg_rách mới mất nhấn_thức , còn đ ’ nào tự nhận thì cứ vào mà nói :))"
Coi mạng người như cỏ rác.,1,Coi mạng người như cỏ rác .
Đàn bà dễ có mấy tay_dinh thự của nữ đội trưởng đội chống buôn lậu,1,Đàn_bà dễ có mấy tay_dinh_thự của nữ đội_trưởng đội chống buôn_lậu
"Lên núi làm hảo hán, cướp của quan tham chia cho dân nghèo. Về đầu thú là tội chết.",1,"Lên núi làm hảo_hán , cướp của quan tham_chia cho dân_nghèo . Về đầu_thú là tội chết ."
bắc được chặc tay,1,bắc được chặc tay
nãy giờ dắk con nó ib chửi t quá trời,1,nãy giờ dắk con nó ib chửi t quá trời
Thà bợ đít cs chứ ko bợ đít lủ chó chúng mày,2,Thà_bợ đít cs chứ ko_bợ đít lủ chó chúng_mày
=))) chơi với bạn là lấy 3m/1 buổi share ?,0,=)) chơi với bạn là lấy 3 m / 1 buổi share ?
Đỗ Xuyên. Bình thuận kìa.,0,Đỗ_Xuyên . Bình_thuận kìa .
Gà thì chịu,1,Gà thì chịu
Mẹ cái thằng não chó.... dân ta nghèo mới mới làm vậy! Địt mẹ mày biết cái lồn gì mà phán? Pape ngày càng xàm lồn,2,Mẹ cái thằng não chó .. dân ta nghèo mới mới làm_vậy !_Địt mẹ mày biết cái lồn gì mà phán ?_Pape ngày_càng xàm lồn
Bóng già,2,Bóng già
Bọn này nó lừa mấy thằng muốn ăn ko trời quả báo,1,Bọn này nó lừa mấy thằng muốn ăn_ko trời quả báo
🤣🤣🤣,0,🤣 🤣
Quả báo sớm den voi tui mày,0,Quả báo sớm den voi tui mày
"Là một fan cứng 200 năm của anh mực, tôi thấy lối lên đồ nước mắt + lá chắn đi với mọi kèo thực sự rất mạnh, dù ai có nói gì tôi vẫn ủng hộ anh ta, cố lên anh mực",0,"Là một fan cứng 200 năm của anh mực , tôi thấy lối lên đồ nước_mắt + lá_chắn đi với mọi kèo thực_sự rất mạnh , dù ai có nói gì tôi vẫn ủng_hộ anh ta , cố lên anh mực"
bức xúc cái gì. Việc chẳng có lớn nếu nó không đăng bài nốc rượu... Bị mn chửi là sống bẩn vs thó 1 2 cạch mặt thì còn xem đằng này 7.8 người thì ăn chắc cái nhân cách r.,1,bức_xúc cái gì . Việc chẳng có lớn nếu nó không đăng bài nốc rượu .. Bị mn_chửi là sống bẩn vs_thó 1 2 cạch mặt thì còn xem đằng này 7.8 người thì ăn chắc cái nhân_cách r .
cái lol má mày thằng chó Qatar cút về quê hương m chăn bò đi. . Nhìn nó bắt lỗi cái mặt đúng đểu Qatar Fuck You Al-Adba,2,cái lol má mày thằng chó Qatar_cút về quê_hương m chăn bò đi . . Nhìn nó bắt lỗi cái mặt đúng đểu Qatar Fuck_You Al-Adba
hahha cay là gì v em Bị chưởi tới trang cá nhân r dell biết nhục nữa,0,hahha cay là gì v em Bị chưởi tới trang cá_nhân r dell biết nhục nữa
Bọn này bắt dc chặt tay nó,2,Bọn này bắt dc chặt tay nó
Ac nhơn,1,Ac nhơn
Con này bị thần kinh năng rồi moi người ơi.,2,Con này bị thần_kinh_năng rồi moi người ơi .
"ý là giống như m dù ngu tiếng việt nhưng vẫn hơn con lợn hả , cô chưa dạy m ngu thì đừng hay ra vẻ à, đến tên idol viết còn k nên thân, chắc m phải cay lắm nên mới viết sai hết như vậy, thôi trả điện thoại cho mẹ rồi ra tập viết đi :>",1,"ý là giống như m dù ngu tiếng việt nhưng vẫn hơn con lợn_hả , cô chưa dạy m ngu thì đừng hay ra_vẻ à , đến tên idol viết còn k nên thân , chắc m phải cay lắm nên mới viết sai hết như_vậy , thôi trả điện_thoại cho mẹ rồi ra tập viết đi : >"
Trời.tội nghiệp,0,Trời . tội_nghiệp
Trọng tài chó,2,Trọng_tài chó
bố cái thằng cầm nick ảo ra rep đcu nhà mày,2,bố cái thằng cầm nick ảo ra rep đcu nhà mày
Nguyễn Nam chửi tụi nó làm gì ôn ơi súc vật mà có hiểu tiếng người đâu,2,Nguyễn_Nam_chửi tụi nó làm_gì ôn ơi súc_vật mà có hiểu tiếng người đâu
đâu?? conten gì v.xử lý ngu cay bị hành r đổ thừa và bắt tao khen??? kkkkkk mày đã hài và tao đã cười,1,đâu ? ? conten gì v . xử_lý ngu_cay bị hành_r đổ thừa và bắt tao khen ? ? kk_mày đã hài và tao đã cười
Con chó đã cảnh báo mà cứ mê trai khg để ý.,1,Con chó đã cảnh_báo mà cứ mê_trai khg để_ý .
"Đủ trình k ???? Ảo tưởng thiểu năng, xấu còn đóng vai ác nữa ba :)))))",2,"Đủ trình k ? ? Ảo_tưởng thiểu_năng , xấu còn đóng vai_ác nữa ba :))"
"Anh Nhi đúng sai ? T nói ko đúng hay gì, nó trộm xe ngta xịt sơn rồi nói của nó, t kêu nó ra CA xem xe của ai. Sai chỗ nào ?",0,"Anh Nhi đúng sai ?_T nói ko đúng hay gì , nó trộm xe ngta xịt sơn rồi nói của nó , t kêu nó ra CA xem xe của ai . Sai chỗ nào ?"
2 thằng đều bẩn tính nhưng th q nó out trình th mực Nói r ngu thì câm,2,2 thằng đều bẩn_tính nhưng th q nó out_trình th_mực Nói r_ngu thì câm
Đág yêu thật sự,0,Đág_yêu thật_sự
Hoàng Hiệp KH ĐC SÓC E NHÉ,0,Hoàng_Hiệp_KH ĐC_SÓC E NHÉ
Ở quê vùng sâu vùng xa chỉ có mỗi cái TV xem vtv nên dân vẫn tin yêu đãng lắm!,0,Ở quê vùng_sâu_vùng_xa chỉ có mỗi cái TV xem vtv nên dân vẫn tin_yêu đãng lắm !
Loại mày ngu hết phần xúc vật... Mày nghĩ lỗi vì phạm Là Tội phạm à ? Tài sản của công dân là Cứt à... Mô hôi máu thịt mới có được cái phương tiện.... Đó nhé,2,Loại mày ngu hết phần xúc_vật .._Mày nghĩ lỗi vì phạm_Là Tội_phạm à ? Tài_sản của công_dân là Cứt à .. Mô_hôi máu thịt mới có được cái phương_tiện .. Đó nhé
Đị mẹ mày,2,Đị mẹ mày
https://www.facebook.com/iigiz3 nick fake thôi nick của nó đây cơ,0,https://ww.facebook.com/iigiz3 nick fake thôi_nick của nó đây cơ
Nhường chị đấy cho em đi,0,Nhường chị đấy cho em đi
loạn cực,1,loạn cực
So cái con mẹ m,2,So cái con mẹ m
Mẹ tao lạy,1,Mẹ tao lạy
You look like sh*t,2,You look like sh * t
"Làm như ở dưới gầm giường người ta mà nói, ad nói chuyện ngu vđ",1,"Làm như ở dưới gầm giường người ta mà nói , ad nói_chuyện ngu vđ"
abe ngầu lòi,0,abe ngầu lòi
Ok Haha k dám dùng acc chính mà dùng acc clone sủa hả em traiii . Đủ chất là làm chó của rác 5 củ rồi đó,2,Ok Haha_k dám dùng acc chính mà dùng acc clone sủa hả em traii . Đủ chất là làm chó của rác 5 củ rồi đó
Mong rằng những công dân Việt Nam đang ở bên Nhật Bản học tập và lao động luôn giữ được sức khỏe tốt. Và đồng thời chúc cho Nhật Bản nhanh chóng vượt qua đại nạn lần này ❤,0,Mong rằng những công_dân Việt_Nam đang ở bên Nhật_Bản học_tập và lao_động luôn giữ được sức khỏe tốt . Và đồng_thời chúc cho Nhật_Bản nhanh_chóng vượt qua đại_nạn lần này ❤
Biết là Nhật cũng có người này người kia nhưng chú bao nhiêu tuổi rồi mà hành động ấu trĩ như thế 😖😖😖,1,Biết là Nhật cũng có người này người kia nhưng chú bao_nhiêu tuổi rồi mà hành_động ấu_trĩ như_thế 😖 😖
có ai hỏi rank gì à =))))))) tự hào mực con rank ct à hahahah,0,có ai hỏi rank gì à =)) tự_hào_mực con rank ct à hahahah
Ở nhà với a Chip già :(,0,Ở nhà với a Chip_già : (
Ngọc Như chắc là sẽ bíu ty phun lắm đâyyy,0,Ngọc_Như chắc là sẽ bíu_ty phun lắm đâyy
Cái đm,1,Cái đm
Nhục hơn cả chó,2,Nhục hơn cả chó
M mù ak,1,M mù ak
Lũ khốn nạn chúng mày sẽ phải trả giá thôi,2,Lũ khốn_nạn chúng_mày sẽ phải trả_giá thôi
Cho nó ngáp cho nó chừa Cho mày tin cs nhe con,1,Cho nó ngáp cho nó chừa Cho_mày tin cs nhe con
Bay nick haha,0,Bay nick haha
Toan Le ngài cái đcmm ah,2,Toan_Le ngài cái đcmm ah
có thật là rank dct k v đánh cái rank bk thôi mà trông áp lực thế,0,có thật là rank dct k v đánh cái rank bk thôi mà trông áp_lực thế
Đéo làm even nho nhỏ giải nghiệp đi abe :)),1,Đéo làm even nho_nhỏ giải_nghiệp đi abe :))
Công an vào cuộc chắc sớm bắt đc thôi giờ chạy sao cho thoát? Bắt ca bọn luôn,0,Công_an vào_cuộc chắc sớm bắt_đc thôi giờ chạy sao cho thoát ? Bắt_ca bọn luôn
gì vậy má nó có thật là nó bán cho báo lá cải nó tung rồi chứ đâu rãnh tung chùa cho bà xem miễn phí vậy. Chắc ba ghi âm làm nhạc cùng nhau rồi khịa nói tung lên thôi. Nó mà làm vậy ai dám làm việc chung với nó. Bình Gold tặng nó bài diss chưa sợ ak,0,gì vậy má nó có thật là nó bán cho báo lá cải nó tung rồi chứ đâu rãnh_tung chùa cho bà xem miễn_phí vậy . Chắc ba ghi_âm làm nhạc cùng nhau rồi khịa nói tung lên thôi . Nó mà làm_vậy ai dám làm_việc chung với nó . Bình_Gold tặng nó bài diss chưa sợ ak
Rồi kiện chưa,0,Rồi kiện chưa
Lên top chỉ qua được ng ta ủng hộ sau vụ việc thg KICM nhạc dell hay chổ nào,1,Lên top chỉ qua được ng ta ủng_hộ sau vụ_việc thg KICM_nhạc dell hay chổ nào
Quang Huy thế nghe j là giáo viên tiểu học chưa,0,Quang Huy_thế nghe j là giáo_viên tiểu_học chưa
Sr cái lol mẹ mày,2,Sr cái lol mẹ mày
Bạn cố chấp và đang phá nền bóng đá vn,0,Bạn cố_chấp và đang phá nền bóng_đá vn
Trọng tài như cái đầu b**,2,Trọng_tài như cái đầu b * *
hẳn đi tù :)) nói câu như cái gì cũng biết,0,hẳn đi tù_:)) nói câu như cái gì cũng biết
"Mày chửi LQ xong bị thằng âm binh 11 nó lừa cho hơn trăm triệu, nhục mặt, gậy mày đập vào mặt mày ,đáng đời, chửi người ta làm sao mày gánh hết.",2,"Mày chửi LQ xong bị thằng âm_binh 11 nó lừa cho hơn trăm triệu , nhục_mặt , gậy mày đập vào mặt_mày , đáng đời , chửi người ta làm_sao mày gánh hết ."
đcm. phạt! phạt cái loz. cáu!!!,1,đcm . phạt !_phạt cái loz . cáu ! !
giải trí điên =)))),0,giải_trí điên_=))
Chỗ xe này riêng tiền hút xăng cũng nuôi được bố mẹ rồi,0,Chỗ xe này riêng tiền hút xăng cũng nuôi được bố_mẹ rồi
"anh yêu em, cưới ah đi",0,"anh yêu em , cưới ah đi"
Đại cao thủ bú win mới đúng chứ hết thời cái đầu buồi,1,Đại cao_thủ bú win mới đúng chứ hết thời cái đầu buồi
còn mình không đồng ý khi bảo bộ đội là chính quyền,0,còn mình không đồng_ý khi bảo bộ_đội là chính_quyền
"tớ khởi nghiệp bán giày Authentic , bạn nào có nhu cầu mang giày real đi chơi Tết ib mình nha Duh Thrift Store",0,"tớ khởi_nghiệp bán giày_Authentic , bạn nào có nhu_cầu mang giày real đi chơi Tết ib mình nha Duh_Thrift Store"
"đáng, thua là đáng :)))",0,"đáng , thua là đáng :))"
Lo ăn lo cướp tối đa thì lãnh đạo gì,1,Lo ăn lo cướp tối_đa thì lãnh_đạo gì
"Đĩ mẹ nhung, lựa đi em",2,"Đĩ mẹ nhung , lựa đi em"
Cần info Áo.,0,Cần info_Áo .
Đập tai nghe đập cù chỏ đây rồiiii :>,0,Đập tai nghe đập cù_chỏ đây rồii : >
Dờ.... đéo phải đờ nghe chưa thằng hl :3,2,Dờ .. đéo phải đờ nghe chưa thằng hl : 3
Cmm mù à,1,Cmm mù à
từ khi nào đụ người ta rồi bỏ được tung hô nhỉ :))) Victim blaming vừa thôi ước gì đầu mấy fan rách nó sáng chứ không phải là đít,1,từ khi nào đụ người ta rồi bỏ được tung hô nhỉ :)) Victim_blaming vừa thôi_ước gì đầu mấy fan rách nó sáng chứ không phải là đít
Đm dlv bơi hết vào đây,1,Đm dlv bơi hết vào đây
Tội cho chồng cô ấy,0,Tội cho chồng cô ấy
Quan vn chúng nó tham vl...địt con mẹ lũ quan tham,2,Quan vn chúng_nó tham_vl .. địt con mẹ lũ quan tham
đến lúc vr tung ra hàng loạt tật xấu thg rách thì nó mới khiếp chứ h nó còn khinh thường lắm,1,đến lúc vr tung ra hàng_loạt tật xấu thg_rách thì nó mới khiếp chứ h nó còn khinh_thường lắm
kêu thằng rẻ jack idol m chịu trách nhiệm vì k bao đi xong anh t chịu trách nhiệm cho,1,kêu thằng rẻ jack idol m chịu trách_nhiệm vì k bao đi xong anh t chịu trách_nhiệm cho
trình m đến đâu ?,0,trình m đến đâu ?
Gái mẹ n,2,Gái mẹ n
H content là z ha mn . Kiểu xem khá ức chế khi chiêu hụt là chửi thề hò hét vcl=),0,H content là z ha mn . Kiểu xem khá ức_chế khi chiêu_hụt là chửi thề hò_hét vcl = )
má coi y chang như nó nhìn mình nó chửi vậy. lol,1,má coi y_chang như nó nhìn mình nó chửi vậy . lol
giữ xe thu tiền mà mày nói vậy nghe sao được,0,giữ xe thu tiền mà mày nói vậy nghe sao được
Anh Duck sao mà nó liên mồm được nhỉ =)),0,Anh Duck_sao mà nó liên_mồm được nhỉ =))
Dm... bạn ở đâu mà hỏi câu dốt vậy.... ở vn .... công an... làm gì cũng được.,1,Dm .. bạn ở đâu mà hỏi câu dốt vậy .. ở vn .. công_an .. làm gì cũng được .
Bắt xong xl chắc tao đập chetme mày quáaa =)),2,Bắt xong xl chắc tao đập chetme mày quáaa =))
phò cũng là 1 nghề chân chính đấy đm thằng ad,2,phò cũng là 1 nghề chân_chính đấy đm thằng ad
"Bị chửi nhiều quá xong bày đặt trả vờ đăng stt ""nghĩ content gì tiếp đây"" :)) người ta diễn để tạo content không nói. Đây cư xử như 1 con chó ngu, nói toàn Xưng Bố với mày, người ta thì Anh-em, trông chẳng tôn trọng ai cả. Nhân cách thối",2,"Bị chửi nhiều quá xong bày đặt trả_vờ đăng_stt "" nghĩ content gì tiếp đây "" :)) người ta diễn để tạo content không nói . Đây cư_xử như 1 con chó ngu , nói toàn Xưng_Bố với mày , người ta thì Anh-em , trông chẳng tôn_trọng ai cả . Nhân_cách thối"
Sorry con cak,1,Sorry con cak
Tởm l dmm,1,Tởm l dmm
Đm cú vl,1,Đm cú vl
Dẹo dẹo cho cố,1,Dẹo dẹo cho cố
ngu lol cay quài dị kkkk. nhục lol,1,ngu lol cay quài dị_kk . nhục lol
Nguyễn chả bù chỗ bạn hành xe máy còn đắt hơn cả ô tô =)))),0,Nguyễn_chả_bù chỗ bạn hành xe_máy còn đắt hơn cả ô_tô =))
Lỗi cái lok,1,Lỗi cái lok
vậy mày vô đây sủa làm cc gì tml,2,vậy mày vô đây sủa làm cc gì tml
"Đù dại ghê, bọn đấy ngày nào nó cũng lên Phường xiên cho nó 1 cái, đuợc tiếng luôn, vào khám mấy anh chị cũng thương, xiên hết mọi thằng trên Phường luôn cho nó Sum",1,"Đù dại ghê , bọn đấy ngày nào nó cũng lên Phường xiên cho nó 1 cái , được tiếng luôn , vào khám mấy anh_chị cũng thương , xiên hết mọi thằng trên Phường luôn cho nó Sum"
Mã cha cụ mày,2,Mã_cha cụ mày
"Nó đi 2 xe 4 thằng, trộm cướp giống người vậy...",1,"Nó đi 2 xe 4 thằng , trộm_cướp giống người vậy .."
Mời Dì Hai (ca sỹ Tuấn Phong) đi Anh Chị ❤️❤️,0,Mời Dì_Hai ( ca_sỹ Tuấn_Phong ) đi Anh_Chị ❤ ️_❤ ️
Thấy trai là tớn lên,0,Thấy trai là tớn lên
Xứ sở chộm cướp,0,Xứ_sở chộm cướp
Ra tay nhanh lẹ thiệt,0,Ra_tay nhanh lẹ thiệt
Sorry Việt Nam =)))?? FAKE?,0,Sorry Việt_Nam =)) ? ?_FAKE ?
Dân Hà tĩnh công nhận lắm đệ tử của Ducangter thật,0,Dân Hà_tĩnh công_nhận lắm đệ_tử của Ducangter thật
"Lời thật lòng gửi bạn : Rất thương và nể những người lao động chân chính như bạn.Nhưng loại hình bạn kinh doanh, mặt hàng cũng có rất nhiều người làm.Vì vậy bạn cứ làm việc nghiêm túc tự nhiên sẽ không còn những chuyện bực dọc và công việc sẽ tiếp tục thận lợi.✊",0,"Lời thật lòng gửi bạn : Rất thương và nể những người lao_động chân_chính như bạn . Nhưng loại_hình bạn kinh_doanh , mặt_hàng cũng có rất nhiều người làm . Vì_vậy bạn cứ làm_việc nghiêm_túc tự_nhiên sẽ không còn những chuyện bực_dọc và công_việc sẽ tiếp_tục thận_lợi . ✊"
Đang khoe đú trend mà nhớ nhung gì dở đây má ><,0,Đang khoe đú trend mà nhớ_nhung gì dở đây má > <
thế còn cái sự thật vụ chối bỏ con thì sao ạ:lll,0,thế còn cái sự_thật vụ chối_bỏ con thì sao ạ : ll
thì lũ rẻ jack cấp 1 ở đâu chả giống nhau,1,thì lũ rẻ jack cấp 1 ở đâu chả giống nhau
"ở nhà live không sợ nhục, chứ ra đường để nhta chỉ chỉ trỏ trỏ có khóc như cho’ không=))",1,"ở nhà live không sợ_nhục , chứ ra đường để nhta chỉ chỉ trỏ trỏ có khóc như cho ’ không =))"
Hữu Khánh ờ chắc số khung xe để trưng,0,Hữu_Khánh_ờ chắc số khung xe để trưng
vé máy bay giảm mn đi du lịch Châu Âu nhiều nhỉ :))),0,vé máy_bay giảm mn đi du_lịch Châu_Âu nhiều nhỉ :))
"Ông tập trung đánh trụ là win r , còn ngựa ngựa quay qua combo con LB",0,"Ông tập_trung đánh trụ là win r , còn ngựa ngựa quay qua combo con LB"
Ủng hộ công ty ủng hộ Jack,0,Ủng_hộ công_ty ủng_hộ Jack
Con chó có biểu hiện lạ .. nó đã phát hiện ra điều gì đó,0,Con chó có biểu_hiện lạ_.. nó đã phát_hiện ra điều gì đó
cay chưa thằng đầu tôm :)),1,cay chưa thằng đầu tôm :))
Ủa tưởng a nghỉ,0,Ủa tưởng a nghỉ
Chấn bé đù =))),1,Chấn bé đù =))
Quỳnh Trang đọc máu t nó sôi sục sục,0,Quỳnh_Trang đọc máu t nó sôi_sục sục
Có tiền mà xài không dc cũng zay... 😂😂,0,Có tiền mà xài không dc cũng zay .. 😂 😂
tính tiền cho thầy :v,0,tính tiền cho thầy : v
Xã hội bồng bềnh.,1,Xã_hội bồng_bềnh .
Sorry? Cmm,1,Sorry ? Cmm
Bắc kì bắc kỳ bắc kỳ lêu lêu :)),2,Bắc_kì bắc kỳ bắc kỳ_lêu lêu :))
Cực kì khuyết tật,1,Cực_kì khuyết_tật
Đm thằng trọng tài,2,Đm thằng trọng_tài
Admin ban bỏ những thằng câu like chúc năm mới giúp với. Dị ứng bọn này vl,2,Admin ban bỏ những thằng câu like chúc năm mới giúp với . Dị_ứng bọn này vl
Ra đường nhớ cằm theo não,1,Ra đường nhớ cằm theo não
Cô nghỉ livestream 3 ngày là biết cô nhìn thấy gì rồi luôn :)),0,Cô nghỉ livestream 3 ngày là biết cô nhìn thấy gì rồi luôn :))
Sory con me may,2,Sory con me may
V: ai đó giải thích cho em cái gì ló ra đằng sau kia,0,V : ai đó giải_thích cho em cái gì ló ra đằng sau kia
Xin lỗi cái địt thằng cụ mài,2,Xin_lỗi cái địt thằng cụ mài
Roi thang be con song k e toi qua vay,0,Roi_thang be con song k e_toi qua vay
Mọi người thấy ông thua ngoo do không chịu đánh nhà còn tôi thấy 3 Q ra đất,1,Mọi người thấy ông thua ngoo do không chịu đánh nhà còn tôi thấy 3 Q ra đất
Nhạc lần này của ổng m.n phải nghe nhiều mới hay 😅,0,Nhạc lần này của ổng m . n phải nghe nhiều mới hay 😅
thằng k b’ nhận tkg là tkg fan rách vậy thôi!,2,thằng k b ’ nhận tkg là tkg fan rách vậy thôi !
"Mấy thằng cho để,",2,"Mấy thằng cho để ,"
"Bà nầy nói chuyện ko có văn hoá , ko biết xấu hổ",1,"Bà nầy nói_chuyện ko có văn_hóa , ko biết xấu_hổ"
Bắt đc đập chết me chung no di,2,Bắt đc đập chết me chung no di
não chó thì câm đi,1,não chó thì câm đi
"May Cha  H O an Tro. Cap.  Ranh c. Di ngoi le.  Nhieu chuyen.  Do   Cai Thu , do tam than",2,"May_Cha H_O an_Tro . Cap . Ranh_c . Di ngoi_le . Nhieu chuyen . Do Cai_Thu , do tam_than"
Bắt như mắt mù! Ông xem lại xem những tình huống ông bắt đi! Ông là trọng tài phai công bằng! Ông cũng đi lên từ cầu thủ đấy! Bắt như thế ông nên nghỉ đi! Gây bức xúc cho dân tình,1,Bắt như mắt mù !_Ông xem_lại xem những tình_huống ông bắt đi !_Ông là trọng_tài phai công_bằng !_Ông cũng đi lên từ cầu_thủ đấy !_Bắt như_thế ông nên nghỉ đi ! Gây bức_xúc cho dân_tình
Cũng ủng hộ ông trouie từ đầu tới cuôia,0,Cũng ủng_hộ ông trouie từ đầu tới cuôia
ngu lol bị vả dél biet nhục.kkkkk cay thoi cay quá phải vào fb chửi. đúng trẻ rranh,1,ngu lol bị vả dél biet_nhục . kk cay thoi cay quá phải vào fb chửi . đúng trẻ rranh
Keu con linh cá lóc về vn đi c hiếu đập vô mặt nó,1,Keu con linh cá_lóc về vn đi c hiếu_đập vô_mặt nó
BỌN LINH CẢU ĐẦY ĐƯỜNG,2,BỌN LINH_CẢU ĐẦY ĐƯỜNG
Thối nát lắm r,1,Thối nát lắm r
5 nghin do cai dau buoi toan mom,1,5 nghin do cai_dau buoi_toan mom
bú win à,1,bú win à
"Tội nghiệp em bán xôi,đm thứ trâu bò cũng không bền đâu sẽ có quả báo",2,"Tội_nghiệp em bán_xôi , đm thứ trâu_bò cũng không bền đâu sẽ có quả báo"
Xấu vlol,1,Xấu vlol
Má đọc tn mà máu chó chứ tr,1,Má đọc tn mà máu chó chứ tr
Anh Việt ăn bưởi k,0,Anh Việt ăn bưởi k
Người Mê Viết rồi liên quan gì đến mà vô cmt ghét thì chặn đi ai mượn xem,0,Người Mê_Viết rồi liên_quan gì đến mà vô_cmt ghét thì chặn đi ai mượn xem
"vãi lôn, cái kèo rank bk lỏ cũng up là shao anh",1,"vãi lôn , cái kèo rank bk lỏ cũng up là shao anh"
Đu càng sang cali đi thằng con roi phản động,2,Đu càng sang cali đi thằng con roi phản_động
"m đi kêu thằng virus ra mặt đối chất hộ tao cái, chứ đúng quá sao xóa clip rồi trốn luôn ko chịu phản hồi khi ngta liên hệ ,m đọc cái thông báo cty nó mà m ko hiểu hả ? Nhận thức m để rớt đũn quần hay gì",1,"m đi kêu thằng virus ra mặt đối_chất hộ tao cái , chứ đúng quá sao xóa clip rồi trốn luôn ko_chịu phản_hồi khi ngta liên_hệ , m đọc cái thông_báo cty nó mà m ko hiểu hả ? Nhận_thức m để rớt đũn_quần hay gì"
Tạm giam mà còn lên fb ns phét đc nể cái pháp luận thật,1,Tạm giam mà_còn lên fb ns phét đc_nể cái pháp_luận thật
Bắc kỳ cũng là người vn mà nó chửi như có sách con này k bỏ qua cho nó được,1,Bắc_kỳ cũng là người vn mà nó chửi như có sách con này k bỏ_qua cho nó được
"phú bà ơi anh yêu em , em lấy anh đi",0,"phú bà ơi anh yêu em , em lấy anh đi"
Haaaaaaaaaaaaaaaaa.,0,Haa .
Não chó,1,Não chó
Dàn cảnh. Có ăn chia nên lộng hành...,0,Dàn_cảnh . Có ăn_chia nên lộng_hành ..
May thang nay roi cung phai tra gia dat thoi,0,May_thang nay roi cung phai_tra gia_dat thoi
Như thằng trẩu :)) bảo sao cái đầu mãi đéo lớn,1,Như thằng trẩu :)) bảo sao cái đầu mãi đéo lớn
Phong Nguyen zị đó he,0,Phong Nguyen_zị đó he
"Hiệp Đinh m muốn đi hiến máu giúp họ, nhưg khi hiến rồi mới biết bị nhiễm thì sao hả thằng bàn phím , đầu to mà óc cứ như củ cứt 🤗🤗🤗",1,"Hiệp Đinh_m muốn đi hiến máu giúp họ , nhưg khi hiến rồi mới biết bị nhiễm thì sao hả thằng bàn_phím , đầu to mà_óc cứ như củ cứt 🤗 🤗"
"Xe mới bị xử phạt, nó méo thèm quan tâm. Đám dân đen như mình dám ý kiến",0,"Xe mới bị xử_phạt , nó méo_thèm quan_tâm . Đám dân đen như mình dám ý_kiến"
"Ae bình tĩnh, acc fake",0,"Ae bình_tĩnh , acc fake"
Ok Haha :))) bố 1989 đấy conn zai ạ . Bọn không có nhân cách thì cứ phải chửi thôi,1,Ok Haha :))_bố 1989 đấy conn zai ạ . Bọn không có nhân_cách thì cứ phải chửi thôi
Fuck mẹ m,2,Fuck mẹ m
Feed tụt lz xàm cứt,1,Feed tụt lz xàm cứt
Nó khóc là vì lũ xủ nó( đồng bon) vẫn còn ngồi trên kia phán xét sinh mang nó,1,Nó khóc là vì lũ xủ nó ( đồng_bon ) vẫn còn ngồi trên kia phán xét_sinh mang nó
Máy bọn này chặt tay nó lun àk,2,Máy bọn này chặt tay nó lun àk
Bác Trần Dần năm nay bác cũng già đi nhiều rồi.Bác cố gắng giữ gìn sức khỏe để vượt qua mua dịch này❤️❤️❤️,0,Bác Trần_Dần năm nay bác cũng già đi nhiều rồi . Bác cố_gắng giữ_gìn sức_khỏe để vượt qua mua dịch này ❤_️ ❤_️ ❤ ️
Nguyễn Quang Minh óc ch.o,1,Nguyễn_Quang_Minh_óc ch . o
Xin lỗi Việt Nam ? Muộn rồi,0,Xin_lỗi Việt_Nam ?_Muộn rồi
thằng ad này não bị delay 3 năm à :)),1,thằng ad này não bị delay 3 năm à :))
ViruSs vừa lên bài chửi thẳng mặt Jack lun rồi nhé quả này căng phết rồi đấy Link bài đây https://fecabookk.com/posts/id=10065010324009568,0,ViruSs vừa lên bài chửi thẳng mặt Jack_lun rồi nhé_quả này căng phết rồi đấy Link bài đây https://fecabookk.com/posts/id=10065010324009568
"Éc, ko cần tiêm hockmon mà cũng nữ tính vậy luôn.",0,"Éc , ko cần tiêm hockmon mà cũng nữ tính vậy luôn ."
Bọn cặn bả xã hội,2,Bọn cặn_bả xã_hội
Công bằng chỗ nào:)?,0,Công_bằng chỗ nào :) ?
So máu lz đitba thằng bị thận này,2,So máu lz đitba thằng bị thận này
Sorry cái loll,1,Sorry cái loll
"ít lên tiếng cl, chuyện gì nó chả lôi công ty ra nói, bản chất rẻ Rách",1,"ít lên_tiếng cl , chuyện gì nó chả_lôi công_ty ra nói , bản_chất rẻ Rách"
Chống tham nhũng ở ViêtNam như kiểu con Mèo ăn miếng mỡ thì bắt được còn Còn cọp ăn con hươu thì đeoa bắt đc,1,Chống tham_nhũng ở ViêtNam như kiểu con Mèo ăn_miếng mỡ thì bắt được còn Còn cọp ăn con hươu thì đeoa bắt đc
Mấy người bịt khẩu trang tốt nhất là đề phòng,0,Mấy người bịt khẩu_trang tốt nhất là đề_phòng
Best cà khịa =)),0,Best cà_khịa =))
Tui vẫn ủng họ cổ vũ hlv trường vs cả đội vn,0,Tui vẫn ủng họ cổ_vũ hlv_trường vs cả đội vn
qua nó chơi 2 game thua cả 2 . Duo vs th 1-8 game sau 1-7 . Nó jg âm 1 mạng cả 2 game =)) trình k có ảnh cay,1,qua nó chơi 2 game thua cả 2 . Duo vs th 1-8 game sau 1-7 . Nó jg_âm 1 mạng cả 2 game =))_trình k có ảnh cay
"còn live đó , xem thử đi =))",0,"còn live đó , xem thử đi =))"
đã phạt chúng tôi rồi bg con xin lỗi,0,đã phạt chúng_tôi rồi bg con xin_lỗi
Xã hội h nhiều thể loại thượng đẳng hay đánh hội đồng kẻ yếu,1,Xã_hội h nhiều thể_loại thượng_đẳng hay đánh hội_đồng kẻ yếu
Đcmm đi chết đi:)),2,Đcmm đi chết đi :))
xàm lồn,1,xàm lồn
ảnh cay =))))),0,ảnh cay =))
đm bọn trung quốc chó,2,đm bọn trung_quốc chó
Quốc Thắng bảo sao top mình lúc nào cũng yếu,0,Quốc_Thắng bảo sao top mình lúc_nào cũng yếu
tao cười ia ve may troussier a xl,1,tao cười ia_ve may troussier a xl
Dân InDo thì m nge làm lol gì??? K thích thì câm họng lại ok chưa lên đây sủa làm cc gì.,1,Dân InDo thì m nge làm lol gì ? ? K_thích thì câm_họng lại ok chưa lên đây sủa làm cc gì .
chẳng phải thiên đường người ta di chuyển bằng cách cưỡi mây hay sao ? lẽ ra họ chỉ xây cầu bằng xốp thôi.... nhưng vì lương tâm của người kongsan nên họ cho vào thêm bê tông và ít cốt thép đấy ! bà con ở thiên đường cứ học cái tính càm ràm vớ vẫn của bọn giãy chết !,1,chẳng phải thiên_đường người ta di_chuyển bằng cách cưỡi mây hay sao ?_lẽ_ra họ chỉ xây cầu bằng xốp thôi .. nhưng vì lương_tâm của người kongsan nên họ cho vào thêm bê_tông và ít_cốt thép đấy ! bà_con ở thiên_đường cứ học cái tính càm ràm vớ vẫn của bọn giãy_chết !
"miệng thối rẻ rách, câm đi thằng ngu",2,"miệng thối rẻ_rách , câm đi thằng ngu"
"Thật sự từ lúc chưa có drama tôi đã thấy th này nó cứ đơ đơ thế nào ý, trông nó đánh như mấy th vàng rách mà cũng lên live. Cách nói chuyện thì như cái th thiểu năng, đ ngửi nổi",2,"Thật_sự từ lúc chưa có drama tôi đã thấy th này nó cứ đơ_đơ thế_nào ý , trông nó đánh như mấy th vàng rách mà cũng lên live . Cách nói_chuyện thì như cái th_thiểu_năng , đ ngửi nổi"
cố lênn tâm sự nhà single mom haha,0,cố lênn tâm_sự nhà single mom haha
Xin cái địt bà nhà mày,2,Xin cái địt bà nhà mày
Đúng là tàn ác hơn loại con trùng . K có gì tả nổi . Mong cơ quang ra luật trộm cấp xe bị chung thân,2,Đúng là tàn_ác hơn loại con_trùng . K có gì tả nổi . Mong cơ_quang ra luật trộm cấp xe bị chung_thân
Láo,1,Láo
Cắt con cặc m ra rồi tụi t còn thể suy nghĩ,2,Cắt con cặc m ra rồi tụi t còn_thể suy_nghĩ
Xem ma tuc oi mau. Co 2 hop xoi no no long nao no an giut. No an 2 goi xoi do no trao mau,1,Xem ma tuc oi_mau . Co 2 hop xoi no no long nao no an_giut . No_an 2 goi xoi do no trao mau
Jack nuôi cmay đồng nào mà cmay bảo phảu bồi thường cho idol của chúng m thế haha,1,Jack nuôi cmay đồng nào mà cmay bảo phảu bồi_thường cho idol của chúng m thế haha
Không phải tụi nó sợ mà tụi nó thù dai. Vì tụi nó là lũ sức sinh.,2,Không phải tụi nó sợ mà tụi nó thù_dai . Vì tụi nó là lũ sức_sinh .
Cút đi,1,Cút đi
Đừng có mơ nữa đóng thêm tiền giữ xe nữa,0,Đừng có mơ nữa đóng thêm tiền giữ xe nữa
Dlv sủa hộ ?,1,Dlv sủa hộ ?
đcm sound effect đỉnh vc,0,đcm sound effect đỉnh vc
Con này đang tụng kinh hay đag đọc ráp vậy trời,0,Con này đang tụng kinh hay đag đọc ráp vậy trời
Diện Trần có con rồi mà như thằng trẩu :)),2,Diện Trần có con rồi mà như thằng trẩu :))
Yeu nhau ko bao giờ được dụ nha anh . Nhưng mà phải Liếm lôn nha a 🤣🤣🤣🤣🤣🤣,1,Yeu nhau ko bao_giờ được dụ nha anh . Nhưng_mà phải Liếm lôn_nha a_🤣 🤣
"3 thanh niên sức dài vai rộng, k làm mà đi ăn trộm xe của cô gái",1,"3 thanh_niên sức dài vai rộng , k làm mà đi ăn_trộm xe của cô gái"
Giống giọng mèo xi măng vậy,0,Giống giọng mèo xi_măng vậy
Dm lũ quan tham bán nước.,2,Dm lũ_quan tham_bán nước .
Ủa mày làm chi dị rồi mày nói xin lỗi ủa mày xin lỗi rồi tỉ số có gỡ lại đc ko,1,Ủa mày làm chi_dị rồi mày nói xin_lỗi ủa_mày xin_lỗi rồi tỉ_số có gỡ lại đc ko
Đồng bọn phối hợp !,0,Đồng_bọn phối_hợp !
Khổ cho cô gái bán xôi,0,Khổ cho cô gái bán_xôi
Sa thải HLV này ngay và luôn,1,Sa_thải HLV này ngay và luôn
Con nay dien nang qua,2,Con nay dien_nang qua
mấy cái thứ bắt chước trộm hình của người khác như mày muôn đời nát. Kinh tởm. Người ta đăng từ hôm qua thì mày ăn cắp hình rồi comment lại câu view hả mày? Tưởng vậy hay ho nhưng ko ai ngu như mày để mày qua mặt đâu.,2,mấy cái thứ bắt_chước trộm_hình của người khác như mày muôn đời_nát . Kinh_tởm . Người ta đăng từ hôm_qua thì mày ăn_cắp hình rồi comment lại câu view hả mày ?_Tưởng vậy hay ho nhưng ko ai ngu như mày để mày qua_mặt đâu .
"Phương Dung Nguyễn chị chơi vậy, ai đ* chị",1,"Phương_Dung Nguyễn_chị chơi vậy , ai đ * chị"
"em thấy chị cũng còn tươi á, hay ra cho a tứn phối giống rồi chị tự nuôi con 1 mình đi chị",0,"em thấy chị cũng còn tươi_á , hay ra cho a_tứn phối giống rồi chị tự nuôi con 1 mình đi chị"
Bọn này bắt được nên bắn chết,1,Bọn này bắt được nên bắn chết
BeKia dùng kungphu muray v mà mắt trong tài để đâu vậy,0,BeKia dùng kungphu muray v mà mắt trong tài để đâu vậy
dàn cảnh rất nhuần nhuyễn.,0,dàn cảnh rất nhuần_nhuyễn .
Sory cái đm mày,2,Sory cái đm mày
Lê Đức Minh đến giờ vẫn thành công mà ?,0,Lê_Đức_Minh đến giờ vẫn thành_công mà ?
Thơ Tỷ,0,Thơ Tỷ
Ns thật đừng buồn do ông ngu vãi lzz,1,Ns thật đừng buồn do ông ngu vãi lzz
Hết thời,1,Hết thời
"Không phải tự nhiên bỏ công ty rồi làm vẻ tội nghiệp được đàn anh và bên faptv cứu xong giờ hỏi xem họ có coi ra gì ko, bỏ vợ bỏ con, khinh thường đàn anh, làm màu trên sân khấu bao nhiêu show bị khán giả chê, dính bản quyền gần nhất là ido… Xem thêm",0,"Không phải tự_nhiên bỏ công_ty rồi làm vẻ tội_nghiệp được đàn_anh và bên faptv cứu xong giờ hỏi xem họ có coi ra gì ko , bỏ vợ bỏ con , khinh_thường đàn_anh , làm màu trên sân_khấu bao_nhiêu show bị khán_giả chê , dính bản_quyền gần nhất là ido … Xem thêm"
Ông biến khỏi Việt Nam chúng tôi đi đồ HLV đầu bò trả hiểu gì về bóng đá Việt Nam,1,Ông biến khỏi Việt_Nam chúng_tôi đi đồ HLV đầu_bò trả hiểu gì về bóng_đá Việt_Nam
thầy lồn,2,thầy lồn
Nhét con kia vào quan tài giùm tao cái. Clm nó,2,Nhét con kia vào quan_tài giùm tao cái . Clm nó
thằng bạc rách bú của ai chụp z,2,thằng bạc rách_bú của ai chụp z
Kai dit lon mẹ nhà mày trọng tài lôn,2,Kai dit lon mẹ nhà mày trọng_tài lôn
Anh chính thức thành kẻ thù không đội trời chung của đám dâm lợn viên. Hihi,1,Anh chính_thức thành kẻ_thù không đội trời chung của đám_dâm lợn_viên . Hihi
"Chúng nó giỏi thế mà không lấy của nhà giàu,lại đi lừa nhà nghèo nhỉ",0,"Chúng_nó giỏi thế mà không lấy của nhà giàu , lại đi lừa nhà nghèo nhỉ"
why cái lồn mẹ mày,2,why cái lồn mẹ mày
độ bad trip 😞,0,độ bad trip 😞
spam kinh quá Mạnh chưa j lôi bố mẹ ra rồi hả Ruồi Mạnh biết phát sáng,1,spam kinh quá Mạnh chưa j lôi bố_mẹ ra rồi hả Ruồi_Mạnh biết phát sáng
"Chó cắn áo rách,khổ thật",1,"Chó cắn áo_rách , khổ thật"
"m bênh con nhỏ cmt, con đó bênh rách thì khác đéo j m bênh rách nhỉ? ko bt đứa nào ko có não. Đã ngu thì nín",2,"m bênh con nhỏ cmt , con đó bênh rách thì khác đéo j m bênh rách_nhỉ ? ko bt đứa nào ko có não . Đã ngu thì nín"
Viet nam mà !,0,Viet nam mà !
Đánh ngu bỏ mẹ ra :))),1,Đánh ngu bỏ mẹ ra :))
Cường học ANND là hiểu rồi. dm đám côn đồ tụi mày là tay sai cho cái lũ lảnh đạo bán nước đây mà,2,Cường học ANND là hiểu rồi . dm đám côn_đồ tụi mày là tay_sai cho cái lũ lảnh_đạo bán nước đây mà
Kda toàn âm mà úp lên khoe tự tin vl:)),0,Kda toàn_âm mà úp lên khoe tự_tin vl :))
@Sơn Hoàng học hành đi má~ về nhà r cày view nha ;),0,@_Sơn Hoàng_học_hành đi má ~ về nhà r cày view_nha ; )
Xa La Công Tử share về các page,0,Xa_La_Công_Tử_share về các page
Xong,0,Xong
Nhìn anh rất giống gờ đờ ra gon,0,Nhìn anh rất giống gờ_đờ ra gon
Cởi thì cởi mẹ ra không thì mặc mẹ vào 🙃,1,Cởi thì cởi mẹ ra không thì mặc mẹ vào 🙃
"giết người đền mạng ,bố tù chung thân , tk lớp 6 đi cải tạo đến năm 18 thì cx đi tù chung thân nốt",1,"giết người đền_mạng , bố tù chung_thân , tk lớp 6 đi cải_tạo đến năm 18 thì cx đi tù chung_thân nốt"
Trần Văn Tuấn .dòng họ thằng đó làm trong ngành...,1,Trần_Văn_Tuấn . dòng_họ thằng đó làm trong ngành ..
Một  phút  bóc  đồng  bằng  cả  đời  bóc  cức  😂,1,Một phút bóc đồng_bằng cả đời bóc cức 😂
Sorry con kẹc,1,Sorry con kẹc
Xl có tay sao ko bắt,0,Xl có tay sao ko bắt
Gà mà oai vcc,1,Gà mà oai vcc
Ad ngu như 1 con chó....xh nước nào mà ko có cướp giật.....chẳng qua là kéo giảm chứ làm cc j hết tuyệt đối.....mày ăn cức nên não mày ko phát triển hả ad!!!,2,Ad ngu như 1 con chó .. xh nước nào mà ko có cướp_giật .. chẳng_qua là kéo giảm chứ làm cc j hết tuyệt_đối .. mày ăn_cức nên não mày ko phát_triển hả ad ! !
ĐẦU BUỒI!,1,ĐẦU BUỒI !
Bitch's cunt,2,Bitch's cunt
Mày cút đi thằng chó,2,Mày cút đi thằng chó
"Đạo đức con người xuống cấp trầm trọng lắm rồi, thấy xã hội này buồn quá.",1,"Đạo_đức con_người xuống_cấp trầm_trọng lắm rồi , thấy xã_hội này buồn quá ."
Yêu vs cả đương :)),0,Yêu vs cả đương_:))
why củ loz nhà m à ?,2,why củ loz nhà m à ?
Xã hội cong vòng,1,Xã_hội cong vòng
Chắc Tiệp nghĩ Tiệp là hạng Thượng đẳng :)),1,Chắc Tiệp_nghĩ Tiệp là hạng Thượng_đẳng :))
"Bắc năm, trung, tây 1 nhà",0,"Bắc năm , trung , tây 1 nhà"
Lối đá xà lơ thì có chứ kiểm soát. Kiểm dc cái lồng mẹ nhà ông,1,Lối đá xà_lơ thì_có chứ kiểm_soát . Kiểm_dc cái lồng mẹ nhà ông
Trư Bát Giới ngọc trinh dáng ngon mà cái mặt t thề nhìn tắt nứng,1,Trư Bát_Giới ngọc trinh_dáng ngon mà cái mặt t_thề nhìn tắt nứng
Đù mé,1,Đù mé
Tú said : cái lol j vậy abe,1,Tú_said : cái lol j vậy abe
tôi mong chúa hãy đưa cả gia đình ông đi chết hết,2,tôi mong_chúa hãy đưa cả gia_đình ông đi chết hết
Thế cơ á,0,Thế_cơ á
"Thằng chó, nghĩ mẹ mày đi",2,"Thằng chó , nghĩ mẹ mày đi"
câm cái mồm vào,1,câm cái mồm vào
Thăng đit lao nên lam quan chăng thê.cho va cho,2,Thăng_đit lao nên lam_quan_chăng thê . cho va cho
"Phải gọi phòng csgt là độ phá hủy tài sản của dân ,dân đóng tiền bãi mà nó để xe dân ngoài mưa nắng như vậy.",1,"Phải gọi phòng csgt là độ phá_hủy tài_sản của dân , dân đóng tiền bãi mà nó để xe dân ngoài mưa_nắng như_vậy ."
VỢ JACK5TR BẾN TRE,0,VỢ JACK5TR BẾN TRE
Ông là lỗi nhục nhã của gia đình ông,1,Ông là lỗi nhục_nhã của gia_đình ông
Chửi thằng nguyễn sin đi chị thằng này ác lắm. Hình như mũi chị Hiếu hơi lệch á.,1,Chửi thằng nguyễn_sin đi chị thằng này ác lắm . Hình_như mũi chị Hiếu_hơi lệch á .
"Giống mấy thằng fan NTN. Chê thằng NTN làm video thiếu ý thức xong nó nhảy vào bảo "" có bằng ngta không mà nói"" clm =))",1,"Giống mấy thằng fan NTN._Chê thằng NTN làm video thiếu ý_thức xong nó nhảy vào bảo "" có bằng ngta không mà nói "" clm =))"
Thành phố an toàn lắm mà,0,Thành_phố an_toàn lắm mà
"Cô chuyển giới từ xưa mà nhìn cô không nghĩ là người chuyển giới luôn, xuất sắc <3",0,"Cô chuyển_giới từ xưa mà nhìn cô không nghĩ là người chuyển_giới luôn , xuất_sắc <3"
Bài học cho sau này ....thận trọng ko bao giờ thừa .,0,Bài_học cho sau_này .. thận_trọng ko bao_giờ thừa .
Khó chịu vl,1,Khó_chịu vl
Chơi ngu thì có gì mà phải cay ko có thực lực ko gì phải buồn cả,1,Chơi ngu thì có gì mà phải cay_ko có thực_lực ko gì phải buồn cả
thailand mua nhiêu dị?,0,thailand mua nhiêu_dị ?
Bùn lắm lun,0,Bùn lắm lun
jack rẻ rách bỏ vợ bỏ von uisss jack ăn cứt đá bô,2,jack rẻ rách bỏ vợ bỏ_von uiss jack ăn cứt đá bô
Đánh ngu bm ra,1,Đánh ngu bm ra
2 cái lỗ mũi to zậy mà vẫn thấy ngột ngạt là sao nhỉ🙄🙄,1,2 cái lỗ mũi to_zậy mà vẫn thấy ngột_ngạt là sao nhỉ 🙄 🙄
Xin l.ồ.n mẹ mày à,2,Xin l . ồ . n mẹ mày à
"đúng là lũ trẻ trâu Nam kỳ, chả ra thể thống gì",2,"đúng là lũ trẻ trâu Nam_kỳ , chả ra thể_thống gì"
Bắt chưa 3 thằng nhen mấy c.a,0,Bắt chưa 3 thằng nhen mấy c . a
Ông đi về pháp mẹ đi,1,Ông đi về pháp mẹ đi
"Ủa a, bắt kỉu zì thế... :))",0,"Ủa a , bắt kỉu zì thế .. :))"
Người bán chúng nó cũng ko tha,0,Người bán chúng_nó cũng ko tha
Tấm đầu tìm mãi mới thấy anh chả =)),0,Tấm đầu tìm mãi mới thấy anh chả =))
Cái loại mặt lồn thì mãi mãi là kí sỉ lâu thôi tk db,2,Cái loại mặt lồn thì mãi_mãi là kí_sỉ lâu thôi tk db
cực kì thuyết phục abe,0,cực_kì thuyết_phục abe
Con mẹ kia bị qq gì ghê v ? Dẹo thấy gớm,2,Con mẹ kia bị qq gì ghê v ?_Dẹo thấy gớm
Tiền bợ dái của thằng đăng bài là 2 xị. Nó đi ỉa xin vào bóc cứt ăn nữa để được trường sinh bất tử. Địt mẹ m thằng đăng bài!,2,Tiền_bợ dái của thằng đăng bài là 2 xị . Nó đi ỉa xin vào bóc cứt ăn nữa để được trường_sinh bất_tử . Địt mẹ m thằng đăng bài !
"Óc của thằng ad dc cấu tạo từ cức các loại động vật....bởi ngta chửi ngu như cức...,",2,"Óc của thằng ad dc cấu_tạo từ cức các loại động_vật .. bởi ngta chửi_ngu như cức .. ,"
"Nguyễn An Huy vâng a đẹp trai như lệ rơi ạ, đẹp như ma chết trôi, mắt lé môi trề. -10đ ạ ko ai dám đẹp như a. T có nói t đẹp hay gì mà cần m sủa v ? Chê t xấu coi chứ sau này con m lại giống t á chớ",1,"Nguyễn_An_Huy_vâng a đẹp_trai như_lệ rơi ạ , đẹp như ma chết_trôi , mắt lé môi trề . - 10 đ ạ ko ai dám đẹp như a . T có nói t đẹp hay gì mà cần m sủa v ? Chê_t xấu coi chứ sau_này con m lại giống t á chớ"
xem bình luận phía dưới chửi đầy ra là hiểu. xem cả cái cách solo thua người khác bị hành là thấy nhục rồi :)))) toxic + la hét = óc chó kkkkk,1,xem bình_luận phía dưới chửi đầy ra là hiểu . xem cả cái cách solo_thua người khác bị hành là thấy nhục rồi :))_toxic + la_hét =_óc chó kk
Nát hết rồi,1,Nát hết rồi
"Mồ tổ cha mày. Đăng mà cũng lược bỏ đi chi tiết: Cty hổ trợ 1thùng number one, bình đựng nước đá. Nhưng anh này...tham thêm 1chút là đòi 10 thùng number one. Đừg ngu mà tỏ nguy hiểm nha ad",2,"Mồ_tổ cha_mày . Đăng mà cũng lược bỏ đi chi_tiết : Cty hổ_trợ 1 thùng number_one , bình đựng nước_đá . Nhưng anh này .. tham thêm 1 chút là đòi 10 thùng number one . Đừg_ngu mà tỏ nguy_hiểm nha ad"
"kẻ nào giỏi phá , ăn chơi , mất dạy , lưu manh , đều là bằng cấp lảnh đạo Việt Nam!",2,"kẻ nào giỏi phá , ăn_chơi , mất dạy , lưu_manh , đều là bằng_cấp lảnh_đạo Việt_Nam !"
"Gọi làm gì ? Nó láo thật , nhưng rõ là chửi đúng , thằng kia đúng là ngu mà !",2,"Gọi làm gì ? Nó láo thật , nhưng rõ là chửi đúng , thằng kia đúng là ngu mà !"
Cờ giáo hội....tượng trưng cho hòa bình vs công lý. Ko biết sao,0,Cờ_giáo_hội .. tượng_trưng cho hòa bình_vs công_lý . Ko biết sao
Cho chừa tôi mê trai,1,Cho_chừa tôi mê trai
Vu Quynh Huong vãi lol,1,Vu_Quynh Huong_vãi lol
ngu,1,ngu
"Chị nói đúng quá. Trời mưa còn tắc đường nữa. Đi ô tô thì còn lâu mới thoát, chứ đi xe máy thì tí là lách đc rồi =))",0,"Chị nói đúng quá . Trời mưa còn tắc đường nữa . Đi ô_tô thì còn lâu mới thoát , chứ đi xe_máy thì tí là lách đc rồi =))"
Dcmm . Khốn nạn . Chó cắn áo rách,2,Dcmm . Khốn_nạn . Chó cắn áo rách
Đấm trộng tài một cái cho đã cái tay,1,Đấm trộng_tài một cái cho đã cái tay
K thoát.camera đầy đường.nghiệp vụ túm đầu hết,0,K thoát . camera đầy đường . nghiệp_vụ túm đầu hết
"Hoàng Văn nếu là nhà tài trợ thưởng thì ko mất thuế,nhưng sợ ko biết có tới tay mấy e đc ko nè",0,"Hoàng_Văn_nếu là nhà_tài_trợ thưởng thì ko mất thuế , nhưng sợ ko biết có tới tay mấy e đc ko nè"
Gay to vl :))),1,Gay to vl :))
Mực óc c đk ae,2,Mực_óc c đk ae
Chừa cái tội nhây,0,Chừa cái tội nhây
ủa là con gái là con trai không được chửi hả. T chỉ tưởng không được đánh con gái thôi chứ,0,ủa là con gái là con trai không được chửi_hả . T chỉ tưởng không được đánh con gái thôi chứ
Cầu trung văn - mễ trì,0,Cầu trung_văn - mễ_trì
Top 1 mn êyy ở nhà xem giải mn êyy,0,Top 1 mn êyy ở nhà xem giải mn êyy
aatrox nó gàaa :)),1,aatrox nó gàaa :))
Thầy ơi có cô kiếm thầy nè :)),0,Thầy ơi có cô kiếm thầy nè :))
Ủa làm sao thấy bị gì đâu,0,Ủa làm_sao thấy bị gì đâu
"Chúng mày là con hoang, còn bọn tao là con nhà nước, mày hiểu chứ",2,"Chúng_mày là con hoang , còn bọn tao là con nhà_nước , mày hiểu chứ"
Biến con mẹ mày đi thằng lol. Fuck,2,Biến con mẹ mày đi thằng lol . Fuck
Con nay tamthan nangkhung batron,2,Con nay tamthan nangkhung batron
"Đ*t con mẹ. Đang ăn cơm nghe đến đoạn bôi c** mũi,c** mèo Đức Phan ạ :)))",2,"Đ * t con mẹ . Đang ăn cơm nghe đến đoạn bôi c * * mũi , c * * mèo Đức Phan_ạ :))"
Nói thật.. pháp luật phải thật mạnh tay cho những kẻ này. Theo thái lan trộm một chiếc xe phải ở tù chung thân...,1,Nói thật .. pháp_luật phải thật mạnh_tay cho những kẻ này . Theo thái_lan trộm một chiếc xe phải ở tù chung_thân ..
Hiền dữ chưa,0,Hiền dữ chưa
"Bọn này bắt đc cứ cho chătj cmn hai tay đi , ko cần sử lội làm j cả",1,"Bọn này bắt đc cứ cho chătj cmn hai tay đi , ko cần sử_lội làm j cả"
Sống mấy chục năm đi làm conttent bẩn để người ta ẩu lên đìa cả họ =]] mấy đồng bạc lẻ có đáng không?,1,Sống mấy chục năm đi làm conttent_bẩn để người ta ẩu lên đìa cả họ = ]_] mấy đồng_bạc lẻ có đáng không ?
trầm cảm vì làm fan của đóm có bóng đèn ở đít à mà thôi không trêu ban ! ;)))),1,trầm_cảm vì làm fan của đóm có bóng_đèn ở đít à mà thôi không trêu ban ! ; ) )
xin lỗi rồi Việt Nam có thắng đc ko,0,xin_lỗi rồi Việt_Nam có thắng đc ko
Woh Wh chia buồn cùng gia đình súc vật nhạc giật giật của rác 5 củ bỏ con,2,Woh Wh chia buồn cùng gia_đình súc_vật nhạc giật_giật của rác 5 củ bỏ con
Chửi cái l linh cá lon,2,Chửi cái l_linh cá lon
Co kg chi,0,Co kg chi
Tao chịu status này đó AD tụi dlv nghe nhột ko tụi bây kaka,1,Tao chịu status này đó AD tụi dlv nghe nhột ko tụi bây kaka
Toan đựng bọn ngu phá hại lên làm quan nên dân nuôn đời vất vả nếu ko nhôt bơt cái bọn ngu ấy lai,2,Toan đựng bọn ngu phá_hại lên làm quan nên dân nuôn đời vất_vả nếu ko nhôt bơt cái bọn ngu ấy lai
Xin Vĩnh Biệt :))),0,Xin Vĩnh_Biệt :))
"Chúng tao không cần mày xin lỗi,. Mày nên làm trọng tài cho hội bóng của người khuyết tật khiếm thị( mù ) đó",1,"Chúng_tao không cần mày xin_lỗi , . Mày nên làm trọng_tài cho hội_bóng của người khuyết_tật khiếm_thị ( mù ) đó"
Địt cụ trọng tài nhé,2,Địt cụ trọng_tài nhé
Pham Yen Nhi,0,Pham Yen_Nhi
nó chơi luật rừng thì mình chơi luật rừng! mạng đổi mạng! đéo phải nói nhiều! Bức xúc làm cc gì,1,nó chơi luật rừng thì mình chơi luật rừng !_mạng đổi_mạng !_đéo phải nói nhiều ! Bức_xúc làm cc gì
3 thằng chó,2,3 thằng chó
Bán cả mấy năm mới sắm dc cái xe .đm bọn trộm cắp,2,Bán cả mấy năm mới sắm dc cái xe . đm bọn trộm_cắp
"cay lỏ dái chưa, jack ngu",2,"cay lỏ dái chưa , jack ngu"
Anh bom đâu nhở không cà khịa nữa à :)),0,Anh bom đâu_nhở không cà_khịa nữa à :))
"cũng là tự nói mòm là liên hệ thôi chứ chưa chắc đã liên hệ đâu mà tự hào, mà còn phải là liên hệ ntn nữa",0,"cũng là tự nói mòm là liên_hệ thôi chứ chưa chắc đã liên_hệ đâu mà tự_hào , mà_còn phải là liên_hệ ntn nữa"
Cút về nước đi,1,Cút về nước đi
"cái loại m chỉ được cái mỏm thôi, có gan gây sự zới thằng b t được mòa lại đéo có gan đưa địa chỉ thật à? Nt thì lươn lẹo? Nhục mặt mấy đứa zân xh trong nam vcl",2,"cái loại m chỉ được cái mỏm thôi , có gan gây sự zới thằng b t được mòa lại đéo có gan đưa địa_chỉ thật à ?_Nt thì lươn lẹo ?_Nhục mặt mấy đứa zân xh trong nam vcl"
"bớt nổ đi , xạo l có gì hay, đừng phá nửa",1,"bớt nổ đi , xạo_l có gì hay , đừng phá nửa"
Yên Chii dcm đã nói câu này biết xinh quá trời quá đất r,0,Yên Chii_dcm đã nói câu này biết xinh quá trời quá đất r
"Muộn rồi không cần xin lỗi ok,thứ như ông chúng tôi không cần câu xin lỗi",0,"Muộn rồi không cần xin_lỗi ok , thứ như ông chúng_tôi không cần_câu xin_lỗi"
"mtp mượn tác phẩm GD, sky sì ke",1,"mtp mượn tác_phẩm GD , sky_sì ke"
Cho em lên fan cứng cái anh êy😘😘,0,Cho em lên fan cứng cái anh êy 😘 😘
Tính ra liên minh có mấy khứa này vui phết nhỉ,0,Tính ra liên_minh có mấy khứa này vui phết nhỉ
Xin cc,1,Xin cc
thôi cháu. sủa cái đel gì sủa dai thế .chú del rảnh nhé .chú mắc ngủ vs mẹ cháu ròii. cút dc rồi cháu ạ :))),2,thôi cháu . sủa cái đel gì sủa dai_thế . chú del rảnh nhé . chú mắc ngủ vs mẹ cháu ròii . cút dc rồi cháu ạ :))
khổ thân cmt ko ai like cho lên top,0,khổ thân_cmt ko ai like cho lên top
"ngta thường nói người Việt nói đường làm nẻo, và đây cũng là minh chứng cho câu nói ấy",0,"ngta thường nói người Việt nói đường làm nẻo , và đây cũng là minh_chứng cho câu nói ấy"
Giống LỆ RƠI ở việt nam kkk,0,Giống LỆ_RƠI ở việt_nam kk
"t thích em quyền ghét mực vì mực nó tôi cao quá, mà coi xong clip đó tội mực ghét thang quyền bẩn tính vcl",2,"t thích em quyền ghét_mực vì mực nó tôi cao quá , mà coi xong clip đó tội_mực ghét_thang quyền bẩn_tính vcl"
đòi lại công bằng bằng cách bỏ con và chu cấp cho 5tr,1,đòi lại công_bằng bằng cách bỏ con và chu_cấp cho 5 tr
xin cái buồi nhà mày ý bắt như cặc,2,xin cái buồi nhà mày_ý bắt như cặc
liên quan gì? Quan trọng tang vật là tài sản của ngta,0,liên_quan gì ? Quan_trọng tang_vật là tài_sản của ngta
Thg này giả đấy mn,0,Thg này giả đấy mn
Con ngu cha cũng lú rồi cả lũ vô gông,2,Con ngu cha cũng lú rồi cả lũ vô_gông
Thằng già kia đứng cười chứ :(,1,Thằng già kia đứng cười chứ : (
Tài sản của dân như thế này đây,0,Tài_sản của dân như thế_này đây
"6k/1000 Follow Facebook, ai mua ib mình nha cân gdtg, cảm ơn mọi người ạ",0,"6 k / 100 Follow_Facebook , ai mua ib mình nha cân_gdtg , cảm_ơn mọi người ạ"
"ĐỘI HÌNH TUYỆT VỜI. 1 NGUYỄN PHILIP, 2 H T TÀI, 3 DUY MẠNH, 4 VIỆT ANH, 5 TIẾN DŨNG, 6 VĂN THANH, 7 HÙNG DŨNG, 8 HOÀNG ĐỨC, 9 QUANG HẢI, 10 CÔNG PHƯỢNG, 11 NHÂM MẠNH DŨNG.",0,"ĐỘI_HÌNH TUYỆT_VỜI . 1 NGUYỄN_PHILIP , 2 H T_TÀI , 3 DUY_MẠNH , 4 VIỆT_ANH , 5 TIẾN_DŨNG , 6 VĂN_THANH , 7 HÙNG_DŨNG , 8 HOÀNG_ĐỨC , 9 QUANG_HẢI , 10 CÔNG_PHƯỢNG , 11 NHÂM MẠNH_DŨNG ."
Phê quá Ae,0,Phê quá Ae
"Xin cái con cặc,cút mẹ mày đi",1,"Xin cái con cặc , cút mẹ mày đi"
Ong noi nay khung khung ngao da ma,1,Ong noi nay khung khung ngao da ma
Tối nay tầng 7 của gaming house có người ở rồi :))),0,Tối nay tầng 7 của gaming house có người ở rồi :))
Nay live kênh mới hả a3,0,Nay live kênh mới hả a3
Chị nói hay thế,0,Chị nói hay thế
Trần Long hahahaha,0,Trần_Long_hahahaha
Khẩu nghiệp quá. Con cháu nghe xấu hổ chết.,1,Khẩu_nghiệp quá . Con_cháu nghe xấu_hổ chết .
"Con chó nó phản ứng là hiểu rồi, nên đề phòng",0,"Con chó nó phản_ứng là hiểu rồi , nên đề_phòng"
Dlv dlv dlv 1 ổ kinh tởm thối tha hèn hạ dm nó khoá cmt k thì zô chửi cm nó r,2,Dlv dlv dlv 1 ổ kinh_tởm thối tha_hèn_hạ dm nó khóa cmt k thì zô chửi cm nó r
Nghĩ là vừa đó lol Trọng tài,1,Nghĩ là vừa đó lol_Trọng_tài
cày thuê rank bk cc j mà kda như lz z ba,1,cày thuê rank bk cc j mà kda như lz z ba
Lỗi ccc,1,Lỗi cc
Đánh 3 acc up kc mà acc nào rank này cũng gặp =))))) kẹt rank gì ghê dữ vậy,0,Đánh 3 acc up kc mà acc nào rank này cũng gặp =))_kẹt rank gì ghê_dữ vậy
Ngu như 1 con dog,1,Ngu như 1 con dog
ngu thì thua,1,ngu thì thua
ranh con vắt mũi chưa sạch,2,ranh con vắt mũi chưa sạch
Trước khi làm gì cũng nên lắp não vào rồi làm gì thì làm chứ. Để não thành hoá thạch à,1,Trước khi làm gì cũng_nên lắp não vào rồi làm_gì thì làm chứ . Để não thành hóa_thạch à
má =))) tao là 4 thg còn lại t chửi thối mẹ m đầu,1,má =)) tao là 4 thg còn lại t chửi thối mẹ m đầu
còn bỏ con nữa thế thì chịu rồi,1,còn bỏ con nữa thế thì chịu rồi
"Cai lol me tui may nhìn đi , tui mày nhin cho ki anh ba chỉ làm dc một lần nv thôi , dc chưa , cđm tui mày",2,"Cai lol_me tui may nhìn đi , tui mày nhin cho ki anh ba chỉ làm dc một lần nv thôi , dc chưa , cđm tui mày"
Chị em mà,0,Chị_em mà
Rên rên nghe kinh vl :)),0,Rên rên nghe kinh_vl :))
Trần Thị Ngọc Anh nếu ngược lại thì sao con mặt lòn.nếu nó biết bị bệnh rồi đi hiến thì sao.😊,1,Trần_Thị_Ngọc_Anh nếu ngược_lại thì sao con mặt lòn . nếu nó biết bị bệnh rồi đi hiến thì sao . 😊
"Đcmmm thằng svh này, mặt mày nhìn hãm loll quá mày cút ngay khỏi đất nước tao",2,"Đcmm thằng svh này , mặt_mày nhìn hãm loll quá mày cút ngay khỏi đất_nước tao"
xin lỗi cái gì mày bắt như cứt,1,xin_lỗi cái gì mày bắt như cứt
Thầy em là phải hơn. Nhưng ngu hơn ă🤧,1,Thầy em là phải hơn . Nhưng ngu hơn ă 🤧
Trời ơi! Thương em thì lên tiếng để bảo em ấy và pháp luật xử lý nghiêm minh làm bài học cho toàn xã hội.,0,Trời ơi !_Thương em thì lên_tiếng để bảo em ấy và pháp_luật xử_lý nghiêm_minh làm bài_học cho toàn xã_hội .
Tới công chiện ó chớ xin lỗi,0,Tới công_chiện ó chớ xin_lỗi
O lại đi vn có tiện nhiều lam ngồi đở ăn cả đời ko ht dau,0,O lại đi vn có tiện nhiều lam ngồi đở ăn cả đời ko ht dau
"Nguyễn An Huy mắt m lé à nhóc, mở mắt to ra tìm cmt đi con, thằng đần độn ngu si",2,"Nguyễn_An_Huy mắt m lé à_nhóc , mở_mắt to ra tìm cmt đi con , thằng đần độn ngu si"
Đây mí là fb thật nhé ae,0,Đây mí là fb thật nhé ae
Xin lỗi cái địt con mẹ mày,2,Xin_lỗi cái địt con mẹ mày
Phạm Minh Tuấn cày vew nhiều quá mà. Nghe 1 lần là bt như nào r,0,Phạm_Minh_Tuấn cày_vew nhiều quá mà . Nghe 1 lần là bt như nào r
Tú đã sẵn sàng,0,Tú đã sẵn_sàng
nó ăn lương của nhà nước chưa no nó còn ăn cướp nữa mới đầy túi,1,nó ăn_lương của nhà_nước chưa no nó còn ăn_cướp nữa mới đầy túi
Chửi xong rồi khóc như chó năn nỉ công đồng,1,Chửi xong rồi khóc như chó năn_nỉ công đồng
Bùi Nga Quỳnh Anh chán chị :(,0,Bùi_Nga_Quỳnh_Anh chán chị : (
Lũ chó chết. Đkm loạn mẹ nó rồi. Xh như lồn,2,Lũ chó chết . Đkm_loạn mẹ nó rồi . Xh như lồn
"Thứ này t thề bắt được, phải bẻ tay hoặc chân nó, k bao giờ t có lòng từ bi với loại này",2,"Thứ này t thề bắt được , phải bẻ tay hoặc chân nó , k bao_giờ t có lòng từ bi với loại này"
câm cái mồm thối của mày vàoooo,1,câm cái mồm_thối của mày vàoo
đít xanh đít đỏ ăn ns lấc cấc,2,đít xanh đít đỏ ăn_ns lấc cấc
má mày,1,má mày
"quan cs ở xứ thiên đường thuộc bài kinh luôn ,mở mồm là "" ơn đảng ,ơn chính phủ..."" còn thằng quan tư bổn giãy hoài ko chết cũng thuộc bài luôn nhưng bài của nó là "" tôi xin chịu trách nhiệm ,tôi xin từ chức... """,1,"quan_cs ở xứ thiên_đường thuộc bài kinh luôn , mở mồm là "" ơn_đảng , ơn chính_phủ .. "" còn thằng quan tư_bổn giãy_hoài ko chết cũng thuộc bài luôn nhưng bài của nó là "" tôi xin chịu trách_nhiệm , tôi xin từ_chức .. """
Duy Trinh nói vậy củng chưa đúng hãy xem lại cách cô gái này đứng nói chuyện với hai thanh niên nhiều lần sẽ nhận ra có cái gì rất lạ mà cô gái bình thường tiếp chuyện sẽ không có,0,Duy_Trinh nói vậy củng_chưa đúng hãy xem_lại cách cô gái này đứng nói_chuyện với hai thanh_niên nhiều lần sẽ nhận ra có cái gì rất lạ mà cô gái bình_thường tiếp_chuyện sẽ không có
nó ngu còn m cỡ nào,1,nó ngu còn m cỡ nào
xin con cac,1,xin con cac
đó là sự tinh tế kèm theo một chút vãi loz.,1,đó là sự tinh_tế kèm theo một_chút vãi loz .
"vi russ chỉ là con vi rút thôi mà, nó ko cư xử như con người được",2,"vi_russ chỉ là con vi_rút thôi mà , nó ko_cư_xử như con_người được"
Hãy biến đi đến Indonesia mà không thằng nỗi thì làm sao mà đói tham dự world cup 2026 được chứ tôi sợ là có không ăn nổi thái Lan,1,Hãy biến đi đến Indonesia mà không thằng nỗi thì làm_sao mà đói tham_dự world cup 2026 được chứ tôi sợ là có không ăn nổi_thái_Lan
Đề nghị công an xử thẳng tay. Đồ ác độc quá mình muốn sống mà không cho người ta sống xử chạm cả 3,2,Đề_nghị công_an xử thẳng tay . Đồ ác_độc quá mình muốn sống mà không cho người ta sống xử chạm cả 3
Đớp cho lắm vào,1,Đớp cho lắm vào
Tươi dị hả thầy yêu,0,Tươi dị_hả thầy yêu
"Ông chỉ đáng sách giày cho ông Chung,Ở pâc",1,"Ông chỉ đáng sách giày cho ông Chung , Ở pâc"
Tưởng mèo simmy không ghê vãi,0,Tưởng mèo simmy không ghê_vãi
"Thằng ml nào đang tạo acc spam vậy. Cho ăn, cho học làm chuyện tào lao.",2,"Thằng ml nào đang tạo acc spam vậy . Cho ăn , cho học làm chuyện tào_lao ."
thử lai trym đánh rank thách đấu đi a,0,thử lai_trym đánh rank thách_đấu đi a
"lam con trai giống đàn bà vậy ,đống cut nào cung thay dấu răng ,hoi sao xã hội này di xuong vi nhung thanh phan nhu vay",1,"lam con trai giống đàn_bà vậy , đống cut nào cung thay dấu_răng , hoi_sao xã_hội này di_xuong vi_nhung thanh phan_nhu_vay"
page gỉa à,0,page giả à
cay lắm mà del làm gi dc t nhục lắm.kkkkk,1,cay lắm mà del làm gi dc t_nhục lắm . kk
Đừng để ném gạch vào mặt m,1,Đừng để ném gạch vào mặt m
làm tí bóng bàn cho khuây khỏa đi,0,làm tí bóng bàn cho khuây khỏa đi
Bọn súc sinh,2,Bọn súc_sinh
Hãy nghe những gì ad nói và hãy ỉa vào những gì ad bost,1,Hãy nghe những gì ad nói và hãy ỉa vào những gì ad bost
đóm nó sáng ở đít chứ k sáng ở đầu b ạ,1,đóm nó sáng ở đít chứ k sáng ở đầu b ạ
Đời này còn nhiều cái ngu.,1,Đời này còn nhiều cái ngu .
Trên bờ: tao chửi đấy mày làm đéo gì được tao :v,1,Trên bờ : tao chửi đấy mày làm đéo gì được tao : v
Bọn này nên cho vào tù,1,Bọn này nên cho vào tù
Chú nghe rồi. Tin tức Việt-Nam chú cập nhật từng giờ. Thư giỏi.Có theo dõi và ưu tư về tình hình đất nước là đáng khen.,0,Chú nghe rồi . Tin_tức Việt-Nam_chú cập_nhật từng giờ . Thư giỏi . Có theo_dõi và ưu_tư về tình_hình đất_nước là đáng khen .
Nó tới đây để giết ng chứ có phải kinh doanh mẹ j. Mấy thằng bù nhìn nhận tiền ngập bản họng cỏng rắn cắn gà nhà. Cả lũ cũng ko có kết cục j tốt dc,2,Nó tới đây để giết_ng chứ có phải kinh_doanh mẹ j . Mấy thằng bù nhìn_nhận tiền ngập bản họng cỏng rắn cắn gà nhà . Cả lũ cũng ko có kết_cục j tốt dc
Bạn nữ bị ai bóp cổ à?,0,Bạn nữ bị ai bóp_cổ à ?
Chị có chim không .... sao nhìn gớm gớm....,1,Chị có chim không .. sao nhìn gớm_gớm ..
Cô Trần Thị Nga bị nhà cầm tiền Việt Nam bắt tù đày chỉ có một tội duy nhất đó là....!,1,Cô Trần_Thị_Nga bị nhà_cầm tiền Việt_Nam bắt tù_đày chỉ có một tội duy_nhất đó là .. !
Một trận đấu mà nhiều người Đông Nam Á xem trên truyền hình mà lại thuê ông trọng tài nghiệp dư vào bắt trận đang xem nhất Đông Nam Á giữa Việt Nam gặp Thái Lan.. Ông trọng tài người Quatas..mà U23 Quatas..thua Việt Nam ở giai u23 Châu Á.. Giờ là lúc ông ấy lên tiếng,0,Một trận đấu mà nhiều người Đông_Nam_Á xem trên truyền_hình mà_lại thuê ông trọng_tài nghiệp_dư vào bắt trận đang xem nhất Đông_Nam_Á giữa Việt_Nam gặp Thái_Lan .. Ông trọng_tài người Quatas .. mà U23_Quatas .._thua Việt_Nam ở giai_u23 Châu_Á .. Giờ là lúc ông ấy lên_tiếng
Đụ me ngu còn ghi xàm . Nó lấp đất đầy cái đồng tháp mười chứ làm thinh cái c**.,2,Đụ me ngu còn ghi_xàm . Nó lấp đất đầy cái đồng_tháp mười chứ làm thinh_cái c * * .
Trời ơi kg ai xấu bằng con quỉ cái miệng rộng. Mở miệng ra dơ dái mất dạy. Nhà khổ thấy mẹ chắc đeo ba vàng giả chứ gì.,2,Trời ơi kg ai xấu bằng con quỉ cái miệng rộng . Mở_miệng ra dơ_dái mất dạy . Nhà_khổ thấy mẹ chắc đeo ba vàng giả chứ gì .
Tài Nguyễn còn non và xanh lứm 🤣,0,Tài Nguyễn_còn non và xanh lứm 🤣
"chả ra thể thống gì, người vô học nói chuyện đúng thiểu năng",2,"chả ra thể_thống gì , người vô_học nói_chuyện đúng_thiểu_năng"
"k phải tôi cao mà nói thẳng là thằng gia trưởng, con gái nào vớ phải thằng này muôn kiếp ở dưới bếp không lên nổi nhà trên. Nó chỉ đi làm công nhân thôi, không bao giờ làm sếp được, không bao giờ nhận sai.",1,"k phải tôi cao mà nói_thẳng là thằng gia_trưởng , con gái nào vớ phải thằng này muôn_kiếp ở dưới bếp không lên nổi nhà trên . Nó chỉ đi làm công_nhân thôi , không bao_giờ làm sếp được , không bao_giờ nhận sai ."
Quá khứ của ma vương,0,Quá_khứ của ma_vương
Nói mấy người nghèo cho chết đói. V trc đó gửi đồ về cho minh hiếu làm từ thiện dell gì,1,Nói mấy người nghèo cho chết đói . V trc đó gửi đồ về cho minh_hiếu làm từ_thiện dell gì
L** mày cho chó nó còn không Liếm nữa có đâu mà mày đưa lộn cho người ta ăn con thú vật đầu thai,2,L * * mày cho chó nó còn không Liếm nữa có đâu mà mày đưa_lộn cho người ta ăn con thú_vật đầu thai
buồn thật,0,buồn thật
Xl qq,1,Xl qq
Thương cô gái,0,Thương cô gái
Cái đám chết chạy đấy thì nó ghét cs đến xương tuỷ còn gửi tiền về? Gửi đc bn khi làm nail culi lo cuộc sống chưa xong dư dả quá ha :)) còn Việt kiều thành đạt kiếm tiền còn gửi về tổ quốc thì chắc chắn ko có time mà lên fb share 3 cái tin rồi chửi ch,2,Cái đám chết chạy đấy thì nó ghét_cs đến xương tủy còn gửi tiền về ? Gửi đc bn khi làm nail culi lo cuộc_sống chưa xong dư_dả quá ha :)) còn Việt_kiều thành_đạt kiếm tiền còn gửi về tổ_quốc thì chắc_chắn ko có time mà lên fb share 3 cái tin rồi chửi ch
ngầu quá anh ơi,0,ngầu quá anh ơi
Người tốt nhiệt tình quá dễ bị lừa !,0,Người tốt nhiệt_tình quá dễ bị lừa !
Nguyen Nhan ba cha con cái mặt ác hết sức ác,2,Nguyen Nhan_ba cha_con_cái mặt_ác hết_sức ác
mày có cặp mắt chỉ để cho có đủ bộ phận thôi ah,1,mày có cặp mắt chỉ để cho có đủ bộ_phận thôi ah
đánh rank vàng còn bị bón hành cho ngập mồm.. Hecerim đi rừng 2/17 xong bảo đi trái lean.. nếu là trình DCT thật sự thì cho dù có đi đâu vẫn hành đc bọn rank thấp.. thằng này cày từ BK1 xuống Vàng thì có á :)))),1,đánh rank vàng còn bị bón_hành cho ngập mồm .._Hecerim đi rừng 2/17 xong bảo đi trái lean .. nếu là trình DCT thật_sự thì cho_dù có đi đâu vẫn hành_đc bọn rank thấp .. thằng này cày từ BK1 xuống Vàng thì có á_:))
"Đang họp nhưng kín, éo cho phóng viên vào. ĐM.",1,"Đang họp nhưng kín , éo cho phóng_viên vào . ĐM ."
"m buồn cười nhỉ, idol chúng m làm sai xong bắt ngta phải đi tìm idol chúng m :)))",0,"m buồn cười_nhỉ , idol chúng m làm sai xong bắt ngta phải đi tìm idol chúng m :))"
Fake ae,0,Fake ae
Địt cụ mày trọng tại như lồn ý,2,Địt cụ mày_trọng tại như lồn_ý
Bắt được mấy thằng này đem đập đầu khỏi giải đi đâu đúng là quá khốn nạn,2,Bắt được mấy thằng này đem đập đầu khỏi giải đi đâu đúng là quá khốn_nạn
Gần 30t rồi mà vẫn hãm địt mẹ mày đẻ ra đau lồn,2,Gần 30 t rồi mà vẫn hãm_địt mẹ mày đẻ ra đau lồn
Minh hiếu nói chuyện duyên dáng quá,0,Minh_hiếu nói_chuyện duyên_dáng quá
Miền trung tao là nhất miền tây miền nam như cc,2,Miền trung tao là nhất miền tây miền nam như cc
Lúc nó đi ngược chiều nó tông cho rồi kêu chó vàng giúp. Quyền lợi thì muốn mà còn pháp luật thì k muốn tuân thủ,2,Lúc nó đi ngược chiều nó tông cho_rồi kêu chó vàng giúp . Quyền_lợi thì muốn mà_còn pháp_luật thì k muốn tuân_thủ
Cố vấn cấp cao cho đàn c hó,1,Cố_vấn cấp cao cho đàn c hó
Đánh ngu thì chết chứ cay j,1,Đánh ngu thì chết chứ cay j
xin loi cc,1,xin loi cc
Đm,1,Đm
Suc vat là có thật,1,Suc vat là có thật
"má nó vào đọc vnexpress toàn lũ bợ đít cho chúng nó ko,chúc mừng đồ,lạy mấy cô hồn.",2,"má nó vào đọc vnexpress toàn lũ_bợ đít cho chúng_nó ko , chúc_mừng đồ , lạy mấy cô_hồn ."
"t tưởng bọn m đòi bình đẳng giới, đòi nữ quyền thì bọn t cx có quyền nói lại m. Thế mà đụng vô lại kêu ""thằng đàn bà""..haizz thì ra đàn bà TRONG MẮT MÀY là nơi tụ họp những cái xấu à, tiêu chuẩn kép ít thôi",0,"t tưởng bọn m đòi bình_đẳng giới , đòi nữ quyền thì bọn t cx có quyền nói lại m . Thế_mà đụng vô lại kêu "" thằng đàn_bà "" .. haizz thì ra đàn_bà TRONG MẮT_MÀY là nơi tụ_họp những cái xấu à , tiêu_chuẩn kép ít thôi"
Tham nhũng kỳ diệu :3,1,Tham_nhũng kỳ_diệu : 3
Đhs nói ngu vl :))),1,Đhs nói ngu vl :))
Sory cái con mẹ nhà mày,2,Sory cái con mẹ nhà mày
Nay thang này ac qa..ngta bán xôi cug lay..,0,Nay thang này ac qa .. ngta bán_xôi cug_lay ..
Tùng Xhaka Arsenal đi rồi a tùng ạ,0,Tùng Xhaka_Arsenal đi rồi a_tùng ạ
Xin lỗi vì thích em vào thời điểm anh k có gì trong tay,0,Xin_lỗi vì thích em vào thời_điểm anh k có gì trong tay
Dân chống nhưng quan chức không chống,0,Dân chống nhưng quan_chức không chống
Nhà bán hàng vòng quanh toàn thờ ơ,0,Nhà bán hàng vòng_quanh toàn thờ_ơ
"K muốn game, k muốn phim, k nhạc và cũng không thể ngủ một mớ hỗn độn cảm giác khó chịu",0,"K muốn game , k muốn phim , k_nhạc và cũng không_thể ngủ một mớ hỗn_độn cảm_giác khó_chịu"
khổ thân anh tôi 🤣,0,khổ thân anh tôi 🤣
Đúng rồi.Chứ k phải do mấy thằng bụng bầu rước giặc về diệt chủng đồng bào đâu,2,Đúng rồi . Chứ_k phải do mấy thằng bụng bầu_rước giặc về diệt_chủng đồng_bào đâu
"Nguyễn Lê Vĩnh Hưng dell biết so sánh lứa cầu thủ năm 2022 với lứa cầu thủ năm nay à đồ nguu. Lứa 2022 cũng từng thất bại bị chửi nhiều vch rồi, và lứa 2022 cũng nhiều ngôi sao gánh team nữa nha đồ nguuu",1,"Nguyễn_Lê_Vĩnh_Hưng dell biết so_sánh lứa cầu_thủ năm 2022 với lứa cầu_thủ năm nay à đồ nguu . Lứa 2022 cũng từng thất_bại bị chửi nhiều vch rồi , và lứa 2022 cũng nhiều ngôi_sao gánh team nữa nha đồ nguu"
bị tâm thần vẫn có thể có học vị TS nhé. Cám ơn TS Vũ Tiến Lộc đã mang lại niềm tin cho cộng đồng bệnh nhân tâm thần.,0,bị tâm_thần vẫn có_thể có học_vị TS nhé . Cám_ơn TS Vũ_Tiến_Lộc đã mang lại niềm_tin cho cộng_đồng bệnh_nhân tâm_thần .
xin lỗi cái gì ???,0,xin_lỗi cái gì ? ?
Xin lỗi mà song à,0,Xin_lỗi mà song à
"chia buồn cùng gia đình kid xanh cỏ hết , sv nghèo hèn muôn đời nát",2,"chia buồn cùng gia_đình kid xanh cỏ hết , sv nghèo hèn_muôn đời nát"
Thương cho vk tôi,0,Thương cho vk tôi
"Khốn nạn thật, báo ứng sẽ đến sớm với lũ ham ăn nhác làm chuyên đi lừa đảo ăn cướp của người khác",2,"Khốn_nạn thật , báo_ứng sẽ đến sớm với lũ ham ăn_nhác làm chuyên đi lừa_đảo ăn_cướp của người khác"
chữ nghĩa không tới đâu,0,chữ_nghĩa không tới đâu
anh em có phúc cùng hưởng có họa tự chịu hehe,0,anh_em có phúc cùng hưởng có họa tự chịu hehe
idol Tiger mau về Việt Nam với chúng cháu nha. thấy rất quý bác.,0,idol Tiger_mau về Việt_Nam với chúng cháu nha . thấy rất quý_bác .
Vĩn biệt cụ:)),0,Vĩn_biệt cụ :))
Bố thằng Trâu Dê Nổ,2,Bố thằng Trâu Dê Nổ
Bạn nữ mà rên thì :)),0,Bạn nữ mà rên thì :))
thế mày nghĩ nó quan tâm đến việc mày vội hay ko vội à. ngu v k l :v,1,thế mày nghĩ nó quan_tâm đến việc mày vội hay ko vội à . ngu v k l : v
"Đm đánh thì ngu, mồm thì tinh tướng, thua là khóc lóc đổ lỗi, trông m đần vcl ra",2,"Đm đánh thì ngu , mồm thì tinh_tướng , thua là khóc_lóc đổ lỗi , trông m đần vcl ra"
Anh Sẽ Đến 100 củ to quá,0,Anh Sẽ Đến 100 củ to quá
Sủa hay lắm ad,1,Sủa hay lắm ad
tình yêu hãy nói về nhism korea,0,tình_yêu hãy nói về nhism korea
caitlyn mà nó lên giảm hồi máu thì ko có chuyện hồi đến tận 1k8 máu như kia đâu,0,caitlyn mà nó lên giảm hồi máu thì ko có chuyện hồi đến tận 1 k8 máu như kia đâu
Chị 3 cho e 200 triệu đi làm chymmm đi huhuh,0,Chị 3 cho e 200 triệu đi làm chymm đi huhuh
"Đm nứng lòn ghê dị hà, ngta đánh đôi 3 đi đánh đôi heo, dừa lòn 🤣",1,"Đm nứng lòn ghê dị_hà , ngta đánh đôi 3 đi đánh đôi heo , dừa lòn 🤣"
tôi với bạn làm kèo không mà bảo tôi clone,0,tôi với bạn làm kèo không mà bảo tôi clone
Qua tan nhan,1,Qua tan nhan
Mẹo m bé,1,Mẹo m bé
Giàu thật đấy .. nhưng đầu không có não..khinh,1,Giàu thật đấy .. nhưng đầu không có não .. khinh
chị này lấy văn mẫu ở đâu vậy,0,chị này lấy văn_mẫu ở đâu vậy
okee a ưii,0,okee a ưii
"cái đmm nhé ad, đừng có vơ đũa cả nắm, ăn cứt cả đống nhé con. 4.5 tr Đảng viên k phải ai cũng xấu mà để m nói cái giọng của loại chó đấy. cái page chó bẩn ngu si này. m ra xem ngoài xã hội đầy Đảng viên vẫn nai lưng đi làm để nuôi đầy cái giống đéo ph",2,"cái đmm nhé ad , đừng có vơ đũa cả nắm , ăn_cứt cả đống nhé con . 4.5_tr Đảng_viên k phải ai cũng xấu mà để m nói cái giọng của loại chó đấy . cái page chó bẩn ngu_si này . m ra xem ngoài xã_hội đầy Đảng_viên vẫn nai_lưng đi làm để nuôi đầy cái giống đéo ph"
m là đứa mõm chó ăn cức,2,m là đứa mõm chó ăn cức
bóng già chuyển giới. CÔ CÔ nghe mắc ỉa. súc vật lũ bongs chó tởm lợm,2,bóng già chuyển_giới . CÔ CÔ nghe mắc_ỉa . súc_vật lũ bongs chó tởm_lợm
cái bọn cướp ngày thì muốn làm gì chẳng được,2,cái bọn cướp ngày thì muốn làm_gì chẳng được
Người nhật mà còn có thể loại ko não này thì bảo sao VN lại ko ..chán dell muốn nói,1,Người_nhật mà_còn có_thể loại ko não này thì bảo_sao VN lại ko .. chán_dell muốn nói
Xe phải có thêm khoá đĩa hoặc xích dây dài nó lấy cũng còn lâu,0,Xe phải có thêm khóa_đĩa hoặc xích dây dài nó lấy cũng còn lâu
Việt Nam sướng lắm ai ơi-chỉ cần trộm cướp no nê ấm lòng-Không làm mà cũng có ăn- 1 lần trộm cướp bằng 3 năm làm “ tự hào quá vn ơi “,0,Việt_Nam sướng lắm ai ơi-chỉ cần trộm_cướp no nê ấm lòng-Không làm mà cũng có ăn - 1 lần trộm_cướp bằng 3 năm làm “ tự_hào quá vn ơi “
"﻿Từng được giúp không lấy một đồng, giờ Jack quên hết ơn nghĩa sao? Tóm tắt livestream mới nhất: https://tinhotnew.com/viruss-livestream-moi-nhat",0,"﻿ Từng được giúp không lấy một đồng , giờ Jack_quên hết_ơn nghĩa_sao ? Tóm_tắt livestream mới nhất : https://tinhotnew.com/viruss-livestream-moi-nhat"
"là chó,cặn bã nhất của xã hội thì đúng hơn",2,"là chó , cặn_bã nhất của xã_hội thì đúng hơn"
Quá hay cho mấy anh Hàn Quốc,0,Quá hay cho mấy anh Hàn_Quốc
Lu căn bả,2,Lu căn bả
"Thằng chó, không biết xấu hổ",2,"Thằng chó , không biết xấu_hổ"
Mày vì usd ma ban linh hon,1,Mày vì usd ma ban linh_hon
Acc fake ae,0,Acc fake ae
Thành Nguyễn mong PL can thiệp và xử lý triệt để để đòi lại công bằng cho cháu,0,Thành Nguyễn_mong_PL can_thiệp và xử_lý triệt_để để đòi lại công_bằng cho cháu
không chú nào quỳ bố nó xuống nước cho ổng dẫm lên lưng bước qua...như vậy có thể mau lên chức hay sớm được chiếu cố hơn! quan nhà sản có khác...bị khuyết tật!,1,không chú nào quỳ bố nó xuống_nước cho ổng_dẫm lên lưng bước qua .. như_vậy có_thể mau lên chức hay sớm được chiếu_cố hơn !_quan nhà_sản có khác .. bị khuyết_tật !
Cai mat nha tien tri Tran Dan.nhin giong cai phau cau ga cong nghiep wa mn oi,2,Cai mat nha tien_tri Tran_Dan . nhin giong cai_phau cau ga cong nghiep wa mn oi
bắt sai còn xin lỗi dùm nó,1,bắt sai còn xin_lỗi dùm nó
xin địt mẹ m,2,xin địt mẹ m
Nguyễn Quốc An thứ học trò lồn,2,Nguyễn_Quốc_An thứ học_trò lồn
Sang hết đây :)),0,Sang hết đây :))
Nấu nổi canh chua như cái bả lồn vậy ai dám ăn. Tao nói hả cái mặt của mày nhìn như trái hủ qua,2,Nấu nổi canh_chua như cái bả lồn vậy ai dám ăn . Tao nói hả cái mặt của mày nhìn như trái hủ qua
"ủa alo bắt kiểu gì vậy ông trọng tài , hám tiền đến mức đó?",0,"ủa alo bắt kiểu gì vậy ông trọng_tài , hám tiền đến mức đó ?"
Hong Vann Thì anh tôi mà 🤣🤣,0,Hong Vann Thì anh tôi mà 🤣 🤣
đkm đứa nào bảo idol trần dần t mắc covid đấy :v,1,đkm đứa nào bảo idol trần dần t mắc covid đấy : v
Ông chủ cà phê TRUNG NGUYÊN lúc này,0,Ông chủ cà_phê_TRUNG_NGUYÊN lúc này
"Lại sủi, đúng quy trình rồi đấy",0,"Lại sủi , đúng quy_trình rồi đấy"
Vô văn hoá vl nè =)))),1,Vô văn_hóa vl nè =))
Woh Wh đễ sức ăn giỗ bà già mầy Dắk con à,2,Woh Wh_đễ sức ăn_giỗ bà_già mầy Dắk con à
Suốt ngày đi làm ô xin như con chó bên mỹ mà bị đá dập mu 2 lần rồi nên đi đái cũng khó sợ nó nhức,1,Suốt ngày đi làm ô xin như con chó bên mỹ mà bị đá dập mu 2 lần rồi nên đi đái cũng khó sợ nó nhức
Trọng tài kiểu gì thủ môn ra nửa sân bắt bóng.. Luật mới trong bóng đá mà ông trọng tài này đưa ra sao,0,Trọng_tài kiểu gì thủ_môn ra nửa sân bắt bóng .. Luật mới trong bóng_đá mà ông trọng_tài này đưa ra sao
"Chỗ sân đá bóng có người không, mà sao không ai can thiệp,3 cha con tan ác đó vậy trời, ỷ mình có tiền xem mạng người như là rát",1,"Chỗ sân đá bóng có người không , mà sao không ai can_thiệp , 3 cha_con tan_ác đó vậy trời , ỷ_mình có tiền xem mạng người như là rát"
Nguyễn Mạnh im nào con tinh trùng bé nhỏ của bố con sắp dc sống r sống nhớ làm người nha chứ làm dum dum thì động vậ đơn bào làm đc rồi tiến hóa làm chi uổng,1,Nguyễn_Mạnh_im nào con tinh_trùng bé_nhỏ của bố_con sắp dc sống r sống nhớ làm người nha chứ làm dum_dum thì động vậ đơn_bào làm đc rồi tiến_hóa làm chi uổng
Biến đi thằng âm binh,1,Biến đi thằng âm_binh
Mat lon linh ca loc nay choi xuong lam,2,Mat lon linh_ca loc nay choi xuong_lam
"Mong nhà tiên tri  luôn luôn khỏe mạnh, tránh được dịch bệnh.",0,"Mong nhà tiên_tri luôn_luôn khỏe mạnh , tránh được dịch_bệnh ."
Thằng óc chó thường có fans óc chó theo sau :))),2,Thằng óc chó thường có fans_óc chó theo sau :))
Ngu vc cố đánh làm đ j,1,Ngu vc_cố đánh làm đ j
Mặt chuột kẹp ngu như bò,2,Mặt chuột kẹp ngu như bò
Trần Sang ổ cc,1,Trần_Sang_ổ cc
Giờ mày xin lỗi thì cũng muộn rồi,0,Giờ mày xin_lỗi thì cũng muộn rồi
"Bọn khốn nạn không có đạo đức nó còn vào tận nhà nó lừa đảo cướp bóc, ở ngoài đường có là gì",2,"Bọn khốn_nạn không có đạo_đức nó còn vào tận nhà nó lừa_đảo cướp_bóc , ở ngoài đường có là gì"
Cuộc sống ai lường trc điều gì :((,0,Cuộc_sống ai lường trc điều gì : ( (
Ok Haha đừng nhé em,0,Ok Haha đừng nhé em
Chị 3 ơi trã tiền cho cô minh hiều kìa,0,Chị 3 ơi trã tiền cho cô minh_hiều kìa
Đume có mắt như mù à tiền là cái loz gì mà thik chơi thì dell công bằng ở đấy mà xàm loz hay gì ăn tiền cho đã rồi quay qua xin lỗi ủa vậy có não ko vậy hay não vứt cho c.h.ó gặm roiif,2,Đume có mắt như mù à tiền là cái loz gì mà thik chơi thì dell công_bằng ở đấy mà xàm_loz hay gì ăn_tiền cho đã rồi quay qua xin_lỗi ủa vậy có não ko vậy hay não vứt cho c . h . ó gặm roiif
Giống thằng cha warwick đánh ngu live bên hàn ngày xưa,1,Giống thằng_cha warwick đánh ngu live bên hàn ngày_xưa
Gài bẫy,0,Gài bẫy
Tàn bạo quá,1,Tàn_bạo quá
trung bình + của mấy cái thể loại hông thèm suy ngỉ nào đấy trước khi cmt =)) trên wall fb đăng đạo lý như thật để tạo lớp mặt nạ nào đấy =)) cái loại 2 mặt nhìn tởm vl thề =)),2,trung_bình + của mấy cái thể_loại hông thèm suy_ngỉ nào đấy trước khi cmt =)) trên wall fb đăng đạo_lý như thật để tạo lớp mặt_nạ nào đấy =)) cái loại 2 mặt nhìn tởm vl thề =))
Bảo sao bị bắt dân nó đánh chết cũng đáng,1,Bảo_sao bị bắt dân nó đánh chết cũng đáng
HLV OC CHO!,2,HLV OC CHO !
Đủ cách lừa,0,Đủ cách lừa
Đjt mịa thằng Trâu dê,2,Đjt mịa thằng Trâu dê
ờ ờ sủa cho cố vào mà đéo biết lũ nam kì chúng m đều từ bọn t mà ra đo cu,2,ờ ờ_sủa cho cố vào mà đéo biết lũ nam_kì chúng m đều từ bọn t mà ra đo cu
"Chiếm đoạt tiền dân thôi. Giờ toàn thề thốt chơi chữ. ""tặng quà"" chứ không phải là hối lộ. Thằng cựu bộ trưởng đổ thằng thứ trưởng, thằng thứ trưởng đổ thằng bộ trưởng. Một lũ lãnh đạo mà thua thằng giang hồ ra tòa hay những người chân chính bị bắt vì ""chống phá chế độ""",1,"Chiếm_đoạt tiền dân thôi . Giờ toàn thề thốt chơi chữ . "" tặng quà "" chứ không phải là hối_lộ . Thằng cựu bộ_trưởng đổ thằng thứ_trưởng , thằng thứ_trưởng đổ thằng bộ_trưởng . Một lũ lãnh_đạo mà thua thằng giang_hồ ra tòa hay những người chân_chính bị bắt vì "" chống_phá chế_độ """
vì cả người cầm quyền của đất nước còn khốn nạn thì dân có là gì,2,vì cả người cầm_quyền của đất_nước còn khốn_nạn thì dân có là gì
So cái địt mẹ mày bắt vậy thì về bắt tôm bắt tép đi,2,So cái địt mẹ mày bắt vậy thì về bắt tôm bắt_tép đi
sao cái vụ bỏ con chưa thấy lên tiếng,0,sao cái vụ bỏ con chưa thấy lên_tiếng
con cu m nha,1,con cu m nha
tuyển thủ top thách đấu bảo lỗi Cỡ ông chắc chưa đc đụng nó nữa mà chê,0,tuyển thủ_top thách_đấu bảo lỗi Cỡ ông chắc chưa đc đụng nó nữa mà chê
trước đó nữa ô ơi?,0,trước đó nữa ô ơi ?
Ở Việt Nam chỉ có độ tày và độ phùng thôi nhá,0,Ở Việt_Nam chỉ có độ tày và độ phùng thôi nhá
Đĩ mẹ nó lại hỏng mạng🙂,1,Đĩ mẹ nó lại hỏng mạng 🙂
Cô ba vàng ngọc nghe mắt cười vc đồ thứ nước rửa cầu tiêu mà tưởng mình là sân siêu bột kết.Nói chuyện đéo biết nhục tí nào?Cô Ba Vàng Mã hahahaha,2,Cô ba vàng ngọc_nghe mắt_cười vc_đồ thứ nước rửa cầu_tiêu mà tưởng mình là sân siêu bột kết . Nói_chuyện đéo biết nhục tí nào ?_Cô Ba_Vàng Mã_hahahaha
Thằng làm nghề giáo dục cuồng like .,1,Thằng làm nghề giáo_dục cuồng_like .
hhhh t buồn cười thật nhìn t dóng mượn đt mẹ như m ko nhỉ hhh,0,hh t buồn_cười thật nhìn t dóng mượn đt mẹ như m ko nhỉ hh
Trẻ trâu đóng film hài hả 🙂,1,Trẻ trâu đóng film hài_hả 🙂
uôi a à :)),0,uôi a à :))
Đ.m thằng ad lại dùng IE rồi =))),1,Đ.m thằng ad lại dùng IE rồi =))
Đứng đầu mẫu nghi thiên hạ,0,Đứng đầu mẫu nghi_thiên_hạ
"sợ ghê thử nói coi nghe chút đi nào, xem ai đó lên hầu toà ko nhé ,",0,"sợ ghê_thử nói coi nghe chút đi nào , xem ai đó lên hầu_tòa ko nhé ,"
Do chú đánh ngu anti có làm j đâu cũng đổ thừa đc,1,Do chú đánh ngu anti có làm j đâu cũng đổ thừa đc
rên như con chó,1,rên như con chó
Mày đi ăn cứt đi chứ sủa chi hoài z,2,Mày đi ăn_cứt đi chứ sủa chi hoài z
Tuyệt ạ,0,Tuyệt_ạ
"Tân cùng của sự khốn nạn, giỏi ra mà cướp ngân hàng, mấy chục tiền lẻ mà cũng gọi là đi cướp, hèn hạ thế",2,"Tân_cùng của sự khốn_nạn , giỏi ra mà cướp ngân_hàng , mấy chục tiền_lẻ mà cũng gọi_là đi cướp , hèn_hạ thế"
"Ảnh đầu thì chụp tên, thằng quyền nó dân Miền Bắc, ảnh thứ 2 có chữ zậy nhưng lại đ có ảnh nền của nó =)) bố cắt cái ảnh khác ghép vào. bố thằng đần độn. Loại ĐCT rách của mày ngu lắm =)) xuống rank vàng 2/17 kêu làm game khó hơn bla bla rồi trái lane ""v",2,"Ảnh đầu thì chụp tên , thằng quyền nó dân Miền_Bắc , ảnh thứ 2 có chữ_zậy nhưng lại đ có ảnh nền của nó =))_bố cắt cái ảnh khác ghép vào . bố thằng đần độn . Loại ĐCT_rách của mày ngu lắm =)) xuống rank vàng 2/17 kêu làm game khó hơn bla bla rồi trái lane "" v"
Nhìn mặt ông bà là biết rồi. Mong pháp luật xử nặng tay vào,1,Nhìn mặt ông_bà là biết rồi . Mong pháp_luật xử nặng tay vào
https://www.facebook.com/iigiz3 fb này mới real này mấy ông =)),0,https://ww.facebook.com/iigiz3 fb này mới real này mấy ông =))
Bạn nữ giọng tuyệt vời đấy kk,0,Bạn nữ giọng tuyệt_vời đấy kk
"Ở nhà giúp mẹ giúp cha , cực kì thuyết phục mã cha chúng mày",2,"Ở nhà giúp mẹ giúp cha , cực_kì thuyết_phục_mã cha chúng_mày"
Mày bắt kiểu gì đấy? Có bằng cấp gì không đấy?,0,Mày bắt kiểu gì đấy ? Có bằng_cấp gì không đấy ?
Xin đéo:)),1,Xin đéo :))
Bùn nhở,0,Bùn_nhở
"loại chó, vậy mày phải ra làm 1 lần mới biết, loại máy gặp đầu tạo đánh đo",2,"loại chó , vậy mày phải ra làm 1 lần mới biết , loại máy gặp đầu tạo đánh đo"
Địt mẹ lũ chó bán nước,2,Địt mẹ lũ chó bán nước
Ông đang phát mát đội tuyển việt nam rồi,0,Ông đang phát_mát đội_tuyển việt_nam rồi
MiMi Nguyen z cho an toàn nhe cưng,0,MiMi Nguyen_z cho an_toàn nhe cưng
Mấy thằng hàn nó k sang nó vả cho nhỉ,0,Mấy thằng hàn nó k sang nó_vả cho nhỉ
Cảnh giác không có mê trai gặp là sắp lại buôn chuyện mất cảnh giác mát là bài học,0,Cảnh_giác không có mê trai gặp là sắp lại buôn chuyện mất cảnh_giác mát là bài_học
"Thằng AD này, mày điên à",2,"Thằng AD này , mày điên à"
Hương Quỳnh,0,Hương Quỳnh
Đeo xong lại kéo xuống,0,Đeo xong lại kéo xuống
Ủa tưởng đủ 10k like gì đó bỏ game rồi sao giờ vẫn ytb nha ?,0,Ủa tưởng đủ 10 k like gì đó bỏ game rồi sao giờ vẫn ytb_nha ?
Cày view video này đê mn cho lên top trending nào 🤪,0,Cày view_video này đê_mn cho lên top trending nào 🤪
dog boy,1,dog boy
Dm trọng tài Dm trọng tài Dm trọng tài,2,Dm trọng_tài Dm trọng_tài Dm_trọng_tài
Cà khịa đi xíu thầy vô chửi cm🤦,1,Cà_khịa đi xíu thầy vô chửi cm 🤦
"coi như xong các cầu thủ không nên vui mừng quá sớm không khéo lại xôi hỏng bỏng không (lũ chúng nó tiền của nạn nhân chất độc da cam,trẻ em tàn tật,đồng bào lũ lụt,tiền trợ cấp xh",1,"coi như xong các cầu_thủ không nên vui_mừng quá sớm không_khéo lại xôi hỏng_bỏng không ( lũ chúng_nó tiền_của nạn_nhân chất_độc da_cam , trẻ_em tàn_tật , đồng_bào lũ_lụt , tiền trợ_cấp xh"
"Clm đanha bạc , chát sẽ lol, chịu rồi .",1,"Clm đanha_bạc , chát sẽ lol , chịu rồi ."
Sai 1 li đi một acc,0,Sai 1 li đi một acc
"thuốc mê thì gây mê , thầy thì gây nứng 😀",1,"thuốc mê thì gây_mê , thầy thì gây nứng 😀"
"Và,xe máy đả đi",0,"Và , xe_máy_đả đi"
Nhìn hãm lol quá,1,Nhìn hãm lol quá
phuc phung tri giống cá giồ táp cứt chứ cá lóc đâu ra ^^,1,phuc phung_tri giống cá giồ_táp cứt chứ cá_lóc đâu ra ^ ^
Chó cắn áo rách dm nó cái xã hội này người thật thà thường bị thiệt thòi còn ke chôm cấp thì nho nho ngoài pháp luật sao những thể loại đấy ko bệnh tật ốm đau chết me nó hết đi,2,Chó cắn áo rách dm nó cái xã_hội này người thật_thà thường bị thiệt_thòi còn ke chôm cấp thì nho_nho ngoài pháp_luật sao những thể_loại đấy ko bệnh_tật ốm_đau chết me nó hết đi
Tưởng xin lỗi là được à,0,Tưởng xin_lỗi là được à
Tôi hiểu cảm giác lúc đó .,0,Tôi hiểu cảm_giác lúc đó .
add e muốn mua cái này mua ở đâu ạ.,0,add e muốn mua cái này mua ở đâu ạ .
Chuyên môn đổ thừa,1,Chuyên_môn đổ thừa
Hoàng Minh Sơn Đức Hiếu mic bên kia chắc là tk nào đấy vừa chơi vừa chịch hsao ấy,0,Hoàng_Minh_Sơn Đức_Hiếu mic bên kia chắc là tk nào đấy vừa chơi vừa chịch hsao ấy
Biến mẹ mày đi,2,Biến mẹ mày đi
Sry cc,1,Sry cc
"Ca để làm bồ nhìn, pháp luật thì ko nghiêm minh",0,"Ca để làm bồ_nhìn , pháp_luật thì ko nghiêm_minh"
Taooo đi top thì cái game nó dễ quá nên t đi rừng cho nó vui hiểu chưa m muốn lên rank thì câm cái mồm vào người ta còn gánh cho t nghe t cũng dell có tâm trạng đánh và t cũng éo muốn thằng em t gánh m m hiểu chưa,0,Taoo đi top thì cái game nó dễ quá nên t đi rừng cho nó vui hiểu chưa m muốn lên rank thì câm cái mồm vào người ta còn gánh cho t nghe t cũng dell có tâm_trạng đánh và t cũng éo muốn thằng em t gánh m m hiểu chưa
Người ta vi phạm thì người chịu trách nhiệm về mức phạt đưa ra chứ phương tiện hư ai chịu trách nhiệm ko hiểu,0,Người ta vi_phạm thì người chịu trách_nhiệm về mức phạt đưa ra chứ phương_tiện hư ai chịu trách_nhiệm ko hiểu
di ngôn cuối cùng của thg đạo nhạc,0,di_ngôn cuối_cùng của thg_đạo nhạc
Mình không ai theo đuổi nè hỡi các bạn thích cô gái có nhiều người theo đuổi :)),0,Mình không ai theo_đuổi nè hỡi các bạn thích cô gái có nhiều người theo_đuổi :))
"Dkm phat ,noi nhu c",2,"Dkm phat , noi nhu_c"
Ngoc Chu đme đang ăn sáng 🙂,1,Ngoc Chu_đme đang ăn sáng 🙂
Thang khung,2,Thang khung
"TÂM THẦN CÓ THẦN LINH HƯỚNG DẪN ,DÁM LÀM .CHẾT NHÁT THÌ LÀM CHÓ ĐI ,LÀM NÔ LỆ ĐI .ÔNG TRỜI ĐANG RÂY ,LỰA LỘC AI LÀ CON ÔNG TRỜI TÀI ĐỨC VĂN VÕ TỪ BI BÁC ÁI RA LẢNH ĐẠO QUỐC GIA .AI LÀM ĐƯỢC ? TÔI VÀ ANH CHỊ .HÃY HANH ĐỘNG .TOÀN NGƯỜI VN NHÌN CHON LỰA ĐỦ TIÊU CHUẨN RA LÀM TỔNG THỐNG THAY ĐỔI CHẾ ĐỘ CSVN.",1,"TÂM_THẦN CÓ THẦN_LINH HƯỚNG_DẪN , DÁM_LÀM . CHẾT_NHÁT THÌ LÀM CHÓ_ĐI , LÀM NÔ_LỆ_ĐI . ÔNG TRỜI ĐANG RÂY , LỰA_LỘC AI LÀ CON_ÔNG TRỜI TÀI_ĐỨC_VĂN_VÕ_TỪ_BI BÁC_ÁI RA LẢNH_ĐẠO QUỐC_GIA . AI LÀM ĐƯỢC ? TÔI VÀ_ANH_CHỊ . HÃY HANH_ĐỘNG . TOÀN_NGƯỜI VN NHÌN CHON_LỰA ĐỦ TIÊU_CHUẨN RA LÀM TỔNG_THỐNG THAY_ĐỔI CHẾ_ĐỘ_CSVN ."
so ba mày clm chó chết,2,so ba mày clm chó chết
Là sao mình K hiểu sao cô gái ấy bỏ chay,0,Là sao mình K hiểu sao cô gái ấy bỏ chay
Clm mày,2,Clm mày
Cả sư đoàn anh ưii:v,0,Cả sư_đoàn anh ưii : v
chết cụ mày đi,2,chết cụ mày đi
Fake nha trang cá nhân ổng bị sập rồi,0,Fake nha_trang cá_nhân ổng bị sập rồi
Minh Công nói thật bây gio tui ghét bọn hàn như ghét cức,1,Minh_Công nói thật bây_gio tui ghét bọn hàn như ghét cức
Nói gì thì nói ci kia k bít nta mà S đứng sát lmjv . Ai biu dựng xe k rút chìa khoá .,0,Nói gì thì nói ci kia k bít nta mà S đứng sát lmjv . Ai biu dựng xe k rút chìa khóa .
":)) Con bố Phước nói đc mà đ làm được à, ngta khinh cho đấy",1,":)) Con bố_Phước nói đc mà đ làm được à , ngta_khinh cho đấy"
Lỗi lầm cc,1,Lỗi lầm cc
người ta nguu chắc m ngáo nhỉ ? Fan ruồi sáng đỡ bô cho Rách 5 triệu,1,người ta nguu chắc m ngáo nhỉ ?_Fan ruồi sáng đỡ bô cho Rách 5 triệu
Vcl aatrox dùng chiêu trật hết xong đánh thường chết adc,0,Vcl aatrox dùng chiêu_trật hết xong đánh thường chết adc
Nhà dột từ nóc,1,Nhà dột từ nóc
Ko khiên xin lỗi,0,Ko khiên xin_lỗi
so so lốn cài,1,so so lốn cài
Anh Trung Giả Kim 😂,0,Anh Trung_Giả Kim_😂
T cày 1 đêm ct lên td cmnl đánh mãi 1 chỗ mà vẫn ancut được thêm cái m0m~ để cno ỉa vào đầu k thấy nhục,1,T cày 1 đêm ct lên td cmnl đánh mãi 1 chỗ mà vẫn ancut được thêm cái m0m ~ để cno ỉa vào đầu k thấy nhục
me may du,2,me may_du
Nguyễn Việt Hưng https://www.facebook.com/iigiz3 Mời ae,0,Nguyễn_Việt_Hưng_https://ww.facebook.com/iigiz3 Mời ae
Sin lỗi ccccc,1,Sin lỗi cc
Tiên tri gi gọi là tri thần kinh,1,Tiên_tri gi gọi là tri thần_kinh
Lao gia KHUNG tien tri cai con C.,2,Lao_gia_KHUNG tien_tri cai con C .
"Lộc đéo cmt là bác đc yên r. Lộc cmt cái bác \""lên\"" nóc nhà bắt con gà... Bãi đéo nào cũng có dấu răng của L :))",1,"Lộc đéo cmt là bác đc yên_r . Lộc cmt cái bác \ "" lên \ "" nóc nhà bắt con gà .. Bãi_đéo nào cũng có dấu_răng của L :))"
Vinh Phan :)))))))))))) chán,0,Vinh Phan_:))_chán
Địch mẹ,1,Địch mẹ
có cl mà bồi thường,1,có cl mà bồi_thường
kệ cha chúng mày mọi việc đã có ĐẺNG và đám BÒ ĐỎ ÓC BÒ nó lo.,2,kệ cha chúng_mày mọi việc đã có ĐẺNG và đám BÒ ĐỎ_ÓC BÒ nó lo .
cái địt con mẹ m,2,cái địt con mẹ m
chui ra khỏi hang rồi à,0,chui ra khỏi hang rồi à
địt con mẹ mày,2,địt con mẹ mày
nhìn thằng nguyễn mạnh nó cmt là hiểu fan dách nó như nào rồi =)) toàn lũ trẩu,1,nhìn thằng nguyễn_mạnh nó cmt là hiểu fan dách nó như nào rồi =)) toàn lũ trẩu
Ho tran xuong,0,Ho tran xuong
Con linh cá lóc xấu người lại xấu nết chưa ai có cái mồm xấu như con đó,2,Con linh cá_lóc xấu người lại xấu_nết chưa ai có cái mồm xấu như con đó
Việt Nam phải như Thái Lan cướp xe máy bằng tội cướp ngân hàng có như vậy Việt Nam mới ổn,0,Việt_Nam phải như Thái_Lan cướp xe_máy bằng tội cướp ngân_hàng có như_vậy Việt_Nam mới ổn
Bọn này mà bắt đc đâ mù bép chúng nó đi,1,Bọn này mà bắt đc đâ mù_bép chúng_nó đi
"ngày xưa chưa làm lại map, ảnh pick con tướng op xong win mấy kèo tởm, xong ảnh bảo ảnh one champ cao thủ, nhưng ko có tư duy. cứ đè 1 lane đi thẳng mặc kệ tất cả",0,"ngày_xưa chưa làm lại map , ảnh pick con tướng op xong win mấy kèo tởm , xong ảnh bảo ảnh one champ cao_thủ , nhưng ko có tư_duy . cứ đè 1 lane đi thẳng mặc_kệ tất_cả"
Thằng chó mày cút khỏi đất nước tao đi thằng chó đẻ,2,Thằng chó mày cút khỏi đất_nước tao đi thằng chó đẻ
Những vụ thế này c an không vào cuộc điều tra,0,Những vụ thế_này c_an không vào_cuộc điều_tra
đúng trình tự là lên mạng viết stt chửi đổng,0,đúng trình_tự là lên mạng viết stt chửi_đổng
Sao thằng ku này chơi hay gào thét rồi nghiến răng nghiến lợi vậy nhỉ,0,Sao thằng ku này chơi hay gào_thét rồi nghiến răng nghiến lợi vậy nhỉ
Xào lăn cũng ngon anh ạ :)),0,Xào lăn cũng ngon anh ạ :))
Cực kì cái con mã mẹ tụi mày chứ thuyết phục 🤬,2,Cực_kì cái con mã mẹ tụi mày chứ thuyết_phục 🤬
Tầm nhìn ko có,0,Tầm nhìn ko có
Vô cái đb,1,Vô cái đb
Tổ Sư Bố Con Thần Kinh :))),2,Tổ_Sư Bố_Con Thần_Kinh :))
"Hiến máu phải chờ xét nghiệm có kqua rồi mới đưa máu vào sử dụng. Đất nước văn minh, giống loài thượng đẳng đấy các bạn ạ 😢😢",1,"Hiến máu phải chờ xét_nghiệm có kqua rồi mới đưa máu vào sử_dụng . Đất_nước văn_minh , giống loài thượng_đẳng đấy các bạn ạ 😢 😢"
con cháu tay rửa chén đi chê bai người dũa móng tay !,1,con_cháu tay rửa chén đi chê_bai người dũa móng tay !
Địt con mẹ. Mày ko bằng 1 con chó . mày quá thiên vị với tuyển vn chúng tôi. Tôi cầu nguyện mày chết sớm,2,Địt con mẹ . Mày ko bằng 1 con chó . mày quá thiên_vị với tuyển vn chúng_tôi . Tôi cầu_nguyện mày chết sớm
Bro Cter Main ờ hớ hờ đi eim vì 5ty rất thích=),0,Bro Cter Main_ờ hớ hờ đi eim vì 5 ty rất thích = )
Mốt hẹn vậy cho sang nè Tram Le Diệp Linh,0,Mốt hẹn vậy cho sang nè Tram_Le Diệp_Linh
như thằng bệnh,2,như thằng bệnh
cái trình đct 275đ =)) tự hào qá,0,cái trình đct 275 đ =)) tự_hào qá
Theo luật thì có nhưng thực tế cũng có mà có cái nịt,0,Theo luật thì_có nhưng thực_tế cũng có mà có cái nịt
nhưng kg lỗi j vẫn vẽ ra lỗi kg bắt lạt được lại quay ra xl thế dân sai có cho dân xl kg nhỉ,0,nhưng kg lỗi_j vẫn vẽ ra lỗi kg bắt_lạt được lại quay ra xl thế dân sai có cho dân xl kg nhỉ
"Hiểu pê đê nhục, miệng sửa như chó, đầu ngu như bò, bạn thân bóng vàng mã dơ kkkk",2,"Hiểu pê đê_nhục , miệng sửa như chó , đầu_ngu như bò , bạn thân_bóng vàng_mã dơ kk"
Nhảm nhí. Mày kiếm đâu ra cái tờ giấy này rồi vu khốg thế,1,Nhảm nhí . Mày kiếm đâu ra cái tờ giấy này rồi vu_khốg thế
Ủa mày vừa thổi còi vừa chơi post face à?!,1,Ủa mày vừa thổi còi vừa chơi post face à ? !
Đume m con đũy già trọng tài như cc ngta,2,Đume m con đũy già trọng_tài như cc ngta
nói mày ngu là thiếu tôn trọng thằng ngu mực,2,nói mày ngu là thiếu tôn_trọng thằng ngu mực
Bao ChiMiinh AnhNy Thảo ng ba ria:,0,Bao ChiMiinh AnhNy_Thảo_ng ba ria :
thằng ngu,2,thằng ngu
Trong Nam trộm cắp nhan nhạn sợ thật,1,Trong Nam trộm_cắp nhan_nhạn sợ thật
So so con mẹ mi nờ thằng chó,2,So so con mẹ mi nờ thằng chó
rồi nào lên hầu toà để biết đường hóng nè,0,rồi nào lên hầu_tòa để biết đường hóng nè
Cướp bốc VN chổ nào cũng có,0,Cướp bốc VN chổ nào cũng có
"anti ví dụ ngu, bị bắt bài câm họng",1,"anti ví_dụ ngu , bị bắt bài câm họng"
QuocAnh Tr được,0,QuocAnh Tr được
"Thịnn Truon sao t liên tưởng tới m nhỉ ""fl đi đừng tiếc """,0,"Thịnn Truon sao t liên_tưởng tới m nhỉ "" fl đi đừng tiếc """
Tỉ phú nào đấy tẩy chay đồ vô học,2,Tỉ_phú nào đấy tẩy chay_đồ vô_học
Con này hết thuốt chửa chữa rồi xin lỗi . Thua cạn lợi,2,Con này hết thuốt chửa chữa rồi xin_lỗi . Thua cạn lợi
Chắc mấy thằng lìn này vô hỏi xôi ngon kg thì kg biết thấy e cũng ngon .cô bán xôi mờ lem chảy nước miếng và cái kết đắng lòng,0,Chắc mấy thằng lìn này vô hỏi xôi ngon kg thì kg biết thấy e cũng ngon . cô bán_xôi mờ_lem chảy nước_miếng và cái kết đắng lòng
Nick giả đấy mmg,0,Nick giả đấy mmg
Đã quá muộn rồi,0,Đã quá muộn rồi
Vc,1,Vc
câm mõm vào,1,câm mõm vào
vcl bôi cứt mũi,1,vcl bôi cứt mũi
"Thằng vô danh tiểu tốt này chấp nó làm gì, cho vài tệ nói cái đéo gì nó cũng nói, có khi bảo nó chửi bố nó nó cũng chửi. Kệ nó đi! Bao giờ là quan chức hẵng hay !",2,"Thằng vô_danh tiểu_tốt này chấp nó làm_gì , cho vài tệ nói cái đéo gì nó cũng nói , có_khi bảo nó chửi bố nó nó cũng chửi . Kệ nó đi ! Bao_giờ là quan_chức hẵng hay !"
Dàn cảnh cướp xe máy manh động quá,0,Dàn cảnh cướp xe_máy manh_động quá
Đưa a Độ về bắt ít gà Tày làm khô gà bán cho các ông đấy,0,Đưa a_Độ về bắt ít gà Tày làm khô gà bán cho các ông đấy
"công kích cá nhân khác đóng góp ý kiến, m xem mới đầu t chả có chửi hay xúc phạm m cả mà m xúc phạm t trước nhé đó là công kích cá nhân đấy",0,"công_kích cá_nhân khác đóng_góp ý_kiến , m xem mới đầu t chả có chửi hay xúc phạm m cả mà m xúc_phạm t trước nhé đó là công_kích cá_nhân đấy"
Vãi cứt,1,Vãi cứt
Tội nghiệp em gái Rút kinh nghiệm lần sau chống trộm + xích chiếc xe lại nhé,0,Tội_nghiệp em_gái Rút kinh_nghiệm lần sau chống trộm + xích chiếc xe lại nhé
mỗi lần CÁAAAAAAA là má tui cười lộn ruột =]],0,mỗi lần CÁAA là má tui cười_lộn ruột_= ] ]
Trộm cắp hoành hành,1,Trộm_cắp hoành_hành
sủa câu ngứa dái thật sự =))),1,sủa câu ngứa_dái thật_sự =))
sale cc à thầy 😆😆,1,sale cc à thầy 😆 😆
Ko biết tâm sự cùng ai :)),0,Ko biết tâm_sự cùng ai :))
tao coi con quỷ mặt rỗ trần đoàn mà tao tức lồng ngực tao ak,2,tao coi con quỷ mặt rỗ trần_đoàn mà tao tức lồng_ngực tao ak
Mê trai nhe con,1,Mê_trai nhe con
Pham Nguyen Viet Dung thằng này hề điên,1,Pham Nguyen_Viet Dung thằng này hề điên
Đưa cho lũ ngu cầm đầu là hư đường hư bột hết,2,Đưa cho lũ ngu cầm_đầu là hư đường hư bột hết
Bắt đc đánh chết lại phải đi tò,1,Bắt đc đánh chết lại phải đi tò
"k ai hỏi nhưng thích trả lời, đúng mực con",0,"k ai hỏi nhưng thích trả_lời , đúng mực con"
T. Huỳnh đây,0,T. Huỳnh_đây
cả công ty với thằng giách ng.u vai..,2,cả công_ty với thằng giách ng . u vai ..
Cướp của ng nghèo. Cặn bã xã hội,2,Cướp của ng nghèo . Cặn_bã xã_hội
Lũ chó đẻ,2,Lũ chó đẻ
Cả đất nước việt nam điều biết chỉ có một người một mình trousseaus không biết,0,Cả đất_nước việt_nam điều biết chỉ có một người một_mình trousseaus không biết
Ý thức không bằng cả Huấn râu gì. Chán,1,Ý_thức không bằng cả Huấn_râu gì . Chán
Hòn Ngọc VIỄN Đông óc chó ạ :3,2,Hòn_Ngọc_VIỄN Đông_óc chó ạ : 3
tiên tri xàm,1,tiên_tri xàm
Mẹ mấy thằng trộm xe nên chém chết mẹ chúng nó,2,Mẹ mấy thằng trộm xe nên chém chết mẹ chúng_nó
Ngu vaicalon,1,Ngu vaicalon
"jack ngu dell chịu đc, bị g5r, thiên an, kicm, Mr Cường, viruss hại, bị hại 1,2 lần là phải biết chứ, dell hiểu sao mà chơi với thằng nào bị thằng đó hại, thương jack",2,"jack ngu dell chịu đc , bị g5r , thiên_an , kicm , Mr_Cường , viruss_hại , bị hại 1,2 lần là phải_biết chứ , dell hiểu sao mà chơi với thằng nào bị thằng đó hại , thương jack"
"bắt được đập chết mẹ hết, như cái lũ trộm chó đo, mới răng đe đc tụi này",2,"bắt được đập chết mẹ hết , như cái lũ trộm chó đo , mới răng đe đc tụi này"
Địt con mẹ mày thằng đầu buồi rẻ rách,2,Địt con mẹ mày thằng đầu buồi rẻ rách
Hải Yến bố cái con thái lọ,2,Hải_Yến bố cái con_thái lọ
Xin lỗi cl,1,Xin_lỗi cl
Dan ong hay dan ma co rau vay troi,0,Dan_ong hay dan_ma co rau vay troi
Chí Bảo nhung chứ chung cc à,1,Chí_Bảo_nhung chứ chung cc à
"Đmm chúng nó cứ giết người kiều này, có ngày người nhà người ta đánh bomm chết cha lũ bác sỹ như mày.!!!",2,"Đmm chúng_nó cứ giết người kiều này , có ngày người_nhà người ta đánh bomm chết cha lũ bác_sỹ như mày . ! !"
Ông già lại bắt tôi quảng cáo ae ạ. Sói said. :v,0,Ông_già lại bắt tôi quảng_cáo ae ạ . Sói said . : v
Tao lại buồn cười Tao chấp một thằng ngơ thì tao ngơ theo à chấp 1 thằng ngu thì lại ngu theo còn chấp mày nói chuyện Dưới đít tao thì tao lại = mày rồi,2,Tao lại buồn_cười Tao_chấp một thằng ngơ thì tao ngơ theo à_chấp 1 thằng ngu thì lại ngu theo còn chấp_mày nói_chuyện Dưới đít tao thì tao lại = mày rồi
nick ảo thì sao bạn ? Nói cho đúng thì thôi chứ nick nào nó đéo là vấn đề ở đây bạn à,0,nick ảo thì sao bạn ?_Nói cho đúng thì_thôi chứ nick nào nó đéo là vấn_đề ở đây bạn à
Luật pháp ko nghĩ,0,Luật_pháp ko nghĩ
Sẵn đây e nói lun. Hôm bữa e có nhặt được cộng lông ở nhà nghỉ ac nào đánh rơi thì tìm e e cho xin lại 😁,0,Sẵn đây e nói lun . Hôm bữa e có nhặt được cộng_lông ở nhà_nghỉ ac nào đánh_rơi thì tìm e_e cho xin lại 😁
"Tội chị quá, tốt bụng bị nó lừa",0,"Tội chị quá , tốt_bụng bị nó lừa"
Đặng Truờng chia buồn cùng gia đình kid cận huyết trồn lường,2,Đặng_Trường chia buồn cùng gia_đình kid cận_huyết trồn lường
Thằng ad lại sủa.,1,Thằng ad lại sủa .
Cô my cho ăn chai sting vô đầu nha thầy,1,Cô my cho ăn chai_sting vô_đầu nha thầy
Địt mẹ thg hát nhá !! Lấy ngay cái đít anh độ nói chuyện haizzzz :(((,2,Địt mẹ thg hát nhá ! ! Lấy ngay cái đít anh độ nói_chuyện haizz : ( (
Thơ hay quá bác ơi triệu like,0,Thơ hay quá bác ơi triệu like
đóm rác cay à,1,đóm rác cay à
Đệt 2 năm r đã bốc mộ r,0,Đệt 2 năm r đã bốc_mộ r
VUI QUA ONG TRAN DAN THAT DE THUONG !,0,VUI QUA ONG TRAN_DAN THAT_DE THUONG !
🚬 EM CÓ BÁN 1 SỐ DÒNG THUỐC LÁ THƠM ☕,0,🚬_EM CÓ BÁN 1 SỐ DÒNG THUỐC_LÁ THƠM ☕
Lỗi cmm mày ăn hối lộ xin lỗi à mày bắt còn thua 1 thằng con nik,2,Lỗi cmm mày ăn_hối_lộ xin_lỗi à mày bắt còn thua 1 thằng con nik
Trần dần là cộngg sản nằm vùng bên cali😂,0,Trần_dần là cộngg_sản nằm vùng bên cali 😂
Cởi bố ra cho rồi ngứa mắt á🤦‍♀️,1,Cởi bố ra cho_rồi ngứa mắt á_🤦 ‍_♀ ️
mẹ kiếp xã hội bây giờ éo biết đâu mà lần,1,mẹ kiếp xã_hội bây_giờ éo biết_đâu mà lần
sợ bị khui sủa mẹ ra đi còn văn vở,1,sợ bị khui sủa mẹ ra đi còn văn_vở
https://www.facebook.com/profile.php?id=100074232046267 Rip nó anh em,2,https://ww.facebook.com/profile.php?id=10074232046267 Rip nó anh_em
bọn m ra ngoài thì làm được gì? Khác đéo gì cạn bã của xã hội không?,2,bọn m ra ngoài thì làm được gì ? Khác đéo gì cạn_bã của xã_hội không ?
"tao đố mày cả đời chạy xe ko vi phạm, bừng bô có ngày úp bô vào mặt.",1,"tao đố mày cả đời chạy xe ko vi_phạm , bừng_bô có ngày úp bô vào mặt ."
Bắt dc cứ đập gẫy tay chân tay đi tù về xong lại vẫn đi nv ak,1,Bắt dc cứ đập gẫy tay_chân_tay đi tù về xong lại vẫn đi nv ak
cút khỏi việt nam,1,cút khỏi việt_nam
Hay lắm a ơi,0,Hay lắm a ơi
Xe đi rồi xôi ở lại,0,Xe đi rồi xôi ở lại
nó khóc rồi đầy tổ ruồi r,1,nó khóc rồi đầy tổ ruồi r
Hoàng Yến đâu trêu thế =)))) b chưa xem qcao lẩu phan à,0,Hoàng_Yến đâu trêu_thế =))_b chưa xem qcao lẩu phan_à
Bắt VN cho công bằng vào thì k muốn bay nick,1,Bắt VN cho công_bằng vào thì k muốn bay nick
Có . Mà có cái lon . Đm nó nhé . Đm cả dòng họ ad xạo lozn,2,Có . Mà có cái lon . Đm nó nhé . Đm cả dòng_họ ad xạo lozn
Dã man trắng trợn,1,Dã_man trắng_trợn
nhân sinh có vấn đề,1,nhân_sinh có vấn_đề
ngậm đi em văn còn kém lắm công kích riêng thì ib anh :)) ngứa đít lắm e,1,ngậm đi em văn còn kém lắm công_kích riêng thì ib anh :))_ngứa đít lắm e
Đang nói chuyện này cái ổng bẻ lái qua chuyện khác mãi :v,0,Đang nói_chuyện này cái ổng bẻ lái qua chuyện khác mãi : v
Mày coi lại não mày load hết được cmt tao chưa rồi hỏi trình độ của tao sau,0,Mày coi lại não mày load hết được cmt tao chưa rồi hỏi trình_độ của tao sau
đường cùng :))). m nhìn mực cho giống đường cùng không hả :)))) bản thân nó muốn vậy m lại bảo đường cùng. loại nịnh dái. :)))))),1,đường cùng :)) . m nhìn mực cho giống đường cùng không hả :)) bản_thân nó muốn vậy m lại bảo đường cùng . loại nịnh_dái . :))
Khải Nguyễn khác giá tiền đó anh :((,0,Khải Nguyễn_khác giá tiền đó anh : ( (
cái đoạn đầu là sao z mn,0,cái đoạn đầu là sao z mn
BaoChau HoangMinh Thái coi t tìm dc gì này,0,BaoChau HoangMinh_Thái coi t tìm dc gì này
Quả báo sẽ ko chừa 1 ai...đợi đi sẽ đến sớm với mày thôi,1,Quả báo sẽ ko chừa 1 ai .. đợi đi sẽ đến sớm với mày thôi
"Chúng tôi văn minh chúng tôi ko chửi bạn nữa nhưng mong bạn xem lại trận đấu để xem bạn có sai hay là không. Quả thủ môn ra ngoài cho dù không phạm lỗi thì cũng bắt bóng ngoài vòng cấm địa hay quả chạm tay , cầu thủ chúng tôi đã bất lực quỳ trước mặt … Xem thêm",0,"Chúng_tôi văn_minh chúng_tôi ko chửi bạn nữa nhưng mong bạn xem_lại trận đấu để xem bạn có sai hay_là không . Quả_thủ_môn ra ngoài cho_dù không phạm lỗi thì cũng bắt bóng ngoài vòng cấm_địa hay quả chạm tay , cầu_thủ chúng_tôi đã bất_lực quỳ trước mặt … Xem thêm"
Không chừa mọi thủ đoạn nào của bọn cướp,0,Không chừa mọi thủ_đoạn nào của bọn cướp
Đánh hay như sion nhập mà không được đi thi đấu xong đi tìm mấy anh châu âu đi đầu tư bị nợ 5 củ tỏi số anh này khổ quá,0,Đánh hay như sion_nhập mà không được đi thi_đấu xong đi tìm mấy anh châu_âu đi đầu_tư bị nợ 5 củ tỏi số anh này khổ quá
Tiếc hùi hụi vì miếng đất nước kìa,0,Tiếc hùi_hụi vì miếng đất_nước kìa
Bóng gió sao nó hõn thấy ghê đã là người không được may mắn sao không biết tu bớt để an nhàn tâm hồn cứ sân si bởi vậy làm ảnh hưởng đến cộng đồng  người đồng tính đa phần họ hiền lành dễ thương mà sao đám quỹ chửi mất dạy quá conquy già kim ngọc  ngọc hiếu sao không biết nhục mà chương mặt ra,2,Bóng gió sao nó hõn thấy ghê đã là người không được may_mắn sao không biết tu bớt để an_nhàn tâm_hồn cứ sân_si bởi_vậy làm ảnh_hưởng đến cộng_đồng người đồng_tính đa_phần họ hiền_lành dễ_thương mà sao đám quỹ chửi mất dạy quá conquy già kim_ngọc ngọc_hiếu_sao không biết nhục mà chương mặt ra
Không sao đâu ạ cứ làm đi.làm những gì chúng mày muốn. Luật nhân quả không chừa ai đâu,1,Không sao đâu ạ cứ làm đi . làm những gì chúng_mày muốn . Luật nhân_quả không chừa ai đâu
Thằng nào mạnh chẳng muốn ăn thằng khác. VN lúc có quân đội mạnh tí nữa thì nuốt đc thằng Cam kìa :)),1,Thằng nào mạnh chẳng muốn ăn thằng khác . VN lúc có quân_đội mạnh_tí nữa thì nuốt_đc thằng Cam_kìa :))
Một lũ quan liêu tiên sư bố chúng nó,2,Một lũ quan_liêu tiên_sư bố chúng_nó
gọi người lớn tuổi hơn mình là con gà là văn minh dữ chưa? Tkg vô học vô ơn làm tới đi,1,gọi người lớn_tuổi hơn mình là con gà là văn_minh dữ chưa ?_Tkg vô_học vô_ơn làm_tới đi
Ông già lấy tiền sữa của tôi đi mua giải rồi anh em ạ - Sói said.,0,Ông_già lấy tiền sữa của tôi đi mua giải rồi anh_em ạ - Sói_said .
Đu ma lên,2,Đu ma lên
Kịch bản này thì rất đáng sợ.,0,Kịch_bản này thì rất đáng sợ .
Đcm thằng súc vật,2,Đcm thằng súc_vật
Hàng lazada,0,Hàng lazada
Bồi con cạc nó á,1,Bồi con cạc nó á
Chị nói tức cười ghê Chị đẹp lắm,0,Chị nói tức cười ghê_Chị đẹp lắm
bố thằng hâm,1,bố thằng hâm
Dy Dy em thấy nhiều ng khen nè =)))) a đừng quan tâm em review mà nên đi xem thử đi,0,Dy Dy em thấy nhiều ng khen nè =))_a đừng quan_tâm em review mà nên đi xem thử đi
Thảo Tròn nhớ đồng bọn qá cơ 🤧 cố gắng thôi nào 💓,0,Thảo_Tròn nhớ đồng_bọn qá cơ_🤧 cố_gắng thôi nào 💓
mở mồm là độc tài,1,mở mồm là độc_tài
mày thì hay rùi mở miệng ra thấy thúi quắc,1,mày thì hay rùi mở_miệng ra thấy thúi quắc
Bất lương quá! Nghèo khổ đi bán xôi Vĩa hè có chiếc xe làm phương tiện đi đứng cũng bị cướp cạn cưởm mất,1,Bất_lương quá ! Nghèo_khổ đi bán_xôi Vĩa_hè có chiếc xe làm phương_tiện đi_đứng cũng bị cướp cạn cưởm mất
Xin lỗi cái đ*t m* m*y bắt lỗi thằng thủ môn như l*n,2,Xin_lỗi cái đ * t m * m * y bắt lỗi thằng thủ_môn như l * n
"Đm cướp j mà ác Vy,",1,"Đm cướp j mà ác_Vy ,"
😿,0,😿
chấp nó làm đ anh mình ơi,1,chấp nó làm đ anh mình ơi
Người tướng hợp nhất,0,Người tướng_hợp nhất
"Moẹ mấy con đ đồng cảm với người ta thì thôi Cmt hãm vcl,chắc đồng loại với3 con đó",2,"Moẹ mấy con đ đồng_cảm với người ta thì thôi Cmt hãm vcl , chắc đồng loại với3 con đó"
LÃNH ĐẠO VFF QUÁ BẠC NHƯỢC !,0,LÃNH_ĐẠO VFF QUÁ BẠC_NHƯỢC !
Mắc đ*t quá,1,Mắc đ * t quá
Cái lồn,1,Cái lồn
Bắt đéo đc,1,Bắt đéo đc
Nhìn mặt 3 cha con hách dịch ghê !,2,Nhìn mặt 3 cha_con hách dịch ghê !
Me lu cho nha nuoc dau zo coi du me an hoi lo la gioi ko bat het thu nay j,2,Me_lu cho nha nuoc dau zo coi du_me an_hoi lo la_gioi ko bat het thu nay j
Lỗi conkac,1,Lỗi conkac
có trình thì nc em nhé,0,có trình thì nc em nhé
Xin xin con cẹc. Thằng lồn,2,Xin xin con cẹc . Thằng lồn
Người ta khổ rồi còn ko tha,0,Người ta khổ rồi còn ko tha
ô não chubin à ngta đăng bài pr cho kata ô qua kêu bú fame ? Tôi hỏi thật ô học hết c3 chưa v???,1,ô não chubin à ngta đăng bài pr cho kata ô qua kêu bú fame ? Tôi hỏi thật ô_học hết c3 chưa v ? ?
Bọn cướp xe đâu phải con người đâu mà,1,Bọn cướp xe đâu phải con_người đâu mà
"Tk này ngu vcl xem steam nó đổ thừa cay dái , tạo drama để nổi chứ biết là tk cc nào mà nó nổi vì ngu cũng hay",2,"Tk này ngu vcl xem steam nó đổ thừa cay_dái , tạo drama để nổi chứ biết là tk cc nào mà nó nổi vì ngu cũng hay"
Cậy có tiền muốn đánh ai thì đánh luật phạp ở đâu,0,Cậy có tiền muốn đánh ai thì đánh luật phạp ở đâu
dốt như con súc vật nhận kèo bạch kim vàng rách oai,2,dốt như con súc_vật nhận kèo bạch_kim vàng rách oai
Hùng Khâu ừ xuống bạc chơi với t này,0,Hùng Khâu ừ xuống bạc chơi với t này
Phan Nhuệ Anh ;)) gì vậy má,0,Phan_Nhuệ_Anh ; ) ) gì vậy má
CHỈ MONG TRỜI XANH TRÊN CAO SOI THẤU XUI KHIẾN LÃNH ĐẠO TẤT CẢ CÁC NƯỚC TRỪ BỌN TRUNG QUỐC ĐUỔI HẾT BỌN QUAN VÀ CON CHÁU CỦA TẤT CẢ BỌN ĐẢNG VIÊN CS KO TRỪ MỘT AI _ KỂ CẢ HỌ ĐÃ RA KHỎI ĐẢNG RA KHỎI CÁC NƯỚC KO CHO CƯ TRÚ KO CHO NHẬP CẢNH ( KO CHÚNG,1,CHỈ MONG_TRỜI XANH TRÊN CAO_SOI THẤU_XUI KHIẾN LÃNH_ĐẠO TẤT_CẢ CÁC NƯỚC_TRỪ BỌN_TRUNG_QUỐC_ĐUỔI HẾT BỌN QUAN_VÀ CON_CHÁU CỦA TẤT_CẢ BỌN ĐẢNG_VIÊN CS_KO TRỪ_MỘT AI__ KỂ_CẢ HỌ ĐÃ RA KHỎI ĐẢNG RA KHỎI CÁC NƯỚC KO CHO CƯ_TRÚ KO CHO NHẬP_CẢNH ( KO CHÚNG
Cút mẹ mày đi!!!,2,Cút mẹ mày đi ! !
Tú cho anh Ba con blue,0,Tú cho anh Ba con blue
ổng nói lập kênh mới chứ không nói xóa kênh cũ,0,ổng nói lập kênh mới chứ không nói xóa kênh cũ
tính ra đánh nhà là win rồi ngựa ngựa Q Q,1,tính ra đánh nhà là win rồi ngựa ngựa Q Q
"suy cho cùng theo m ĐÀN BÀ vẫn là đáy xh nhỉ, nói chuyện suy nghĩ bằng đầu dưới hay sao thở câu nào khắm câu đó thế? loại đầu rỗng như m idol nó cx đúng, đến cả những đức tính cơ bản nhất tạo nên con người idol m còn đéo có thì sủa cái j? nhót",2,"suy cho cùng theo m ĐÀN_BÀ vẫn là đáy xh_nhỉ , nói_chuyện suy_nghĩ bằng đầu dưới hay sao thở câu nào khắm câu đó thế ? loại đầu rỗng như m idol nó cx đúng , đến cả những đức_tính cơ_bản nhất tạo nên con_người idol m còn đéo có thì sủa cái j ?_nhót"
Lũ này bắt đc thì khấc nhẹ 2 cọng gân chân rồi thả nó về,1,Lũ này bắt_đc thì khấc nhẹ 2 cọng gân chân rồi thả nó về
mấy cđ dislike là mấy cđ khùn lồn,2,mấy cđ dislike là mấy cđ khùn lồn
Cuộc sống mà 😩,0,Cuộc_sống mà 😩
m học tiếng anh lắm ko bằng mà why đmm,2,m học tiếng anh lắm ko bằng mà why đmm
địt mẹ trọng tài,2,địt mẹ trọng_tài
kkk ông nhõi kia chắc 2k5 2k6 sáng vẫn xin mẹ tiền mua xôi cứ vào đây để trình bày,1,kk ông nhõi kia chắc 2 k5 2 k6 sáng vẫn xin mẹ tiền mua xôi cứ vào đây để trình_bày
Xa hoi tồi tệ,1,Xa_hoi tồi_tệ
thầy đẹp trai quá mấy đứa,0,thầy đẹp_trai quá mấy đứa
Đậu má một xã hội tranh thủ cướp lẫn nhau,1,Đậu má một xã_hội tranh_thủ cướp lẫn nhau
"Khốn nạn, cả nhà nó sẽ bị báo ứng.",2,"Khốn_nạn , cả nhà nó sẽ bị báo_ứng ."
kiện được không kakaka,0,kiện được không kakaka
xin lỗi cc bố vote cho pay mẹ facebook,1,xin_lỗi cc bố vote cho pay mẹ facebook
Sorry con cẹc,1,Sorry con cẹc
luc bao 2 len kc bn tien nhi,0,luc bao 2 len kc bn tien nhi
Cực kì thuyết được của ló,0,Cực kì_thuyết được của ló
Bon này không phải con người- nhân quả rồi sẽ đến với bọn mày thôi,2,Bon này không phải con_người - nhân_quả rồi sẽ đến với bọn mày thôi
thằng này nó chơi với tiến bịp hay sao mà nó lại k xanh chín thế ông nhỉ :)),1,thằng này nó chơi với tiến_bịp hay sao mà nó lại k xanh chín thế ông nhỉ :))
"còn rác thì chỉ là thằng ăn cháo đá bát lừa thầy phản bạn ,bỏ vợ bỏ con đúng ko nhỉ",2,"còn rác thì chỉ là thằng ăn cháo đá bát_lừa thầy phản_bạn , bỏ vợ bỏ con đúng ko nhỉ"
Bé Ba vailone:))),1,Bé Ba_vailone :))
Loại ni bắt được nhốt tới chết luôn.Ghét nhất thể loại ni,1,Loại ni bắt được nhốt tới chết luôn . Ghét nhất_thể_loại ni
"Nguyễn Phước uh, thế thì tia cực tím nó có tăng lên thì cũng là lỗi của Mỹ, của Tàu cả nhé, khỏi lôi ra mà chửi Nhà nước nhé, chứ cả VN này có ngừng SX công nghiệp cho các thím ngồi đói rã họng ra cũng dew bớt nóng, bớt cực tím đc đâu :v",1,"Nguyễn_Phước_uh , thế thì tia cực tím nó có tăng lên thì cũng là lỗi của Mỹ , của Tàu cả nhé , khỏi lôi ra mà chửi Nhà_nước nhé , chứ cả VN này có ngừng SX_công_nghiệp cho các thím ngồi đói_rã họng ra cũng dew bớt nóng , bớt cực tím đc đâu : v"
Sorry qq trọng tài bắt như qq ngta v á,1,Sorry qq_trọng_tài bắt như qq ngta v á
Khôi Nguyên bảo nó cay nó lại cắn mình bạn ơi cắn sáng giờ,0,Khôi_Nguyên bảo nó cay nó lại cắn mình bạn ơi cắn sáng giờ
mình sai tè le ra thì bảo miệng đời:)) toxic chúa méo ai bằng,1,mình sai tè_le ra thì bảo miệng đời :)) toxic_chúa méo ai bằng
Hơn 48 tiếng trôi qua lặng lõe :))),0,Hơn 48 tiếng trôi qua lặng_lõe :))
Khoe puồi,1,Khoe puồi
Bọn siêng ăn nhác làm,1,Bọn siêng ăn_nhác làm
Mẹ mày trọng tài,2,Mẹ mày trọng_tài
"đây có phải cái thằng đi cày thuê thua 2/17 xong ngồi chửi khách tụt điểm của khách không ? =)) đánh rank vàng, mình đct gặp ngày rừng bên kia thách đấu à =)) tư duy chiến thuật mà cũng feed được 17 mạng thì giỏi đấy chứ, người bình thường feed thế đ' … Xem thêm",1,"đây có phải cái thằng đi cày thuê thua 2/17 xong ngồi chửi khách tụt_điểm của khách không ?_=)) đánh rank vàng , mình đct gặp ngày rừng bên kia thách_đấu à =)) tư_duy chiến_thuật mà cũng feed được 17 mạng thì giỏi đấy chứ , người bình_thường feed thế đ ' … Xem thêm"
"Lối dạy con của ông bố không thể chấp nhận,pháp luật nên can thiệp và xử lý luôn cả người bố thì mai ra mới răn đe được các cháu nhỏ hiện tại.vì trong môi trường học hiện nay,có rất nhìu các bặc phụ huynh ko cần biết đúng sai,miễn thấy con mình bị trầy bị xướt là đổ hết lỗi cho bạn học chung lớp,thậm chí muốn oánh luôn cả phụ huynh của em kia.",0,"Lối dạy con của ông bố không_thể chấp_nhận , pháp_luật nên can_thiệp và xử_lý luôn cả người bố thì mai ra mới răn_đe được các cháu nhỏ hiện_tại . vì trong môi_trường_học hiện_nay , có rất nhìu các bặc phụ_huynh ko cần biết đúng_sai , miễn thấy con mình bị trầy bị xướt là đổ hết lỗi cho bạn học chung lớp , thậm_chí muốn oánh luôn cả phụ_huynh của em kia ."
Trọng tài bắt vậy cho nghỉ việc vĩnh viễn đi FIFA,0,Trọng_tài bắt vậy cho nghỉ_việc vĩnh_viễn đi FIFA
Minh Khang Hà nhận việc,0,Minh Khang_Hà_nhận việc
bất đồng chính kiến là tụi thân trung cộng ghép tội VN phản động.... khốn nạn bọn chó+svn,2,bất_đồng chính_kiến là tụi thân trung_cộng ghép tội VN phản_động .. khốn_nạn bọn chó + svn
Hoàng Ngọc Hòa sũa cc,1,Hoàng_Ngọc_Hòa sũa cc
có bạn ưi :)),0,có bạn ưi :))
"chia buồn cùng gia đình kid cận huyết sua chill lofi thêm sinh động t,ang lễ bà già kid",2,"chia buồn cùng gia_đình kid cận_huyết sua chill lofi thêm sinh_động t , ang lễ bà_già kid"
xin lỗi cc t nè thg lồn,2,xin_lỗi cc t nè thg lồn
Gdinh nó có công vs cmang. Còn gdinh ad trốn chui lủi như chó. Thấy nó giàu và béo hơn mình thì ghen tỵ😂😂😂,1,Gdinh nó có công_vs cmang . Còn gdinh ad trốn chui_lủi như chó . Thấy nó giàu và béo hơn mình thì ghen tỵ 😂 😂
"Biết là FB fake nhưng vẫn phải chửi Trousier là một kẻ ăn hại bậc nhất thế giới. 6 trận chính thức VN ko kiếm nổi điểm nào, có trânh còn 0 cú sút goal. Biến đi Trousier",1,"Biết là FB_fake nhưng vẫn phải chửi_Trousier là một kẻ ăn_hại bậc nhất thế_giới . 6 trận chính_thức VN ko kiếm nổi_điểm nào , có trânh còn 0 cú sút_goal . Biến đi Trousier"
Nguyễn Triệu Thu Thảo mệt lòn 🙂,1,Nguyễn_Triệu_Thu_Thảo mệt_lòn 🙂
Ai kêu ngựa,0,Ai kêu ngựa
"Bọn mày thanh niên trai tráng lm ăn đàng hoàng ko chịu, lại thích ăn cắp ăm trộm,mong bọn mày chết sớm đi để xã hội sạch sẽ hơn",2,"Bọn mày thanh_niên trai_tráng lm ăn đàng_hoàng ko_chịu , lại thích ăn_cắp ăm_trộm , mong bọn mày chết sớm đi để xã_hội sạch_sẽ hơn"
về 572 gia định mà đòi đất ....kkkkkk..già mà ngu vl,1,về 572 gia_định mà đòi đất .. kk .. già mà ngu vl
ý thức nd đã kém rồi nói gì đến mấy anh bụng phệ,1,ý_thức nd đã kém rồi nói_gì đến mấy anh bụng phệ
Tội mê trai,1,Tội mê trai
"tiếng anh còn sai ngữ pháp, tọc mạch thì hay, ăn nói thì chả ra hệ thống gì mà vẫn muốn đối kháng tưởng mình là nạn nhân!",0,"tiếng anh còn sai_ngữ_pháp , tọc_mạch thì hay , ăn_nói thì chả ra hệ_thống gì mà vẫn muốn đối_kháng tưởng mình là nạn_nhân !"
Nhanh dữ dị bâyyyyyy,0,Nhanh dữ dị_bâyy
Fuck your asss,2,Fuck your ass
Cút cụ mày đi,2,Cút cụ mày đi
má nó đánh lộn đồng minh r,0,má nó đánh_lộn đồng_minh r
Khung này ổn áp không thầy,0,Khung này ổn_áp không thầy
mọi ng ko đc ăn hiếp anh zách nữa mãi là ruồi phát sáng nhé,1,mọi ng ko đc ăn_hiếp anh zách nữa mãi là ruồi phát sáng nhé
Vn tôi đó,0,Vn tôi đó
trả lời lạc đề nhá bác....0 điểm về chổ,0,trả_lời lạc_đề nhá bác .. 0 điểm về chổ
Tức nhiêng là tiêng chi dũ chụ chần dần bình an tức nhiêng là miễn nhiễm dới di chùng...,0,Tức_nhiêng là tiêng chi_dũ chụ chần dần bình_an tức_nhiêng là miễn_nhiễm dới di_chùng ..
Trái lane toxic =)))) bú win lên dct,1,Trái lane toxic =))_bú win lên dct
Nếu mà mồm với chân ko hoạt động thì đây là tuyển thủ vn vươn tầm quốc tế rồi,0,Nếu mà mồm với chân_ko hoạt_động thì đây là tuyển_thủ vn vươn_tầm quốc_tế rồi
Ahihi đồ ngốk 😂😂😂,0,Ahihi đồ ngốk 😂 😂
Bạch kim tự hào ác z =))),0,Bạch_kim tự_hào ác_z =))
https://www.facebook.com/profile.php?id=100074232046267 fb nó,0,https://ww.facebook.com/profile.php?id=10074232046267 fb nó
Ngu hay sao kệ mẹ ngta đi mấy đứa sân si nói ngta hãy nhìn tới mình con bay hay quá trình bay bằng ngta ko tuy tau đéo liên quan tới ông này nhưng ghét thể loại ko hơn ai mà hay thích sân si,1,Ngu hay sao kệ mẹ ngta đi mấy đứa sân si nói ngta hãy nhìn tới mình con bay hay quá_trình bay bằng ngta ko tuy tau_đéo liên_quan tới ông này nhưng ghét_thể_loại ko hơn ai mà hay thích sân si
Xin concac đmm,2,Xin concac đmm
"Dẹp hết lũ sư quốc doanh đi , vừa là ổ phá hoại đạo pháp vừa là cơ sở của bọn nằm vùng và phá nát văn hoá VN",2,"Dẹp hết lũ_sư quốc_doanh đi , vừa là ổ phá_hoại đạo_pháp vừa là cơ_sở của bọn nằm_vùng và phá nát văn_hóa VN"
khóc chưa bạn,0,khóc chưa bạn
fai nói 1 điều mày khóc thuê à ad . sẽ sớm thôi mày sẽ bị dờ gáy,1,fai nói 1 điều mày khóc thuê à ad . sẽ sớm thôi_mày sẽ bị dờ gáy
Cave mãi là Cave thôi,1,Cave mãi là Cave thôi
Thùng rỗng kêu to là đây chứ đâu =]],1,Thùng rỗng kêu to là đây chứ đâu = ] ]
Đ m bọn phản động này,2,Đ m bọn phản_động này
Hai con súc vật này trước kia đội nhau Lên đầu bây giờ quay lại cắn nhau hả,2,Hai con súc_vật này trước_kia đội nhau Lên đầu bây_giờ quay lại cắn nhau hả
Tụi học trò vô văn hóa,2,Tụi học_trò vô_văn hóa
"Đụ mẹ tao giết cả dòng họ , tao phá đất nước của mày rồi tao xin lỗi được không ?",2,"Đụ mẹ tao giết cả dòng_họ , tao phá đất_nước của mày rồi tao xin_lỗi được không ?"
Sorry con đỉ mẹ mày,2,Sorry con đỉ mẹ mày
Piến,1,Piến
Lời xin lỗi muộn màng,0,Lời xin_lỗi muộn_màng
Dat Ngo Già rồi mà sao ăn nói ngu học thếQ,1,Dat Ngo_Già rồi mà sao ăn_nói ngu_học thếQ
nghe cái mỏ xl thấy ghét mày đừng nói là chưa bao giờ mày mắc lỗi nha rồi câm cái mồm lại và cút cho tao thằng ngu,2,nghe cái mỏ xl thấy ghét mày đừng nói là chưa bao_giờ mày mắc lỗi_nha rồi câm cái mồm lại và cút cho tao thằng ngu
NGU NGỐC.,1,NGU NGỐC .
Đúng đóm con nguu như idol đầu bu.ồi giẻ rách của nó vậy :))) xưa nó ở GVR đ có mấy ae giúp đỡ thì nó cũng chỉ là thằng xách nước bổ cam lau dọn ghế cọ nhà vệ sinh trong đấy thôi nhé.,2,Đúng đóm con nguu như idol đầu bu . ồi giẻ_rách của nó vậy :)) xưa nó ở GVR đ có mấy ae giúp_đỡ thì nó cũng chỉ là thằng xách nước_bổ cam_lau dọn ghế_cọ nhà_vệ_sinh trong đấy thôi nhé .
mày cũng là con tinh trùng mà tinh trùng khuyết tật,2,mày cũng là con tinh_trùng mà tinh_trùng khuyết_tật
Ở bắc mà như này dân họ đuổi bằng đc luôn,0,Ở bắc mà như này dân họ đuổi bằng đc luôn
Nguyễn Trọng Thái xạo lol vừa thôi,1,Nguyễn_Trọng_Thái xạo lol vừa thôi
Lời xin lỗi muộ màng,0,Lời xin_lỗi muộ_màng
Dũng Đào :)) clm gì z,0,Dũng Đào_:))_clm gì z
"bị hack fb đó, cmt này thấy vô tri lắm b ơi",0,"bị hack fb đó , cmt này thấy vô_tri lắm b ơi"
Ad não ngắn vl... Đó chỉ là fb giả lợi dụng trường hợp con bé mỹ linh kia để câu like page thôi. Ngu lắm ad ạ!!,2,Ad não ngắn vl .. Đó chỉ là fb giả lợi_dụng trường_hợp con_bé mỹ_linh kia để câu like page thôi . Ngu lắm ad ạ ! !
Duoc tien minh hieu con đy me,1,Duoc tien_minh hieu con đy me
công nhận bạn nịnh dái hay ghê :))),1,công_nhận bạn nịnh_dái hay ghê_:))
"Dm cái giọng con lol, phải em út trong nhà tao tát gãy răng",2,"Dm cái giọng con lol , phải em_út trong nhà tao tát gãy răng"
Bú fame ít thôi bé ơi!!,0,Bú fame ít thôi bé ơi ! !
"đi bên cạnh , đứng phía sau để ăn chửi chung chứ làm mẹ j :))",1,"đi bên cạnh , đứng phía sau để ăn_chửi chung chứ làm mẹ j :))"
Mẹ mi con chó aen cức,2,Mẹ mi con chó aen cức
Thảo Đào Văn giàu hết r đi làm công để làm gì.tay nhanh hơn não.lướt fb nhớ gắn não vô nha,1,Thảo Đào_Văn_giàu hết r đi làm_công để làm gì . tay nhanh hơn não . lướt fb nhớ gắn não vô_nha
Hóng mãi cái gala của bác Trần. Rất ok!,0,Hóng mãi cái gala của bác Trần . Rất ok !
má fong rộng z ma la ngột ngạt me nó,1,má fong rộng z ma_la ngột_ngạt me nó
những con sán dây tuyên giáo,2,những con sán dây tuyên_giáo
Tha cho đớp ít c.ứt thôi đã là may rồi. Nó còn đớ.p không còn tý cứ.t nào luôn.,2,Tha cho đớp ít c . ứt thôi đã là may rồi . Nó còn đớ . p không còn tý cứ . t nào luôn .
Mún tìm cũng khó kkk,0,Mún tìm cũng khó kk
Solo ko anh bạch,0,Solo ko anh bạch
Ông không bao giờ công bằng,0,Ông không bao_giờ công_bằng
"đúng rồi kiện đi, tôi tin anh Zách sẽ cút",1,"đúng rồi kiện đi , tôi tin anh Zách sẽ cút"
Đúng là xả hội ngày càng phát triển,0,Đúng là xả_hội ngày_càng phát_triển
"Sao tụi bây toàn chửi nhau mà ko thấy làm gì hết,cao lông nó chưa hay nói cho vui",1,"Sao tụi bây_toàn chửi nhau mà ko thấy làm gì hết , cao_lông nó chưa hay nói cho vui"
liu liu bị nói cho cứng họng,0,liu liu bị nói cho cứng họng
vl phú bà đi lạc đâu đây,0,vl_phú bà đi lạc đâu_đây
Chi ba oi em quy chi qua chi cho em hoc cach giau voi em nghro qua day chi oi,0,Chi ba oi em quy_chi qua chi cho em hoc cach giau voi em nghro qua day chi oi
Thằng già mày cút cụ mày đi,2,Thằng già mày cút cụ mày đi
Dù em chỉ có một cái bánh mì,0,Dù em chỉ có một cái bánh_mì
Bọn kia đi đập chết mẹ dân rồi nhé,2,Bọn kia đi đập chết mẹ dân rồi nhé
bạn là nhất đom đóm mãi đỉnh . ĐƯỢC CHƯA,0,bạn là nhất đom_đóm mãi đỉnh . ĐƯỢC CHƯA
"Sao ông không từ chức đi.cố bám để lấy tiền Việt Nam à, một lối đá quá tệ, cầu thủ không nhiệt huyết ko nghĩ ông muốn tạo ra một đội bóng thế nào,đá bóng gì như đi bộ chuyền kém, thủ kém , công kém, không biết chơi bóng kiểu gì cầu thủ chuyền bóng đã k… Xem thêm",0,"Sao ông không từ_chức đi . cố bám để lấy tiền Việt_Nam à , một lối đá quá_tệ , cầu_thủ không nhiệt_huyết ko nghĩ ông muốn tạo ra một đội bóng thế_nào , đá bóng gì như đi bộ chuyền kém , thủ_kém , công_kém , không biết chơi bóng kiểu gì cầu_thủ chuyền bóng đã k … Xem thêm"
Sao ko đc z thầy,0,Sao ko đc z thầy
Khi nào Việt Nam k còn 2 từ ma tuý thì mới hết đc tình trạng này. Giờ trọt nghiện rồi phải đi ăn trộm ăn cướp mới đủ tiền hút hít. Chứ giờ đi phụ hồ k đủ hút hít,0,Khi nào Việt_Nam k còn 2 từ ma_túy thì mới hết đc tình_trạng này . Giờ_trọt nghiện rồi phải đi ăn_trộm ăn_cướp mới đủ tiền hút hít . Chứ giờ đi phụ hồ k đủ hút hít
Sory cunt,1,Sory cunt
Đéo tin.chả nhẽ nó để lộ liễu như thế này á hả,1,Đéo tin . chả nhẽ nó để lộ_liễu như thế_này á_hả
"Á đù bệnh tâm thần mà cho làm trung tá mới hay,hèn gì bọn đảng cs toàn là một lủ tâm thần nhưng hám của.",2,"Á đù bệnh_tâm_thần mà cho làm trung_tá mới hay , hèn_gì bọn đảng_cs toàn là một lủ tâm_thần nhưng hám của ."
địt mẹ mày xin lỗi rồi thay đổi được gì không?,2,địt mẹ mày xin_lỗi rồi thay_đổi được gì không ?
"con hàng này ngon quá, t sục 5 phút bắn cmm rồi",1,"con hàng này ngon quá , t sục 5 phút bắn cmm rồi"
đm may thay gê qá,1,đm may thay gê qá
Cái mặt ngu trình cũng ngang với cái mặt tưởng v là hay,2,Cái mặt ngu_trình cũng ngang với cái mặt tưởng v là hay
"Phạm Thanh Tùng dm t cười , rảnh éo chịu",1,"Phạm_Thanh_Tùng dm t cười , rảnh éo chịu"
Oke bột giặt aba sạch tinh tươm,0,Oke bột giặt aba sạch tinh_tươm
"chắc đéo đến mức ntn, nhưng chuyện ngoáy đồ là có thật.",1,"chắc đéo đến mức ntn , nhưng chuyện ngoáy_đồ là có thật ."
Sao mấy thằng lolll này ác dữ vậy trời,2,Sao mấy thằng loll này ác_dữ vậy trời
Giết ad đập nhà có cl thua được,1,Giết ad đập nhà có cl_thua được
Face đcm:),1,Face đcm :)
"Anh trai nóng tánh nhất quả đất, sau khi tỉ số 3-0",0,"Anh_trai nóng_tánh nhất quả đất , sau khi tỉ_số 3-0"
Con đàn bà lèo lon,2,Con đàn_bà lèo lon
Này thì trend này🤦‍♀️🤦‍♀️,0,Này thì trend này 🤦_‍ ♀_️ 🤦_‍ ♀ ️
"page này thành phản động ak,dkm toàn post nhảm k",2,"page này thành phản_động ak , dkm toàn post nhảm k"
Nguyễn Nghĩa mi lúc mô ko nứng,1,Nguyễn_Nghĩa_mi lúc mô ko nứng
Ăn mặc như cái đ.buoi,2,Ăn_mặc như cái đ . buoi
lm lồn gì có thời mà hết :)) skill dell trúng bảo team địch tool clm :)),1,lm lồn gì có thời mà hết :)) skill dell trúng bảo team địch tool clm :))
Ngu còn bảo thủ,1,Ngu còn bảo_thủ
"phát ngôn cẩn thận chú ạ , thế nào là độc tài ? Cẩn thận không người ta lại nhầm thành bọn khát nước !",0,"phát_ngôn cẩn_thận chú ạ , thế_nào là độc_tài ? Cẩn_thận không người ta lại nhầm thành bọn khát nước !"
Tưởng đi diễn hài hải ngoại nữa chứ.:)),0,Tưởng đi diễn hài_hải_ngoại nữa chứ . :))
Tin nhắn của thủ tướng đổi ra chắc đc cả tỉ bạc chứ k ít. Lũ lụt đến chân ng dân thấy tin nhắn thủ tướng chắc mừng rơi nc mắt :)))),0,Tin nhắn của thủ_tướng đổi ra chắc đc cả tỉ_bạc chứ k ít . Lũ_lụt đến chân ng dân thấy tin nhắn thủ_tướng chắc mừng rơi nc mắt :))
Ko làm mà đồi có ăn thì có ngày ăn cơm tù,0,Ko làm mà đồi có ăn thì có ngày ăn cơm tù
"Sau công ty Giấy ấp 8, Bình Sơn phát hiện một nam giới treoco trong lô cao su. Hiện cơ quan chức năng đã có mặt tại hiện trường…",0,"Sau công_ty Giấy ấp 8 , Bình_Sơn phát_hiện một nam_giới treoco trong lô cao_su . Hiện cơ_quan_chức_năng đã có_mặt tại hiện_trường …"
Sorry cái lồn,1,Sorry cái lồn
xử lý đi ngài trọng tài,0,xử_lý đi ngài trọng_tài
"Suốt ngày ngoài ruộng, chẳg ai qtâm đâu",0,"Suốt ngày ngoài ruộng , chẳg ai qtâm đâu"
Vaidai,1,Vaidai
"da đen trẻ trâu hôi lông, chim cút",2,"da đen trẻ trâu hôi_lông , chim_cút"
"thì cứ đợi vb tiếp đi, ko tl thì đừng nói ngta sợ nên im",0,"thì cứ đợi vb tiếp đi , ko_tl thì đừng nói ngta_sợ nên im"
Cái địt mẹ thằng rẻ rách :)),2,Cái địt mẹ thằng rẻ rách :))
"Bạn này nhìn có tố chất, nếu bị câm chắc thành tuyển thủ chuyên nghiệp thành công lắm",0,"Bạn này nhìn có tố_chất , nếu bị câm chắc thành tuyển_thủ chuyên_nghiệp thành_công lắm"
Nguyễn Thanh Cẩm lỗ xoài rộng nhỉ,0,Nguyễn_Thanh_Cẩm_lỗ xoài rộng nhỉ
Đúng luật là phải đền.gi khi bắt xe dg chạy chu dau phải xe hư.rồi còn giảm một tháng nữa chứ.người ta có một chiếc xe rồi sao đi lam.,0,Đúng luật là phải đền . gi khi bắt xe dg chạy chu_dau phải xe hư . rồi còn giảm một tháng nữa chứ . người ta có một chiếc xe rồi sao đi_lam .
"tất ziên,tôi ,tất ziên,,,,",0,"tất_ziên , tôi , tất_ziên , ,"
Rút kinh nghiệm là lại đc sài nghìn tỷ .,0,Rút kinh_nghiệm là lại đc sài nghìn tỷ .
Sao lại có cả liên quân là thế nào 😳,0,Sao lại có cả liên_quân là thế_nào 😳
CA ra quân kiểm soát rượu bia mạnh mẽ…mà sao ko thấy ra quân trấn áp tội phạm…hay cái chi dễ thì ta làm..,0,CA ra_quân kiểm_soát rượu_bia mạnh_mẽ … mà sao ko thấy ra_quân trấn_áp tội_phạm … hay cái chi dễ thì ta làm ..
Tuyển Việt Nam càng thua thì càng tiến bộ,0,Tuyển Việt_Nam càng thua thì càng tiến_bộ
Đại Ca kata nó gánh còng lưng,0,Đại_Ca kata nó gánh còng lưng
Cái miệng vòi bò nhức nhúc,1,Cái miệng vòi bò nhức nhúc
Bọn mày cướp của người ta rồi chúng mày sẽ bị quả báo thôi,2,Bọn mày cướp của người ta rồi chúng_mày sẽ bị quả báo thôi
Ba chào cô chú,0,Ba chào cô_chú
"Đó là đồng bọn của nó đang giàn cảnh, giả bộ hỏi thăm đặng cho đồng bọn lấy xe",0,"Đó là đồng_bọn của nó đang giàn_cảnh , giả_bộ hỏi_thăm đặng cho đồng_bọn lấy xe"
Xin lỗi mà bắt như gì vậy á bắt ko bằng mấy trọng tài mới vô nữa!!!!,0,Xin_lỗi mà bắt như gì vậy á bắt ko bằng mấy trọng_tài mới vô nữa ! !
"Tưởng bố thế nào, chỉ mõm",1,"Tưởng bố thế_nào , chỉ mõm"
Trị Thiên tao kêu hả ? Mắc gì m tl cmt,0,Trị_Thiên_tao kêu hả ?_Mắc gì m tl cmt
Ủa thầy có nói lộn hk e thấy thầy mới là người hk làm đc gì mà ???,0,Ủa thầy có nói_lộn hk e thấy thầy mới là người hk làm đc gì mà ? ?
xin cc =)),1,xin cc =))
Tội mê trai hả ad,0,Tội mê trai hả ad
Con nầy tới số chửi đến lũ Bắc kỳ,2,Con nầy tới số chửi đến lũ Bắc_kỳ
Mẹ mày nó bắt bóng ngoài vòng cấm mà o thẻ đỏ,1,Mẹ mày nó bắt_bóng ngoài vòng cấm mà o thẻ_đỏ
việc học rất quan trọng. Về già mà còn suy nghĩ thế này thì hỏng rồi bà chị ơi. Tỉnh táo lên chứ đu idol kiểu này thì chớt,0,việc học rất quan_trọng . Về già mà_còn suy_nghĩ thế_này thì hỏng rồi bà chị ơi . Tỉnh_táo lên chứ đu_idol kiểu này thì chớt
Tấu hài cực mạnh từ Abe :>,0,Tấu hài_cực mạnh từ Abe : >
Mày lên cút khỏi viêt nam,1,Mày lên cút khỏi viêt nam
Thấy con chó ngửi ngửi là nghi nghi rồi,0,Thấy con chó ngửi ngửi là nghi_nghi rồi
Kinhh,0,Kinhh
đánh chết cụ mày giờ nhét cụ mày còi vào lỗ đít đi,2,đánh chết cụ mày giờ nhét_cụ mày còi vào lỗ đít đi
Clm ta đang coi sẽ à?,0,Clm ta đang coi sẽ à ?
Con chó nó biết nó hửi 2 ông đó quài,0,Con chó nó biết nó hửi 2 ông đó quài
Gặp thêm con chó cũng nhiều chuyện theo,2,Gặp thêm con chó cũng nhiều chuyện theo
Acc clon mà mấy bố tin vào cmt như thật hài vl :)),0,Acc clon mà mấy bố tin vào cmt như thật hài_vl :))
Một thằng thiểu não như may mà cũng làm trọng tài hả! Không biết nhục,1,Một thằng thiểu_não như may_mà cũng làm trọng_tài hả ! Không biết nhục
Mong pháp luật xử lý nghiêm minh k thì loạn hết,0,Mong pháp_luật xử_lý nghiêm_minh k thì loạn hết
Game cu lon nay=))),2,Game cu lon nay =))
Tùy gu nghe nhạc của mỗi người thôi. Với lại có lẽ b đã quen với phong cách âm nhạc hồi trước của jack nên bh jack kết hợp với người khác và theo phong cách âm nhạc khác nên có vẻ hơi lạ với người mới nghe,0,Tùy gu nghe nhạc của mỗi người thôi . Với_lại có_lẽ b đã quen với phong_cách âm_nhạc hồi trước của jack nên bh jack kết_hợp với người khác và theo phong_cách âm_nhạc khác nên có_vẻ hơi_lạ với người mới nghe
Hay quá tùng ơi !!!!!,0,Hay quá tùng ơi ! !
Xin video vs ông ơi,0,Xin video vs ông ơi
vừa cay vừa dốt đăng lên ăn chửi no nê :)),1,vừa cay vừa dốt đăng lên ăn_chửi no nê :))
Ngu mày chết con mẹ mày đi lồn lồn,2,Ngu mày chết con mẹ mày đi lồn lồn
"Bắt xong rồi mà xin lỗi gì, mất sĩ khí hết cò đâu",0,"Bắt xong rồi mà xin_lỗi gì , mất_sĩ khí hết cò đâu"
Cực kỳ chân chọng :)),0,Cực_kỳ chân chọng :))
Cho mình xin số TK mình gửi tiền trước nhé,0,Cho mình xin số TK mình gửi tiền trước nhé
Ăn tết đúng cách,0,Ăn tết đúng cách
Xờ lờ quá,1,Xờ_lờ quá
Hải Yến Đ care cmt làm gì??? :))) Ô ai hỏi m à? :)))),1,Hải_Yến Đ care cmt làm gì ? ?_:)) Ô_ai hỏi m à ? :))
Sau Sing là tới Hàn Quốc . Bằng chứng là thím ngân đã cài cắm 9 điệp viên vào đoá . 😂😂😂,0,Sau Sing là tới Hàn_Quốc . Bằng_chứng là thím_ngân đã cài cắm 9 điệp_viên vào đóa . 😂 😂
ảoooo,0,ảoo
Đéo đở dc)),1,Đéo đở dc ) )
Ngu thì nín,1,Ngu thì nín
"Công an lên làm thủ tướng nên se ra luật có lợi cho bọn công an. Luật sư cái chó gì ở VN. Tòa án nó muốn thì nó mời. Ghét thì nó đuổi chạy như chó. Ngoan ngoãn nghe lời thì Luật sư có cháo húp, không nghe lời nó đánh trào máu như vụ 2 luật sư bị đánh. Ai đánh đây?",1,"Công_an lên làm thủ_tướng nên se ra luật có lợi cho bọn công_an . Luật_sư cái chó gì ở VN. Tòa_án nó muốn thì nó mời . Ghét thì nó đuổi chạy như chó . Ngoan_ngoãn nghe lời thì Luật_sư có cháo_húp , không nghe lời nó đánh trào máu như vụ 2 luật_sư bị đánh . Ai đánh đây ?"
Em oi ..con Linh Dai Loan no´co´nhô? lông dai´cua em chua ma em lai lên Xi`Gon`kiêm´no´con nua?..lam`nhu em co bao nhiêu vang`lây ra deo hêt´hay sao vây ???..dzom`giông vang gia?..nhin den thui`lui`ha`..nêu´la vang thiêt thi no se sang´loe`luôn ah em oi cho anh noi nghe ne..em quên cai con Linh Dai Loan di ..no´noi bon CSVN an cut´cua no nêu´ma no ngung goi tiên USD ve thôi..chu no không co noi em an cut´cua no..em co biet Miên Tây bây gio bi nuoc man va khô han khong ne ???..bon Trung Quôc no ngan dong`chây? cua sông Me Kông rôi...dân mien Tay se chet doi´het..em chui? thang Trung Quoc dum anh di em...em dzam chui? khong ne ??..anh so bn Trung công no´den nha em no nhô? sach lông dai´cua em do nha,2,Em oi .. con Linh Dai_Loan no ´_co ´_nhô ? lông dai_´ cua em chua_ma em lai lên Xi `_Gon ` kiêm ´_no ´ con nua ? .. lam_` nhu_em co bao_nhiêu vang ` lây ra deo hêt_´ hay sao vây ? ? .. dzom `_giông vang_gia ? .. nhin den_thui `_lui ` ha ` .. nêu ´_la vang thiêt thi no se sang ´_loe ` luôn ah em oi cho anh noi nghe ne .. em quên cai con Linh Dai_Loan di_.. no ´ noi bon_CSVN an_cut ´ cua_no nêu ´_ma no ngung goi tiên USD ve thôi .. chu_no không co_noi em an_cut ´ cua_no .. em co_biet Miên_Tây bây_gio bi nuoc_man va khô han khong ne ? ? .. bon_Trung_Quôc no ngan_dong `_chây ? cua sông Me_Kông rôi .. dân mien Tay se chet doi ´_het .. em chui ?_thang Trung_Quoc dum anh di_em .. em dzam chui ? khong ne ? ? .. anh so bn Trung_công no ´_den nha em no_nhô ? sach lông dai_´ cua em do nha
"Điệu hổ ly Sơn,",0,"Điệu hổ ly_Sơn ,"
Thu Tuyền Phan hợp nhóm lại các cậu ơi :)))),0,Thu_Tuyền Phan_hợp_nhóm lại các cậu ơi :))
Nguyễn Thanh Quang đc có í tưởng,0,Nguyễn_Thanh_Quang đc có í tưởng
dừng là đúng a ơi 😆😆 dừng luôn đi cũng được,0,dừng là đúng a ơi 😆_😆 dừng luôn đi cũng được
"Thành Lê cái lồn mẹ mày nha con chó koi chừng tao bắt con mẹ mày ra cho chó giao cấu , bắt mẹ mày làm tình liếm cặc mút cặc chó đến khi nào nó bắn tinh , chị e nhà mày thì xếp hàng chờ con chó của tao chơi con mẹ mày xong thì đến lượt ăn cức chó của ta",2,"Thành Lê_cái lồn mẹ mày nha con chó koi chừng tao bắt con mẹ mày ra cho chó giao_cấu , bắt mẹ mày làm tình_liếm cặc mút cặc chó đến khi nào nó bắn_tinh , chị e nhà mày thì xếp_hàng chờ con chó của tao chơi con mẹ mày xong thì đến lượt ăn cức chó của ta"
trường hợp cai éo ji con này.dm nc éo có logic cc ji bị cả cộng đồng nó chửi cho sml cho cm may lun nghiệp,2,trường_hợp cai_éo ji con này . dm nc éo có logic cc ji bị cả cộng_đồng nó chửi cho sml cho cm may lun_nghiệp
Đừng làm sai rồi lại xin lỗi ông trọng tài không có tài và không có lương tâm thì nên từ bỏ đi ông đứng trên sân cỏ mà không thấy ngại ngùng tí nào à,1,Đừng làm sai rồi lại xin_lỗi ông trọng_tài không có tài và không có lương_tâm thì nên từ_bỏ đi ông đứng trên sân_cỏ mà không thấy ngại_ngùng tí nào à
Ôi dm phát biểu vây coi dân nhu đồ ngu chắc,2,Ôi dm phát_biểu vây coi dân nhu_đồ ngu chắc
Fuck you Al Adba Saoud Ali,2,Fuck you_Al Adba_Saoud Ali
ra đitme bắt được con ruồi phát sáng r nè ae,2,ra đitme bắt được con ruồi phát sáng r nè ae
Sory cái qq,1,Sory cái qq
"1,1 tr like 6tr view",0,"1,1 tr like 6 tr view"
Chúng mài không thoát khỏi công an đao,1,Chúng mài không thoát khỏi công_an đao
"Ông Tuân ổng cười khà khà , ổng cười quài luôn á. Ta nói chời ơi cô vừa dễ thương còn thật thà nữa",0,"Ông Tuân ổng cười khà_khà , ổng cười quài luôn á . Ta nói chời ơi cô vừa dễ_thương còn thật_thà nữa"
Mấy thằg óc chó,2,Mấy thằg_óc chó
"Thằng chó đẻ Viruss, hãy khả lại bình yên cho anh Jack của tao đi.",2,"Thằng chó đẻ_Viruss , hãy khả_lại bình_yên cho anh Jack của tao đi ."
Nguyệt Ánh bạn ơi:)) tới công chuyện,0,Nguyệt_Ánh bạn ơi :)) tới công_chuyện
cháu còn nhỏ đừng xạo loz theo bố cháu nhé tùng,1,cháu còn nhỏ đừng xạo loz theo bố cháu nhé_tùng
Sống chậm lại được k.tết rồi,0,Sống chậm lại được k . tết rồi
:( v,0,: ( v
Buồn anh tôi :(,0,Buồn anh tôi : (
nhìn cx xinh nhà cx có vẻ điều kiện mà mất nhận thức vậy?,1,nhìn cx xinh nhà cx có_vẻ điều_kiện mà mất nhận_thức vậy ?
Chán cho đời cái gì cũng làm được ko bk thương người j cả muốn có ăn thì đi làm muốn có tiền phải lao động sống mà ko bk lao động tự kiếm ăn cứ ăn trộm cắp hoài có ngày họ vả cho ko còn cái răng rồi chừng đó la với khóc,2,Chán cho đời cái gì cũng làm được ko bk_thương người j cả muốn có ăn thì đi làm muốn có tiền phải lao_động sống mà ko_bk lao_động tự kiếm_ăn cứ ăn_trộm_cắp hoài có ngày họ_vả cho ko còn cái răng rồi chừng đó la với khóc
Đume lấy tiền đô đi đường quyền nó cô 💵💵💵,1,Đume lấy tiền đô đi đường quyền nó cô 💵 💵
"Anh kata đánh hay quá, KDA rank thách đấu thế kia thì.... Gì chứ gánh 3 thằng vàng bẩn thì dư sức, nhưng xui cái tự nhiên có thêm 1 thằng đct bẩn nữa vào thì có vẻ hơi quá sức anh kata",1,"Anh kata đánh hay quá , KDA_rank thách_đấu thế kia thì .. Gì chứ gánh 3 thằng vàng bẩn thì dư_sức , nhưng xui cái tự_nhiên có thêm 1 thằng đct bẩn nữa vào thì có_vẻ hơi quá_sức anh kata"
Xin vd pro,0,Xin vd pro
"Đất nước Qatar mọi rợ đã sinh ra những thằng như mày. Và mày đã mang cái mọi rợ của đất nước mày đi khắp nơi, đến cả trận bóng đá Viet Nam vs Thailand",2,"Đất_nước Qatar mọi rợ đã sinh ra những thằng như mày . Và mày đã mang cái mọi rợ của đất_nước mày đi khắp_nơi , đến cả trận bóng_đá Viet Nam_vs Thailand"
Chúng mày chụp mũ vãi lồn chúng mày còn chưa hiểu ý thằng Cường là sao đã auto chửi nó là thằng bán nước ?,1,Chúng_mày chụp mũ vãi_lồn chúng_mày còn chưa hiểu ý thằng Cường là sao đã auto chửi nó là thằng bán nước ?
"Tao thấy mày giống sát chết đang ngồi quán, con quỷ ơi",2,"Tao thấy mày giống sát chết đang ngồi quán , con quỷ ơi"
"Yogurt ơi cứu lok, có 5ty thôi mà",0,"Yogurt ơi cứu lok , có 5 ty thôi mà"
Lỗi cc,1,Lỗi cc
phãn nộ là chó,1,phãn_nộ là chó
địt mẹ lông thì nhiều,2,địt mẹ lông thì nhiều
"Mẹ nó,, mấy con thú..",2,"Mẹ nó , , mấy con thú .."
Thanh Thảo quần què nầy 😪,0,Thanh_Thảo quần_què nầy 😪
Ông phá bao nhiêu đội tuyển câu lạc bộ cũ của ông cùng 1 kịch bản như thế này rồi tới Đội tuyển Việt Nam ông vẫn tiếp tục phá như vậy mà không khá lên được . Con người giống như ông ở Việt Nam chúng tôi gọi là ngu nâu dốt b… Xem thêm,0,Ông phá bao_nhiêu đội_tuyển câu_lạc_bộ cũ của ông cùng 1 kịch_bản như thế_này rồi tới Đội_tuyển Việt_Nam ông vẫn tiếp_tục phá như_vậy mà không khá lên được . Con_người giống như ông ở Việt_Nam chúng_tôi gọi_là ngu nâu dốt b … Xem thêm
địt con bà m nữa. suốt ngày lằng nhằng. nghỉ thì nghỉ cụ m đi. mấy con chó này. suốt ngày đăng tin hãm lồn,2,địt con bà m nữa . suốt ngày lằng_nhằng . nghỉ thì nghỉ cụ m đi . mấy con chó này . suốt ngày đăng tin hãm lồn
Tuyền Phạm,0,Tuyền Phạm
- là lỗi của chị Nhung nữa :<,0,- là lỗi của chị Nhung nữa : <
"đóm con, à không, đám ruồi con mà như lũ ong á bro, đụng nhẹ là nhạy cảm tới chích bro theo bầy đàn liền",1,"đóm con , à không , đám ruồi con mà như lũ ong á_bro , đụng nhẹ là nhạy_cảm tới chích_bro theo bầy đàn liền"
Chó việt cộng lo ăn cứt chó tàu nên đâu quan tâm phù vs chả xa :)),2,Chó việt cộng lo ăn_cứt chó tàu nên đâu quan_tâm phù_vs chả xa :))
🙂🙂gửi mấy con bò,2,🙂 🙂 gửi mấy con bò
xin con cặc đjtme bỏ nghề dùm t =)),1,xin con cặc đjtme bỏ nghề dùm t =))
Cảnh này có lẽ A rầy quá hầy 😂😂,0,Cảnh này có_lẽ A_rầy quá hầy 😂 😂
mê cách ảnh hơn thua vs anti,0,mê cách ảnh hơn thua vs anti
cau mong cho e gai do tìm được chiec xe,0,cau mong cho e_gai do tìm được chiec xe
Xin lozz cc chứ xl,1,Xin lozz cc chứ xl
mầy thì,0,mầy thì
cám ơn ad vì sự thay đổi nhỏ này :'(,0,cám ơn_ad vì sự thay_đổi nhỏ này : ' (
dm bữa ni đường 3m cũng có CA đứng @@,1,dm bữa ni đường 3 m cũng có CA đứng @ @
Trend Hàn quốc học mót Việt Nam 🤣🤣🤣,0,Trend Hàn_quốc học mót Việt_Nam 🤣 🤣
nó ngu mà nó muốn làm bố ngta . Đăng cát stt là ngta phải đến gặp nó k bằng : )) cãi nhau vs ruồi đít led toàn k não mệt kinh,1,nó ngu mà nó muốn làm bố ngta . Đăng cát stt là ngta phải đến gặp nó k bằng : ) ) cãi nhau vs ruồi đít led toàn k_não mệt_kinh
con kia bị thần kinh nứng à,2,con kia bị thần_kinh nứng à
A di da phat,0,A di_da phat
miền nam gà ác,2,miền nam gà ác
quá vip kkk đúng tuổi lồn,0,quá vip_kk đúng tuổi lồn
thích nhây cơ :)),0,thích nhây cơ_:))
"Làm ăn buôn bán kể cả đàn bà đàn ông, mà ngồi trên xe đeo khẩu trang là phải tỉnh, hoặc ngồi trên xe cho con xuống mua rồi gọi mình ra hỏi phải tỉnh,,",0,"Làm_ăn buôn_bán kể_cả đàn_bà đàn_ông , mà ngồi trên xe đeo khẩu_trang là phải tỉnh , hoặc ngồi trên xe cho con xuống mua rồi gọi mình ra hỏi phải tỉnh , ,"
nick ổng sập r,0,nick ổng sập r
Cái con tinh trùng khuyết tật này xaolol mua ko xài được đâu,2,Cái con tinh_trùng khuyết_tật này xaolol mua ko xài được đâu
So cl dit conbamay :))),2,So cl dit conbamay :))
"Chương trình riết nhảm, bế tắc. Mời bọn tục tỉu, vô văn hóa lên tv.",2,"Chương_trình riết_nhảm , bế_tắc . Mời bọn tục tỉu , vô_văn hóa lên tv ."
Mấy đưá mõm phật thấy chưa. Đến khi bắt đc đập chết lại bảo ác. Của người ta cày mấy năm.,1,Mấy đứa mõm phật thấy chưa . Đến khi bắt đc đập chết lại bảo_ác . Của người ta cày mấy năm .
=)) ra CA nào không có bằng chứng không có camera quay lại thì lên bằng mắt nha con lên chứng minh đây là xe đạp của mình à lên CA coi nó tát cho tỉnh ra đấy,0,=)) ra CA nào không có bằng_chứng không có camera quay lại thì lên bằng mắt nha con lên chứng_minh đây là xe_đạp của mình à lên CA coi nó tát cho tỉnh ra đấy
"a rất cảm ơn mấy đứa bợ đít như chú, a e a cảm ơn em nhiều.",1,"a rất cảm_ơn mấy đứa_bợ đít như chú , a_e a cảm_ơn em nhiều ."
"phải thế mới me được mấy thằng lồn vi phạm luật giao thông chứ , bắt hết con mẹ tụi nó đi mấy anh ơi .",2,"phải thế mới me được mấy thằng lồn vi_phạm luật giao_thông chứ , bắt hết con mẹ tụi nó đi mấy anh ơi ."
Kỉ Niệm vcl du thứ nhất t thích những mẻ mạnh thứ 2 t ghét loại súc vật như chúng m z á đánh ncc zô thể hiện sủa :)) xong kêu bọn t fan :)))? Haiij não nhau à cu game giải trí mà gặp chúng m xoá mẹ game đi,2,Kỉ Niệm_vcl du_thứ nhất t_thích những mẻ mạnh thứ 2 t ghét loại súc_vật như chúng m z á đánh ncc zô thể_hiện sủa :)) xong kêu bọn t fan :)) ? Haiij_não nhau à cu_game giải_trí mà gặp chúng m xóa mẹ game đi
Mực đần,2,Mực đần
Nhục mặt chửi nhau roi giờ chơi nhau chửi mướn đề con vk trả tien kaaaaaa,1,Nhục_mặt chửi nhau roi giờ chơi nhau chửi_mướn đề con vk trả tien kaa
Nick fake thật là nhanh :)) HoangAnh Tú,0,Nick fake thật là nhanh :))_HoangAnh Tú
8h sáng cũng phải lên luôn nhaaa,0,8 h sáng cũng phải lên luôn nhaa
Tài sản của nhân dân hạch hẹ không kiếm được cái bánh mì thì thu về biến của dân thành sắt vụn bao không có CSGT đứng đường thì nhân dân ta mới phát triển được,0,Tài_sản của nhân_dân hạch_hẹ không kiếm được cái bánh_mì thì thu về biến của dân thành sắt vụn bao không có CSGT đứng đường thì nhân_dân ta mới phát_triển được
Có nên tử hình những con người thiếu ý thức cộng đồng nv ko nhỉ. Chả khác nào tuấn khỉ vs những kẻ sát nhân máu lạnh :((,2,Có nên tử_hình những con_người thiếu ý_thức cộng_đồng nv ko nhỉ . Chả khác nào tuấn khỉ vs những kẻ sát_nhân máu lạnh : ( (
"Nguyễn Lê Vĩnh Hưng ""gần 100 triệu dân Việt Nam đều nhận thấy điều đó"" ??? không xem báo đài à mà kêu gần 100 triệu dân VN đều thấy điều đó?. Làm ơn hãy ngồi đọc báo, xem tin tức bình luận, đọc nhiều hơn để có học hơn nhé!",0,"Nguyễn_Lê_Vĩnh_Hưng "" gần 100 triệu dân Việt_Nam đều nhận thấy điều đó "" ? ? không xem báo đài à mà kêu gần 100 triệu dân VN đều thấy điều đó ? . Làm_ơn hãy ngồi đọc báo , xem tin_tức bình_luận , đọc nhiều hơn để có học hơn nhé !"
nói ra làm gì lại bị mấy em bị thiểu năng trí tuệ táp v anh,1,nói ra làm gì lại bị mấy em bị thiểu_năng_trí_tuệ táp v anh
nhà đóm toàn rác :))),1,nhà đóm toàn rác :))
Luôn ủng hộ K-ATM,0,Luôn ủng_hộ K-ATM
"Thất vọng với kết quả trước đội Indonesia khiến đội không tiến bộ. Tôi hoàn toàn chịu trách nhiệm cho kết quả này, nhưng trong trận đấu cuối cùng, chúng ta cần phải chiến đấu vì ba điểm để vinh dự. Hi vọng cả nhà động viên chúng tôi. Hãy động viên chúng tôi",0,"Thất_vọng với kết_quả trước đội Indonesia khiến đội không tiến_bộ . Tôi hoàn_toàn chịu trách_nhiệm cho kết_quả này , nhưng trong trận đấu cuối_cùng , chúng_ta cần phải chiến_đấu vì ba điểm để vinh_dự . Hi_vọng cả nhà động_viên chúng_tôi . Hãy động_viên chúng_tôi"
Chưa 24h là bị lụm lại ngây,0,Chưa 24 h là bị lụm lại ngây
Làm xong r xinloi,0,Làm xong r xinloi
Vẫn còn buồn hả bạn???,0,Vẫn còn buồn hả bạn ? ?
Bọn khốn,2,Bọn khốn
"10 ngàn nè, 2 chục nè đi đường quyền hông",0,"10 ngàn nè , 2 chục nè đi đường quyền hông"
em có rùi a ạ :))),0,em có rùi a ạ :))
Xem lũ chó cộng sản ko có dân chủ ở nước nó làm gì ở đất nước tự do kìa.😏😏,2,Xem lũ chó cộng_sản_ko có dân_chủ ở nước nó làm_gì ở đất_nước tự_do kìa . 😏 😏
ông đánh ngu người ta chửi ông đánh ngu thì ông nói ngta nói xấu vãi l thật,2,ông đánh_ngu người ta chửi ông đánh ngu thì ông nói ngta nói_xấu vãi l thật
"Chó là bạn, đéo phải tôi 😂😂",1,"Chó là bạn , đéo phải tôi 😂 😂"
bồi thường 5 củ đc k,0,bồi_thường 5 củ đc k
Trọng tài như cái lòn bóng chạm tay bên cầu thủ thái lan rồi còn không thổi,2,Trọng_tài như cái lòn bóng chạm tay bên cầu_thủ thái_lan rồi còn không thổi
b ns mình thấy hài vãi=),0,b ns mình thấy hài_vãi = )
Coi tu chu den khach.met dai qua.noi chui ma deo thay chui toan la quang cao xam lo ko,2,Coi tu chu_den khach.met dai_qua.noi chui ma_deo thay chui_toan la_quang cao_xam lo ko
Địt con mẹ bọn khốn nạn,2,Địt con mẹ bọn khốn_nạn
"Lớn vậy đi fan cu tùng sói, vãi thật, thương yêu nó đc rồi , già đâu fan đứa cháu vãi lờ",1,"Lớn vậy đi fan cu_tùng sói , vãi thật , thương_yêu nó đc rồi , già đâu fan đứa cháu vãi_lờ"
"Mong pháp luật, sử đúng tội. Ko chúng nó cậy có tiền, có quyền coi mạng người như cỏ rác.",1,"Mong pháp_luật , sử đúng tội . Ko chúng_nó cậy có tiền , có quyền coi_mạng người như cỏ rác ."
Nếu bi cháy nổ thì công an phải chịu trách nhiệm bồi thường vô điều kiện,0,Nếu bi cháy nổ thì công_an phải chịu trách_nhiệm bồi_thường vô_điều_kiện
đéo phải tiền bọn nó nên nó mới kinh doanh ngu như chó thế. Tiền của nó thì nó đã khác,1,đéo phải tiền bọn nó nên nó mới kinh_doanh ngu như chó thế . Tiền của nó thì nó đã khác
chia buồn cùng gia đình kid cận huyết nghèo hèn sua chill lofi cho đưa bà già kid về nơi an nghỉ,2,chia buồn cùng gia_đình kid cận_huyết nghèo hèn_sua chill lofi cho đưa bà_già kid về nơi an_nghỉ
xin cái cc,1,xin cái cc
Lần cuối ông dc dùng facebook đấy,0,Lần cuối ông dc dùng facebook đấy
sao mà dùng toàn luật dầu mỏ vậy bóng đá chứ phải sọt rác đâu mà lại dơ đến cái mức này vậy trọng tài :)))))))),1,sao mà dùng toàn luật dầu_mỏ vậy bóng_đá chứ phải sọt rác đâu mà_lại dơ đến cái mức này vậy trọng_tài :))
Thk Hassakon Thái Lan chỉ là một con chó bị giết thịt. Việt Nam sẽ thắng Thái Lan,2,Thk Hassakon Thái_Lan chỉ là một con chó bị giết thịt . Việt_Nam sẽ thắng Thái_Lan
Những loại người ăn bẩn rất sống lâu nhưng nhục như chó,2,Những loại người ăn_bẩn rất sống lâu nhưng nhục như chó
Chơi vs nó cho nó đc cái gì mà kêu chơi hết mình :)),0,Chơi vs nó cho nó đc cái gì mà kêu chơi hết_mình :))
Thối nát quá r!!!!!!!!!!!!,1,Thối nát quá r ! !
"Ơ cái địt con mẹ con Vj Chon lon nào vào sủa cái câu ngu ngục vcl =))) mục đích ca sĩ ra bài là để cho khán giả nghe ,thưởng thức. Và các khán giả có quyền nhân xét về sản phẩm đó ? Lại là mấy con fans hâm mộ trẩu tre này",2,"Ơ cái địt con mẹ_con Vj Chon_lon nào vào sủa cái câu ngu ngục vcl =)) mục_đích ca_sĩ ra bài là để cho khán_giả nghe , thưởng_thức . Và các khán_giả có quyền nhân_xét về sản_phẩm đó ?_Lại là mấy con fans hâm_mộ trẩu tre này"
"Địt mẹ suốt ngày mị dân ,nâng bi tự sướng",2,"Địt mẹ suốt ngày mị dân , nâng bi tự sướng"
xám xí,1,xám xí
ae bình tĩnh là tôi hỏi,0,ae bình_tĩnh là tôi hỏi
Mẹ cái thằng chó đẻ này mày bắt bóng cũng ngu như một con chó,2,Mẹ cái thằng chó đẻ này mày bắt bóng cũng ngu như một con chó
Oiiiii nàng công chúa,0,Oii nàng công_chúa
Xin thằng cha già mày,2,Xin thằng_cha già mày
ra luật cứ ăn trộm xe bắn bỏ xem thử trộm nữa ko,0,ra luật cứ ăn_trộm xe bắn bỏ xem thử trộm nữa ko
trẻ trâu biết cái đép gì,1,trẻ trâu biết cái đép gì
Nguyễn Minh Phương em ngủ luônnn,0,Nguyễn_Minh_Phương em ngủ luônn
Pha ke có đầu tư,0,Pha ke có đầu_tư
Kien Tran có 10 tỷ gì căng =)))))))),0,Kien Tran có 10 tỷ gì căng =))
ngu thì câm,1,ngu thì câm
Nên để công Vinh thay ông còn tốt hơn,0,Nên để công_Vinh thay ông còn tốt hơn
"thật sự ạ , với cái KDa cày thuê này hoàn toàn không thuyết phục tôi, nên tôi đề nghị khởi điểm mức giá bk3 lên kc4 là 10 đồng không lẻ 1 xu vì đéo ai tranh dành đâu",1,"thật_sự ạ , với cái KDa cày thuê này hoàn_toàn không thuyết_phục tôi , nên tôi đề_nghị khởi_điểm mức giá bk3 lên kc4 là 10 đồng không lẻ 1 xu vì đéo ai tranh dành đâu"
mồm kêu là chơi với bạn hết mình nhưng lại bet 800k vào tồ ? bạn bè với loại m thì cũng vãi l bi a,2,mồm kêu là chơi với bạn hết_mình nhưng lại bet 800 k vào tồ ? bạn_bè với loại m thì cũng vãi l bi_a
Con điên xóm đao,2,Con điên_xóm đao
Nozza Nguyễn cho mấy câu tiếng anh đi mi,0,Nozza Nguyễn_cho mấy câu tiếng anh đi mi
Lại bảo ghép :v,0,Lại bảo ghép : v
troussier cút khỏi việt nam,1,troussier cút khỏi việt_nam
Thằng chó Ngọc đang bưng nồi cơm đã vở và ngồi khóc trong bịnh viện ung bướu vì hít thở không khí ô nhiễm!,2,Thằng chó Ngọc đang bưng nồi cơm đã vở và ngồi khóc trong bịnh_viện ung_bướu vì hít thở không_khí ô_nhiễm !
Lũ khốn nạn,2,Lũ khốn_nạn
Xin lỗi là xong à con tinh trùng khuyết tật này,2,Xin_lỗi là xong à con tinh_trùng khuyết_tật này
Chi ba khac moi k co cailoncat khong,1,Chi ba khac moi_k co_cailoncat khong
2 người nói chuyện với co gái chắc là đồng bọn đánh lạc hướng,0,2 người nói_chuyện với co_gái chắc là đồng_bọn đánh_lạc hướng
Thanh Mạnh Nguyễn Quang Huy Nguyễn Minh Quân Nguyễn Huy so cái djt tk bà già m :)),2,Thanh_Mạnh Nguyễn_Quang_Huy Nguyễn_Minh_Quân Nguyễn_Huy so cái djt tk bà già m :))
Chó ăn Cức,1,Chó ăn Cức
Face r cho tui xin fb trọng tài,0,Face r cho tui xin fb_trọng_tài
Một lũ súc sanh lưng dài vai rộng ????,2,Một lũ súc_sanh lưng dài vai rộng ? ?
Bắt như lol,1,Bắt như lol
Bài hát này đang có quảng cáo,0,Bài hát này đang có quảng_cáo
bệnh dịch corona cuvid 19 lai tạo.con giặc  corona cuvid 20 lai tạo. 2 loại này Thuột dạng báo đời,2,bệnh_dịch corona cuvid 19 lai_tạo . con giặc corona cuvid 20 lai_tạo . 2 loại này Thuột_dạng báo đời
Rồi mất gì phải nc nhiều. Mà ra khỏi quầy của mình vậy,0,Rồi mất gì phải nc nhiều . Mà ra khỏi quầy của mình vậy
love cô <3,0,love cô <3
"Thằng ngu ,đầu đất",2,"Thằng ngu , đầu đất"
Thằng điên văn vở câu like rẻ tiền----CÚT,2,Thằng điên_văn_vở câu like rẻ tiền--CÚT
Phúc Báo dịch thì sát đít mà đi du lịch như đéo có chuyện gì rồi mang về Việt Nam đéo hiểu mấy đĩ nhà giàu này,2,Phúc Báo dịch thì sát_đít mà đi du_lịch như đéo có chuyện gì rồi mang về Việt_Nam đéo hiểu mấy đĩ nhà giàu này
Why cái l*n mẹ mày,2,Why cái l * n mẹ mày
mày sv đó,2,mày sv đó
Nhìn mặt cụ chắc vào đảng của rằm tháng 7 ^^,0,Nhìn mặt cụ chắc vào đảng của rằm tháng 7 ^ ^
Xin cái lìn dân tao,1,Xin cái lìn dân tao
chia buồn cùng gia đình kid cận huyết sua chill lofi,1,chia buồn cùng gia_đình kid cận_huyết sua chill lofi
Thôi hoà bình công lý gì? Làm loạn :3,0,Thôi hòa bình công_lý gì ? Làm_loạn : 3
Gái mẹ m,2,Gái mẹ m
Xin lỗi qq nha,1,Xin_lỗi qq nha
xin cái mả bố m về nè,1,xin cái mả bố m về nè
Ông biến luôn đi. Loại bảo thủ. Tôi ko giỏi nhưng cũng ko ngu dốt như ông đâu.,2,Ông biến luôn đi . Loại bảo_thủ . Tôi ko giỏi nhưng cũng ko ngu_dốt như ông đâu .
Máu lồn của gái Thái nó đố đầy mồm thằng trọng tài này rồi.,2,Máu lồn của gái Thái nó đố đầy mồm thằng trọng_tài này rồi .
Quan trọng vẫn là đồng lòng và ý thức,0,Quan_trọng vẫn là đồng_lòng và ý_thức
A vẫn chăm chỉ nayd a vẫn cố găng cho đến khi lỗ đít của a bị mọc đinh 🤧🤧 kiểu vừa đấm vừa xoa .. Rap fofun vc 🤣🤣🤣,1,A vẫn chăm_chỉ nayd_a vẫn cố_găng cho đến khi lỗ_đít của a bị mọc đinh_🤧_🤧 kiểu vừa đấm vừa xoa .. Rap fofun vc 🤣 🤣
Hoài Đặng tối em cosplay sion cho ae xem,0,Hoài Đặng_tối em cosplay sion cho ae xem
Tuan Tran Tui thấy nó lặp lại câu chửi hơi nhiều,0,Tuan_Tran Tui thấy nó lặp lại câu chửi hơi nhiều
Nguyễn Kim Chi lây cho khỉ rồi sao. 🤣,0,Nguyễn_Kim_Chi_lây cho khỉ rồi sao . 🤣
Chuẩn bị bay acc trọng tài,0,Chuẩn_bị bay acc_trọng_tài
Còn mẹ nó . bắt được đáp chết mẹ nó đi,2,Còn mẹ nó . bắt được đáp chết mẹ nó đi
Giờ tao thấy hối hận khi vừa nc với 1 con bò,1,Giờ tao thấy hối_hận khi vừa nc với 1 con bò
Xin cai con mẹ mày.,2,Xin cai con mẹ mày .
Cho hỏi đây la 1 quần hay 2 quần ạ???,0,Cho hỏi đây la 1 quần hay 2 quần ạ ? ?
Đấu khẩu - Chim lợn 👍,1,Đấu_khẩu - Chim lợn 👍
đm mày thang chó bán độ,2,đm mày thang chó bán_độ
Tiến Lê bố m thích đấy đạo đức cl,2,Tiến Lê_bố m thích đấy đạo_đức cl
Cứ ngỡ là Black widow :)),0,Cứ ngỡ là Black_widow :))
Xl cái loz mụn rr ku,1,Xl cái loz mụn rr ku
Đây là câu nói mà rất nhiều ae muốn gửi gắm tới anh Tiệp :))),0,Đây là câu nói mà rất nhiều ae muốn gửi_gắm tới anh Tiệp :))
Cái thần này.gió chieu nao .che chiei đo.khau ngiep.chet ko đau thai,2,Cái_thần này . gió chieu_nao . che chiei_đo . khau ngiep.chet ko đau thai
Xin phép copy của bạn,0,Xin phép copy của bạn
Ăn cấp có ngày quả báo,1,Ăn cấp có ngày quả báo
Con mẹ mày trốn học thầy tao qua đây khịa cái gì đây 😁😁😁,2,Con mẹ mày trốn học thầy tao qua đây khịa cái gì đây 😁 😁
Mai Lúm có thật k 🙄,0,Mai_Lúm có thật k 🙄
Mé xem lại đi manh rõ ràng đcm,1,Mé xem_lại đi_manh rõ_ràng đcm
Do mẹ nữa nhaaaa các cô chú,0,Do mẹ nữa nhaa các cô_chú
"Công cha như núi thái sơn, nghĩa mẹ như nước trong nguồn chảy ra, rảnh về phụ mẹ giúp cha, cực kì thuyết phục mả cha chúng mày =)))))",2,"Công_cha như núi thái_sơn , nghĩa_mẹ như nước trong nguồn chảy ra , rảnh về phụ mẹ giúp cha , cực_kì thuyết_phục mả cha chúng_mày =))"
"Bọn lừa ưa nặng, quen đưa đít cho nhà nc thông rồi ;))",2,"Bọn lừa_ưa nặng , quen đưa đít cho nhà nc thông rồi ; ) )"
Ngay lúc này lun. Sợ quá 😭😭😭,0,Ngay lúc này lun . Sợ quá 😭 😭
Hảo hán,0,Hảo hán
Toàn bãi rác công cộng,2,Toàn bãi rác công_cộng
hlv huấn luyện như đầu bòi đá chả sút dc phát loz nào ra hồn,2,hlv huấn_luyện như đầu bòi đá chả_sút dc phát loz nào ra hồn
Link thật,0,Link thật
Mày ko thay đổi thì ko những bị khóa mõm và khóa luôn cả tay mày luôn,1,Mày ko thay_đổi thì ko những bị khóa_mõm và khóa luôn cả tay mày luôn
Để đây và không nói gì :)),0,Để đây và không nói gì :))
Cực kì thuyết phục :*),0,Cực_kì thuyết_phục : * )
Cũng có thế nói là mất hết =)),0,Cũng có thế nói là mất hết =))
Thôi xong ăn lol rồi,1,Thôi xong ăn_lol rồi
Mấy con chó không làm mà doi có ăn vô tu mà ăn,2,Mấy con chó không làm mà doi có ăn vô_tu mà ăn
Tao địt vk mầy rồi tao sorry mầy chịu không,2,Tao địt vk mầy rồi tao sorry mầy chịu không
mất dạy,1,mất dạy
:))) che mặt rồi nhé,0,:)) che mặt rồi nhé
5 tỉ tiền bàn phím,0,5 tỉ tiền bàn_phím
Mẹ tổ mi giờ xin lỗi đc ích chó gì,2,Mẹ tổ mi giờ xin_lỗi đc_ích chó gì
nó chửi ô đúng quad tôi bênh k nổi,0,nó chửi_ô đúng quad tôi bênh k nổi
Mày ăn tiền người ta chứ có free đéo đâu mà chơi với bời v Mực lz,2,Mày ăn_tiền người ta chứ có free đéo đâu mà chơi với bời v Mực lz
Thu Nguyễn giả vờ hỏi chuyện nè,0,Thu Nguyễn_giả_vờ hỏi chuyện nè
Tập này cj Lâm Khánh Chi đẹp mà nhìn thấy hiền dễ thương ghê,0,Tập này cj Lâm_Khánh_Chi đẹp mà nhìn thấy hiền dễ_thương ghê
Một thanh niên rảnh lol cho hay. Dkm nhà mày nó có tiền nó có của nó muốn làm sao nó làm nó ko bỏ ra 500tr nó quyên góp nó kêu gọi quyên góp thì lấy lol đâu ra ng quyên góp thiết nghĩ mày kêu gọi quyên góp thì chắc đk đồng lol nào mà phán loại mày nổi tiếng như nó chắc j đã cho dân đk đồng lol nào . Nên đã ko có cho thì đừng đáp cứt hội đồng rảnh lol,2,Một thanh_niên rảnh_lol cho_hay . Dkm nhà mày nó có tiền nó có của nó muốn làm_sao nó làm nó ko bỏ ra 500 tr nó quyên_góp nó kêu_gọi quyên_góp thì lấy lol đâu ra ng quyên_góp thiết_nghĩ mày kêu_gọi quyên_góp thì chắc đk đồng_lol nào mà phán_loại mày nổi_tiếng như nó chắc_j đã cho dân đk đồng lol nào . Nên đã ko có cho thì đừng đáp_cứt hội_đồng rảnh lol
Đánh như cái đb Dcu m,2,Đánh như cái đb Dcu m
Ai có nhóm bóng đá của thailan k. Sang chúc mừng nước bạn mua trọng tài thành công,0,Ai có nhóm bóng_đá của thailan_k . Sang chúc_mừng nước bạn mua trọng_tài thành_công
Chạy đâu cho thoát nếu CA tích cực điều tra.,0,Chạy đâu cho thoát nếu CA tích_cực điều_tra .
Cực kỳ thuyết phục anh êi,0,Cực_kỳ thuyết_phục anh êi
bán thì kh lo .. cứ nhiều chuyện,0,bán thì kh lo .. cứ nhiều chuyện
Dell cần m xl,1,Dell cần m xl
😞,0,😞
Mai koo dc lam fan cung :<,0,Mai koo dc_lam fan_cung : <
Má trọng tài như bull shit,2,Má trọng_tài như bull shit
lên xem live đánh thế nào=)) 3 game 2 game bú rank bkim hài vkl,0,lên xem live đánh thế_nào =)) 3 game 2 game bú rank bkim hài_vkl
"ô nhiễm ở cái thành phố Hôi Chết Mẹ thì nó bảo là sương mù xuất hiện đẹp như Đà Lạt thứ hai, còn ở Hà Nội chắc đẹp như Sapa, ờ thì Đà Lạt với Sapa nhé",1,"ô_nhiễm ở cái thành_phố Hôi Chết Mẹ thì nó bảo là sương_mù xuất_hiện đẹp như Đà_Lạt thứ hai , còn ở Hà_Nội chắc đẹp như Sapa , ờ thì Đà_Lạt với Sapa nhé"
Người j đâu mà chưởi người Việt NAM MÌNH trưởi người ta quá trời ĐÚNG LÀ BÃ CHƯA THẤY QUAN TÀI CHƯA ĐỔ LỆ,1,Người j đâu mà chưởi người Việt_NAM MÌNH trưởi người ta quá trời ĐÚNG LÀ BÃ CHƯA THẤY QUAN_TÀI CHƯA ĐỔ_LỆ
Khốn nan. Súc vật.,2,Khốn_nan . Súc_vật .
"hầu tòa kiểu gì b, b hiểu quỳ trình để đem ai đó ra hầu tòa ko, ko cần nói đích danh, nhưng ai cũng hiểu là đang nói rách 5 củ thể mới tài, còn như idol, b ngoài status ra thì có cái vốn liếng gì ngoài trẻ trâu đâu, ca sĩ có tên tuổi mà … Xem thêm",1,"hầu_tòa kiểu gì b , b hiểu quỳ_trình để đem ai đó ra hầu_tòa ko , ko cần nói đích_danh , nhưng ai cũng hiểu là đang nói rách 5 củ_thể mới tài , còn như idol , b ngoài status ra thì_có cái vốn_liếng gì ngoài trẻ trâu đâu , ca_sĩ có tên_tuổi mà … Xem thêm"
Bởi dừa lờ t lắm cho chừa cái tật chơi dọng cha dọng mẹ rồi bị chặt :)))))),1,Bởi dừa lờ_t lắm cho chừa cái tật chơi dọng cha dọng mẹ rồi bị chặt :))
Thảo NG thua tại dốt av qa :v,0,Thảo NG_thua tại dốt av qa : v
Mê trai đầu thai vẫn còn mê,0,Mê_trai đầu_thai vẫn còn mê
đừng tự biến mình thành nạn nhân nữa trời ạ,0,đừng tự biến mình thành nạn_nhân nữa trời ạ
Nguyễn Chất quả ti vi hỏng làm như đúng rồi,0,Nguyễn_Chất_quả ti_vi_hỏng làm như đúng rồi
Tham nhũng hèn gì chúng nó giàu thế,1,Tham_nhũng hèn_gì chúng_nó giàu thế
Ngô Sĩ Phú ở nhà đi bạn eh,0,Ngô_Sĩ_Phú ở nhà đi bạn eh
Thằng trọng tài xúc nô,2,Thằng trọng_tài xúc nô
Noctune huyết trượng đầu à :))?,0,Noctune huyết_trượng đầu à :)) ?
"t thấy lần nào nó chả lên tiếng :))) toàn nói lấp lửng làm ng bị hại, lấy luật sư ra hù thiên hạ, lấy niềm tin của tụi fan. Rẻ Rách",1,"t thấy lần nào nó chả lên_tiếng :))_toàn nói lấp_lửng làm ng bị hại , lấy luật_sư ra hù thiên_hạ , lấy niềm tin của tụi fan . Rẻ Rách"
Thằng chó ăn hại bất tài,2,Thằng chó ăn_hại bất_tài
nói như mửa vào dái t âhhahah,1,nói như mửa vào dái t âhhahah
kda thì toàn âm lính thì ko có game nào fam gần bằng time =)),0,kda thì toàn âm_lính thì ko có game nào fam gần bằng time =))
Ngu thì thua khóc lóc cái l,1,Ngu thì thua khóc_lóc cái l
Sao chúng mày ko nhịn tham ô cửa quyền đi .,2,Sao chúng_mày ko nhịn tham_ô cửa_quyền đi .
Khá tú,0,Khá tú
có thời luôn ha,0,có thời luôn ha
chả tk nào già đầu mà nc kiểu nguu như m Tao nói thật Bớt sỹ,2,chả tk nào già đầu mà nc kiểu nguu như m Tao nói thật Bớt_sỹ
"H mới xem clip của 2 ông var nhau, 2 bố chơi game đều toxic như nhau nhma phải công nhận thẳng thắn là sau cái này đ ưa nổi th quyền kalis thật, kiểu đm cùn thì nhất mà cùng nghề với nhau bẩn tính thật @@",2,"H mới xem clip của 2 ông var nhau , 2 bố chơi game đều toxic như nhau nhma phải công_nhận thẳng_thắn là sau cái này đ ưa nổi th quyền kalis thật , kiểu đm_cùn thì nhất mà cùng nghề với nhau bẩn_tính thật @ @"
Vcl ạ,1,Vcl ạ
"ông nói thấm vãi l , đống cứt biết bay chả dám phản bác kkk",1,"ông nói thấm_vãi l , đống cứt biết bay chả dám phản_bác kk"
Trọng tài chắc được mua rồi.Thái Lan nhìu tiền mà.,0,Trọng_tài chắc được mua rồi . Thái_Lan nhìu tiền mà .
Bọn chống cộng đã già còn sợ chết,2,Bọn chống cộng đã già còn sợ chết
Đăng Ninh ke me m,2,Đăng_Ninh ke me m
Xong trận này trọng tài nên đổi nghề đi,0,Xong trận này trọng_tài nên đổi nghề đi
Linda là nhất minh hiếu là nhì hihi,0,Linda là nhất minh_hiếu là nhì hihi
"Hình như đằng sau là chữ hotel, bỏ qua bước hôn má luôn ấy chứ 😂",0,"Hình_như đằng sau là chữ hotel , bỏ_qua bước_hôn_má luôn ấy chứ 😂"
chưa gì cmt đã nói người khác học c2 đâu phải anh nhóc ác như em đâu mà c2 nói chuyện là biết đéo ra gì còn toả ra lịch sự,1,chưa gì cmt đã nói người khác học c2 đâu phải anh nhóc_ác như em đâu mà c2 nói_chuyện là biết đéo ra gì còn tỏa ra lịch_sự
Lữ bố cao bằng chất quá🙄,0,Lữ_bố cao bằng chất quá 🙄
Thầy ba dơ lắm cô ơi,1,Thầy ba dơ lắm cô ơi
Cúp cái địt con mm ah…,2,Cúp cái địt con mm ah …
"đấy, cái địt mẹ cái bọn thành phố cứ đòi bình đẳng chuyện cộng điểm đi, sao chúng mày không về đây sống thử đi hộ tao cái\",2,"đấy , cái địt mẹ cái bọn thành_phố cứ đòi bình_đẳng chuyện cộng điểm đi , sao chúng_mày không về đây sống thử đi hộ tao cái \"
"Mấy con đĩ chửi chị này có tìm hiểu không vậy? Bả chửi người ta bả sai nhưng trước đó bà 3 vàng mã thiếu nợ bả, kêu bả chửi người ta, ko chửi thì ko trả tiền. Bày đặt kêu khẩu nghiệp, mấy con đĩ hay kêu khẩu nghiệp là mấy con sống chó nhất ấy :)))",2,"Mấy con đĩ chửi chị này có tìm_hiểu không vậy ?_Bả chửi người ta bả sai nhưng trước đó bà 3 vàng_mã thiếu nợ bả , kêu bả chửi người ta , ko_chửi thì ko trả tiền . Bày_đặt kêu khẩu_nghiệp , mấy con đĩ hay kêu khẩu_nghiệp là mấy con sống chó nhất ấy :))"
Đúng là xem mâý clip nây không tha cho nó đůöc nhìn cái mõm nó góm quá,1,Đúng là xem mấy clip nây không tha cho nó đůöc nhìn cái mõm nó góm quá
Địt cái con cụ m bắt như cái lồn,2,Địt cái con cụ m bắt như cái lồn
Kkk,0,Kkk
Xin an cút,1,Xin an_cút
Jasmine Bui tứ quý nào cũng chặt đc đôi heo hết,0,Jasmine Bui_tứ quý nào cũng chặt đc đôi heo hết
Oanh Võ việc học rất quan trọng bé ạ. Học để biết tư duy đúng sai kkkk,0,Oanh Võ_việc học rất quan_trọng bé ạ . Học để_biết tư_duy đúng sai kk
Rồi pháp luật. Công an. Chính quyền lm nhưng việc gì mà để tụi nó lộng hành như vậy,0,Rồi pháp_luật . Công_an . Chính_quyền lm nhưng việc gì mà để tụi nó lộng_hành như_vậy
Mom cho ko moc dc nga Voi,1,Mom cho ko moc dc nga Voi
tị tào lao,1,tị tào_lao
Acc fake mấy ba ơi,0,Acc fake mấy ba ơi
mẹ cho ăn cơm chứ có cho ăn cức đâu mà bênh ido nguuu v con con gái ngta nói v cho khôn đó con,2,mẹ cho ăn cơm chứ có cho ăn_cức đâu mà bênh ido nguu v con con gái ngta nói v cho khôn đó con
Lũ an không làm biếng đi chiếm đoạt tài sản của người khác là trời tru đất diệt,2,Lũ an không làm_biếng đi chiếm_đoạt tài_sản của người khác là trời tru đất diệt
Tại sao K-ICM được coi là ca sĩ !!!!,0,Tại_sao K-ICM được coi là ca_sĩ ! !
"Nói tóm lại là thời gian này A chung đang bị ngáo đá nên toàn nói lung tung, hầu như phát biểu không có chuẩn mực ))) Thương cho Dân thủ đô có người đứng đầu vô liêm sỉ ......... Tốt nhất cho A í vào trại cai tiền thôi kkkkkkkk",1,"Nói_tóm_lại là thời_gian này A_chung đang bị ngáo đá nên toàn nói lung_tung , hầu_như phát_biểu không có chuẩn_mực ) ) Thương cho Dân thủ_đô có người đứng đầu vô_liêm sỉ .. Tốt nhất cho A_í vào trại cai tiền thôi kk"
Hay lắm 35 ng rồi cbi hỏng rồi đang cănng mà vẫn chưa cho các cháu thpt nghỉ,0,Hay lắm 35 ng rồi cbi hỏng rồi đang cănng mà vẫn chưa cho các cháu thpt nghỉ
Làm cho tới lun Jack ơi,0,Làm cho tới lun Jack ơi
Mực lên bài đi kèo vs Vayne đi anh,0,Mực lên bài đi kèo vs Vayne đi anh
xin lỗi mẹ mày,2,xin_lỗi mẹ mày
ai dám khinh thường anh tài t,0,ai dám khinh_thường anh tài t
Trang mình có đồ xinh ạ,0,Trang mình có đồ xinh ạ
chứ ko phải sợ bị khui ra những bí mật động trời mà ắt đang cố giấu ư =)),0,chứ ko phải sợ bị khui ra những bí_mật động_trời mà ắt đang cố giấu ư =))
Hồ Vy thề y chang =)))),0,Hồ_Vy_thề y_chang =))
Xin vĩnh biệt trọng tài fb của trọng tài ko còn đc lâu đâu,0,Xin vĩnh_biệt trọng_tài fb của trọng_tài ko còn đc lâu đâu
Dep wa,0,Dep wa
Nghèo còn gặp cặn bã,2,Nghèo còn gặp cặn bã
Tôi thấy cô này xôi ngon!,0,Tôi thấy cô này xôi ngon !
Kon mẹ nó riết tụi công an này nó điên rồi,2,Kon mẹ nó riết tụi công_an này nó điên rồi
chết cụ nội m đi,2,chết cụ nội m đi
Xong rồi hết đường,0,Xong rồi hết đường
"Thoát sao được lưới trời ,thời 4.0 rồi mà vẫn trộm cướp ,ngày xưa 5 năm 10 năm người ta vẫn điều tra ra được bây giờ chỉ phút mốt là toi",0,"Thoát sao được lưới trời , thời 4.0 rồi mà vẫn trộm_cướp , ngày_xưa 5 năm 10 năm người ta vẫn điều_tra ra được bây_giờ chỉ phút mốt là toi"
Chó chết,1,Chó chết
Xin xin cái th cha m à,2,Xin xin cái th cha m à
bọn nó hại người là vậy nhưng nếu có lỡ làm gì tụi nó đau cái là công an lại bắt mình bỏ tù.,0,bọn nó hại người là vậy nhưng nếu có lỡ làm gì tụi nó đau_cái là công_an lại bắt mình bỏ tù .
chiu,0,chiu
Bọn khốn nạn sẽ có ngày gặp ma,2,Bọn khốn_nạn sẽ có ngày gặp ma
Người ta có chồng có con thơ dại.,0,Người_ta có chồng có con thơ_dại .
Chưa cạo râu kìa con bóng Lông xiên,2,Chưa cạo râu_kìa con bóng Lông xiên
Cho em hỏi cô chuyển giới chưa ạ,0,Cho em hỏi cô chuyển_giới chưa ạ
Hiếu Bến Tre lũ người haha là cặn bã,2,Hiếu Bến_Tre lũ người haha là cặn bã
ôi fake,1,ôi fake
Nói đéo ngoa thì cái xh này nát vcl rồi ế 😕😕😕,1,Nói đéo_ngoa thì cái xh này nát vcl rồi ế 😕 😕
Vâng chỉ có ở VN.... 1 đất nước tự do ngôn luận là thứ xa sĩ.... vãi VN...,1,Vâng chỉ có ở VN. . 1 đất_nước tự_do ngôn_luận là thứ xa_sĩ .. vãi VN. .
"Lít xăng, cây kẹo, gạo, nước uống ... mày đang đống thế cả đấy thằng trẩu nhi ! Nói chuyện mở mồm đéo, đm, ngứa háng - văn hóa lắm cơ.",2,"Lít xăng , cây kẹo , gạo , nước uống .._mày đang đống thế cả đấy thằng trẩu_nhi ! Nói_chuyện mở mồm_đéo , đm , ngứa_háng - văn_hóa lắm cơ ."
Lỗi con cặc bộ mặt hãm lồnnnnnn,2,Lỗi con cặc bộ_mặt hãm lồnn
Thuỳ Trang Kokkai Pham :)))),0,Thùy_Trang Kokkai_Pham :))
Chán thật,0,Chán thật
Sao luật sư Nguyễn Anh Thơm xóa hết bài về bé rồi ạ? Khóa commnet hay luật sự ko bào chữa nữa,0,Sao luật_sư Nguyễn_Anh_Thơm xóa hết bài về bé rồi ạ ? Khóa_commnet hay luật sự ko bào_chữa nữa
ĐM thằng thớt page này đúng là thánh tổ lái kiểu đéo gì nó cũng quay đc.Phi tên lửa bằng mõm ít thui k đang Lái Trên Đường bom nổ chết mẹ mày đấy.,2,ĐM thằng thớt page này đúng là thánh_tổ lái kiểu đéo gì nó cũng quay đc . Phi tên_lửa bằng mõm ít thui_k đang Lái Trên Đường bom nổ chết mẹ mày đấy .
"m chửi cho cố zô kêu việt nam thua rồi giờ xin lỗi có lòng tự trọng quá ha , ăn tiền cho cố lúc gần hết trận xin lỗi , làm đc thì làm ko thì nghỉ",1,"m chửi cho cố zô kêu việt_nam thua rồi giờ xin_lỗi có lòng tự_trọng quá ha , ăn_tiền cho cố lúc gần hết trận xin_lỗi , làm đc thì làm ko thì nghỉ"
Vô chửi nó,1,Vô chửi nó
thẻ đỏ đi trọng tài,0,thẻ_đỏ đi trọng_tài
top mạnh nhất là cái gig,0,top mạnh nhất là cái gig
"Nguyễn Hồng Phúc má, nghỉ làm trọng tài đi, trọng tài như cứt :)))",2,"Nguyễn_Hồng_Phúc_má , nghỉ làm trọng_tài đi , trọng_tài như cứt :))"
"Thử trộm xe của ngân hàng hay tiệm vàng coi, trưa nó trộm chiều bị lụm liền, cần dân đen á. Mua chiếc mới đi e",0,"Thử trộm xe của ngân_hàng hay tiệm vàng coi , trưa nó trộm chiều bị lụm liền , cần dân đen_á . Mua chiếc mới đi e"
Cảnh giác Chim moi,0,Cảnh_giác Chim_moi
Bởi vậy Xh ngày càng vô cảm,0,Bởi_vậy Xh ngày_càng vô_cảm
"Mo mom ra biet ngu.nghi sao dung tu nhin,",1,"Mo mom ra biet ngu.nghi sao_dung tu_nhin ,"
ai biết cày thuê là gì đâu ní,0,ai biết cày thuê là gì đâu ní
Nhìn mặt con chó này biết ngu rồi,2,Nhìn mặt con chó này biết ngu rồi
Tôi Thích Chú P. Anh giúp đỡ cho nhiều người ngèo. Còn DMCS. Đéo làm được con cặc gì hết toàn là làm mầu thôi,2,Tôi Thích_Chú P. Anh giúp_đỡ cho nhiều người ngèo . Còn DMCS._Đéo làm được con cặc gì hết toàn là làm_mầu thôi
Tiền mà k xem trọng sau này không có cháu mà húp,0,Tiền mà k xem_trọng sau_này không có cháu mà húp
Loại này phải cách ly vĩnh viễn,1,Loại này phải cách_ly vĩnh_viễn
thầy của tụi bay nè,0,thầy của tụi bay nè
"Anh Nhi mày cũng thuộc thể loại vi khuẩn, vi rút đó hả. Mày ch.ết mịa mày nè",2,"Anh Nhi_mày cũng thuộc thể_loại vi_khuẩn , vi_rút đó hả . Mày ch . ết mịa mày nè"
Kể cả mở nắp bồn cầu cũng nên đái nhẹ nhàng và thanh lịch thôi. Đm rớt vài giọt ra mép bồn cầu t nhìn mà tức nhức nách,1,Kể_cả mở nắp bồn cầu cũng_nên đái nhẹ_nhàng và thanh_lịch thôi . Đm rớt vài giọt ra mép bồn cầu t nhìn mà tức nhức nách
công kích z 3,0,công_kích z 3
"công nghệ làm sạch môi trường của nhật cản trở tham nhũng của công chức búa liềm, đúng là chuyện hài nhà sản",1,"công_nghệ làm sạch môi_trường của nhật cản_trở tham_nhũng của công_chức búa_liềm , đúng là chuyện hài nhà_sản"
ghê dữ d. Có giỏi m đi táp hết mấy ng trong cmt để bênh con bạn m đi . T ủng hộ đó,1,ghê dữ_d . Có giỏi m đi táp hết mấy ng trong cmt để bênh con bạn m đi . T ủng_hộ đó
"J97 bị ổn lào mà nhận vơ hả, ăn cắp công sức ngkhac ko biết ngại thì chịu r :)))",2,"J97 bị ổn_lào mà nhận vơ_hả , ăn_cắp công_sức ngkhac ko biết ngại thì chịu r :))"
Trẻ trâu đó =))),0,Trẻ trâu đó =))
sáng tỏ chưa ?,0,sáng_tỏ chưa ?
Bỏ tật n chuyện với ng lạ,0,Bỏ_tật n chuyện với ng lạ
Thần kinh tọa,0,Thần_kinh tọa
"J97 nhà bọn m hiền đéo j , có vụ gì thì chả tap lại , t coi nó hiền đéo đâu , đăng bên trang cá nhân , stt đó ngay sau khi video của viruss xem video âm nhạc của jack , đéo phải bóng gió mà nói thẳng là kiếm tiền ít nên kiếm fame , có nhận thức về đọc hiểu thì về đọc lại đi nhé , bóng gió đéo gì . Nên nhớ vụ k hồi âm là đến bây giờ mới liên hệ chứ k phải lúc đó . Gặp trực tiếp ngta , ng lớn đéo j lên viết stt . Nhắc lại là t đéo phải fan 2 ng . T cũng đang mong bọn não ngắn như chúng m vào cắn viruss để t hóng tiếp",1,"J97 nhà bọn m hiền_đéo j , có vụ gì thì chả tap lại , t coi nó hiền_đéo đâu , đăng bên trang cá_nhân , stt đó ngay sau khi video của viruss xem video âm_nhạc của jack , đéo phải bóng_gió mà nói_thẳng là kiếm tiền ít nên kiếm fame , có nhận_thức về đọc hiểu thì về đọc lại đi nhé , bóng gió_đéo gì . Nên nhớ vụ k hồi_âm là đến bây_giờ mới liên_hệ chứ k phải lúc đó . Gặp trực_tiếp ngta , ng lớn đéo j lên viết stt . Nhắc lại là t đéo phải fan 2 ng . T cũng đang mong bọn não_ngắn như chúng m vào cắn viruss để t hóng tiếp"
"Chỉ bán xôi . Chỉ noi chuyện về xôi , mua hoặc không . Nói gì mà lắm thế , bàn về kinh tế chính trị hả . Thấy trai là tươm tướp à",0,"Chỉ bán_xôi . Chỉ noi chuyện về xôi , mua hoặc không . Nói gì mà lắm thế , bàn về kinh_tế chính_trị hả . Thấy trai là tươm tướp à"
3 thằng tồi Chúng mày làm xấu mặt đàn ông bọn tao ra,0,3 thằng tồi Chúng_mày làm xấu mặt đàn_ông bọn tao ra
"đền cái cc nhá, vào nước ng ta phá hoại, dân đéo đồng ý nhá, chỉ có tay sai cho tàu đồng ý cho vào thôi. Cút hết về nước",1,"đền cái cc nhá , vào nước ng ta phá_hoại , dân đéo đồng_ý nhá , chỉ có tay_sai cho tàu đồng_ý cho vào thôi . Cút hết về nước"
hhhh ai vả hâhhh t cười ẻ làm trò hề à,0,hh ai_vả hâhh t cười ẻ làm trò hề à
Tốt nhất là giết bỏ đi vài thành phần óc chó đó là vừa,1,Tốt nhất là giết bỏ đi vài thành_phần óc chó đó là vừa
Cho chừa cái tội me trai nha em thấy trai cái sắp sắp vô nha kkkk,0,Cho chừa cái tội me_trai nha em thấy trai cái sắp sắp vô_nha kk
Ad page này có quan tâm gì đâu. Chỉ quan tâm nói đểu nói xoáy thôi mà. Đm ad,1,Ad page này có quan_tâm gì đâu . Chỉ quan_tâm nói đểu nói xoáy thôi mà . Đm ad
T đang nhìn clgv 🙂,1,T đang nhìn clgv 🙂
top dog nhé,1,top dog nhé
Xin cái con mẹ mày,1,Xin cái con mẹ mày
Philippe Troussier bách nhục,1,Philippe Troussier_bách_nhục
cứ lo soi mói ngta xem lại con ny mày đang bị ngta nút lưỡi kìa thằng ngu..ngta đăng bài bán acc có biết đọc chữ éo đâu mà cmt ...cái thứ học ko tới nơi tới chốn,2,cứ lo soi_mói ngta xem_lại con ny mày đang bị ngta nút lưỡi kìa thằng ngu .. ngta đăng bài bán acc có biết đọc chữ éo đâu mà cmt .. cái thứ học ko tới_nơi_tới chốn
". Tìm hiểu dùm mình nhen bạn, ko phải cứ tây ăn cứt thì ta cũng ăn cứt nhen !",1,". Tìm_hiểu dùm mình nhen_bạn , ko phải cứ tây ăn_cứt thì ta cũng ăn cứt_nhen !"
Hanh Le happy story,0,Hanh_Le happy story
Sắp tự kỉ vì quá mệt mỏi thì gặp ngay quả ảnh đéo đỡ nổi 🙂,1,Sắp tự_kỉ vì quá mệt_mỏi thì gặp ngay quả ảnh đéo đỡ nổi 🙂
Nhà nàng ở cạnh nhà tui,0,Nhà nàng ở cạnh nhà tui
"Hanh Viet ở nhà giúp mẹ giúp cha , ở đây soi soi mã cha chúng mày :))",2,"Hanh Viet ở nhà giúp mẹ giúp cha , ở đây soi soi_mã cha chúng_mày :))"
Chơi gêm mà rên ác thiệt chứ,0,Chơi gêm mà rên ác_thiệt chứ
Nó thích mình nó đã yêu cmm luôn chứ bắt m đợi làm lồn gì. Đợi chỉ là lí do để nó tìm xem có kèo nào ngon hơn không thôi,1,Nó thích mình nó đã yêu cmm luôn chứ bắt m đợi làm lồn gì . Đợi chỉ là lí_do để nó tìm xem có kèo nào ngon hơn không thôi
phải thầy k ta,0,phải thầy k ta
idol của tui,0,idol của tui
Người dân Việt Nam ko dư tiền đâu mấy ông VFF,0,Người_dân Việt_Nam ko_dư tiền đâu mấy ông VFF
ê cu. Đang chửi nhau lôi bắc kì vậy hả thằng con nít. Tiếng việt còn đéo sõi bày đặt nói tiếng anh :)) nhóc con,1,ê cu . Đang chửi nhau lôi bắc_kì vậy hả thằng con_nít . Tiếng việt còn đéo sõi bày_đặt nói tiếng anh :))_nhóc con
Nice,0,Nice
2 ngày r mà toà đâu chưa thấy,0,2 ngày r mà tòa đâu chưa thấy
thằng cu này nó cay lắm òi bro :))) loạn ngôn chuyển dần qua phân biệt ae nam bắc rồi. trong khi t ở Sài Gòn. gốc sg :))),0,thằng cu này nó cay lắm òi_bro :))_loạn_ngôn chuyển dần qua phân_biệt ae nam bắc rồi . trong khi t ở Sài_Gòn . gốc sg :))
mong rách vượt qua bão tố mà ko thêm rách nhé,1,mong rách vượt qua bão_tố mà ko thêm rách nhé
thấy bị cắn chưa,1,thấy bị cắn chưa
"Theo ý thằng ad là: cứ hùng hồn qua trung quốc mà bảo: mày xả đập cho tao, ko tao sẽ ném boom mày. Ad mộng du",2,"Theo ý thằng ad là : cứ hùng_hồn qua trung_quốc mà bảo : mày xả đập cho tao , ko tao sẽ ném boom mày . Ad mộng_du"
"Giá xăng rẻ hơn vài ngàn đồng, thu nhập cá nhân thì thấp hơn vài ngàn đô, thiên đường XHCN",0,"Giá xăng rẻ hơn vài ngàn đồng , thu_nhập cá_nhân thì thấp hơn vài ngàn đô , thiên_đường XHCN"
Rank bk mà cày thuê có vẻ khổ z -.- cần trình Lb kéo k -.-,0,Rank bk mà cày thuê có_vẻ khổ_z - . - cần trình Lb kéo k - . -
"Đàn ông ai chả thích vk sạch sẽ gọn gàng thơm tho, rồi hồng hào, đàn bà còn muốn nữa là đàn ông, bà nào hôi viêm ngứa ngáy rồi chỗ đó rộng thì mua viên đặt chỗ shop Trang Lê này vừa sạch sẽ mà khít thơm, ck hôn hít bên dưới đỡ ngại ngùng ,mà chỉ có sướng rên cả hai thôi",0,"Đàn_ông ai chả thích vk sạch_sẽ gọn_gàng thơm_tho , rồi hồng_hào , đàn_bà còn muốn nữa là đàn_ông , bà nào hôi_viêm ngứa_ngáy rồi chỗ đó rộng thì mua_viên đặt chỗ shop_Trang Lê_này vừa sạch_sẽ mà khít_thơm , ck hôn_hít bên dưới đỡ ngại_ngùng , mà chỉ có sướng rên cả hai thôi"
"Ý thức người Văn Minh có khác , cao chót vót đéo với nổi .",1,"Ý_thức người Văn_Minh có khác , cao chót_vót đéo với nổi ."
"Đã giữ lâu, phạt lại cao, thu tiền bãi, đem xe đi sửa nữa thì bằng tiền mua mới",0,"Đã giữ lâu , phạt lại cao , thu tiền bãi , đem xe đi sửa nữa thì bằng tiền mua mới"
Cái bọn này chỉ muốn ngồi mát mà ăn bát vàng này mà bắt được nên cho vào tù mọt gông luôn!,1,Cái bọn này chỉ muốn ngồi mát mà ăn_bát vàng này mà bắt được nên cho vào tù_mọt gông luôn !
Đạo thiên lý thì nghe bài memories của Maroon 5 bé nhé,0,Đạo thiên_lý thì nghe bài memories của Maroon 5 bé nhé
đần quá em à,1,đần quá em à
Đánh thì gà đtc đồ ha =)),1,Đánh thì gà đtc đồ ha =))
"AE THẤY HAY THÌ CHO XIN 1 ĐĂNG KÝ KÊNH Ạ,,,CẢM ƠN",0,"AE THẤY HAY THÌ CHO_XIN 1 ĐĂNG_KÝ KÊNH_Ạ , , CẢM_ƠN"
Sory cái địt mẹ nhà m bắt bẩn như cc loại m sứng đáng bú cú bố m,2,Sory cái địt mẹ nhà m bắt_bẩn như cc loại m sứng đáng bú cú bố m
Xin lỗi mà được à???,0,Xin_lỗi mà được à ? ?
cút ngay về nước ông đi,1,cút ngay về nước ông đi
Hai Vu trong truyền thuyết đây hả :))),0,Hai_Vu trong truyền_thuyết đây hả :))
Ri cái đị mẹ mày fake,2,Ri cái đị mẹ mày fake
Bắt ngu như chó,1,Bắt_ngu như chó
"Lúc trước không biết page nào có share cmt các thứ, ông thầy nói chuyện ngu vl. Đang tranh luận thì xóa cmt, xong bảo nó phát ngôn bừa bãi, tag người này người khác vào làm chứng để lập biên bản. Trong khi mọi người hỏi nó nói gì thì kêu nó nói bậy nên xóa cmt, chưa kịp chụp ảnh. :v",1,"Lúc trước không biết page nào có share cmt các thứ , ông thầy nói_chuyện ngu_vl . Đang tranh_luận thì xóa_cmt , xong bảo nó phát_ngôn bừa_bãi , tag người này người khác vào làm_chứng để lập biên_bản . Trong khi mọi người hỏi nó nói_gì thì kêu nó nói bậy nên xóa_cmt , chưa kịp chụp ảnh . : v"
"Vậy mà mày nói tiếng VN, đẻ ra tại VN đấy ad chó ah",2,"Vậy_mà mày nói tiếng VN , đẻ ra tại VN đấy ad chó ah"
"Đm trang này phản động mọi người ạ. THP là doanh nghiệp nhà nước làm gì có chuyện sai trái bao giờ, bọn nó đào bùn lấy cặn đấy.",2,"Đm_trang này phản_động mọi người ạ . THP là doanh_nghiệp nhà_nước làm_gì có chuyện sai_trái bao_giờ , bọn nó đào bùn lấy cặn đấy ."
bố mẹ sẽ tự hào lắm khi con sẽ đi hâm mộ một đứa bỏ con =)),1,bố_mẹ sẽ tự_hào lắm khi con sẽ đi hâm_mộ một đứa bỏ con =))
giống abe,0,giống abe
Em khuyên thầy:,0,Em khuyên thầy :
Nghĩa Nguyễn dễ toang lắm,0,Nghĩa Nguyễn_dễ_toang lắm
"Jack và công ty J97 đang rất thiện chí trong việc liên hệ, làm rõ thông tin sai lệch vừa qua từ phía ViruSs. Mong rằng ViruSs cũng như đại diện bên anh sẽ có phản hồi sớm cho Jack. Đồng thời, ngừng việc đưa thêm thông tin dẫn dắt cộng đồng mạng bằng cá… Xem thêm",0,"Jack và công_ty J97 đang rất thiện_chí trong việc liên_hệ , làm rõ thông_tin sai_lệch vừa_qua từ phía ViruSs . Mong rằng ViruSs cũng như đại_diện bên anh sẽ có phản_hồi sớm cho Jack . Đồng_thời , ngừng việc đưa thêm thông_tin dẫn_dắt cộng_đồng mạng bằng cá … Xem thêm"
thế À ! Thế biết tại sao ng ta hay gọi thg công an chú bộ đội ko . . M nghỉ ai cũng như m ns à . M chỉ toàn ns mặt nổi sao ko lôi mặt chìm ra mà ns . Biết bao nhiêu vụ sao ko kể ra . Hay là đút lót r cho qua chuyện . Bọn t cũng làm công ăn lương cả thôi . Dân Sai thì phạt nặng . Còn tụi m sai thì chỉ bị kiểm điểm r khiển trách cùng lắm thì bị điều đi công tác . Đến luật thì chưa chắc công an hiểu rõ bằng dân ở đó mà ns như kiểu m hiểu rõ luật lắm không bằng .,0,thế À !_Thế biết tại_sao ng ta hay gọi thg công_an chú bộ_đội ko . . M nghỉ ai cũng như m ns à . M chỉ toàn ns mặt nổi sao ko lôi_mặt chìm ra mà ns . Biết_bao_nhiêu vụ sao ko kể_ra . Hay_là đút_lót r cho_qua_chuyện . Bọn t cũng làm_công_ăn lương cả thôi . Dân_Sai thì phạt nặng . Còn tụi m sai thì chỉ bị kiểm_điểm r khiển_trách cùng lắm thì bị điều đi công_tác . Đến luật thì chưa chắc công_an hiểu rõ bằng dân ở đó mà ns như kiểu m hiểu rõ luật lắm không bằng .
Ngu cứ thích thể hiệu toxic ngu học chơi game bớt ảo tưởng mặt lồn zero,2,Ngu cứ thích_thể hiệu toxic ngu học chơi game bớt ảo_tưởng mặt lồn zero
Gái còn non quá e ơi những đưa hỏi đường ko mo khẩu trang đeo tra lời là vừa nhiều y lam,0,Gái còn non quá e ơi những đưa hỏi đường ko_mo khẩu_trang đeo_tra lời là vừa nhiều y_lam
cu thì bé,1,cu thì bé
So cái mã mẹ mày,2,So cái mã mẹ mày
nọ vừa thấy vd nó sủa farm tốt out farm ngứa đít vl :)))))),1,nọ vừa thấy vd nó sủa farm tốt out farm ngứa đít vl :))
già cái đầu rồi đừng để t chửi cho thì nhục mặt,1,già cái đầu rồi đừng để t chửi cho thì nhục mặt
khốn nạn quá,1,khốn_nạn quá
Biết thế thì im cmm mồm đi. Lại còn đòi dân chủ hóa. Đm thg tàu nó mà bóp thì chỉ có chết. Biết điều nó còn tha cho. Bật nó hỏi xem có thg dân chủ nào ở cạnh mà cầu cứu k. Toàn mấy thg xàm,2,Biết thế thì im_cmm mồm đi . Lại còn đòi dân_chủ hóa . Đm thg tàu nó mà bóp thì chỉ có chết . Biết_điều nó còn tha cho . Bật nó hỏi xem có thg dân_chủ nào ở cạnh mà cầu_cứu k . Toàn mấy thg xàm
Tao tưởng coi thằng thiểu năng vs con dẹo,2,Tao tưởng coi thằng thiểu_năng vs con dẹo
T tưởng t đang coi sếch,0,T tưởng t đang coi sếch
Huy Vũ đánh sion đúng cách,0,Huy_Vũ đánh_sion đúng cách
Con đỉ mẹ m,2,Con đỉ mẹ m
"thằng ad k muốn bme nó ra tù đấy mà, rõ khổ",1,"thằng ad k muốn bme nó ra tù đấy mà , rõ khổ"
Lũ qatar là bọn rác rưởi chúng mày hối lộ để đc đăg cai WC .lđbd chúng mày đều như nhau một lũ súc vật,2,Lũ qatar là bọn rác_rưởi chúng_mày hối_lộ để đc đăg cai_WC . lđbd chúng_mày đều như nhau một lũ súc_vật
Dường như có vẻ anh bạn trọng tài này biết được trước tương lai ae Việt Nam sẽ làm gì cái acc tài khoản này nhỉ?,0,Dường_như có_vẻ anh bạn trọng_tài này biết được trước tương_lai ae Việt_Nam sẽ làm gì cái acc tài_khoản này nhỉ ?
"Tôi cũng vây ,,,nói ko với tân hiệp phát",0,"Tôi cũng vây , , nói ko với tân_hiệp phát"
"Khốn nạn , mẹ thanh niên sức dài vai rộng đi trộm cướp , thứ chó",2,"Khốn_nạn , mẹ thanh_niên sức dài_vai rộng đi trộm_cướp , thứ chó"
Hi vọng ông từ chức ngay sau trận đấu!!! Quá tệ,1,Hi_vọng ông từ_chức ngay sau trận đấu ! ! Quá tệ
Sao tàn nhẫn quá vậy,1,Sao tàn_nhẫn quá vậy
Chết rồi ha mấy đứa,0,Chết rồi ha mấy đứa
Fake mà mọi người,0,Fake mà mọi người
Mấy thánh mõm onl lại bắt đầu rồi,1,Mấy thánh_mõm onl lại bắt_đầu rồi
đúng phải bồi thường 5củ 1 tháng,0,đúng phải bồi_thường 5 củ 1 tháng
Lý Cẩm Cương ngu thì rời dậy đéo có cả tư duy lên đồ,1,Lý_Cẩm_Cương ngu thì rời dậy đéo có cả tư_duy lên đồ
Loại ăn hại,1,Loại ăn_hại
Mày có não không,1,Mày có não không
Trong tai qua thien vị nghỉ mẹ di !!!!,1,Trong tai qua thien_vị nghỉ mẹ di ! !
Xin địa chỉ bán áo:)),0,Xin địa_chỉ bán áo :))
bỏ con mà vẫn fan nó tồi tệ thật,2,bỏ con mà vẫn fan nó tồi_tệ thật
Vậy cũng đc nữa,0,Vậy cũng đc nữa
4 thằng chứ ko phãi ba...bắt đc đánh què tay,1,4 thằng chứ ko phãi ba .. bắt đc đánh què tay
"vn giờ ra luật chộm cắp thì tử hình, bố tk nào dám chộm nữa, thề.",1,"vn giờ ra luật chộm_cắp thì tử_hình , bố tk nào dám chộm nữa , thề ."
Nghỉ mẹ đi,1,Nghỉ mẹ đi
"Mấy thằng này ko làm mà muốn có ăn, nó ko tôn tại được lâu đâu, thể nào nó cũng gặp qua báo thôi",2,"Mấy thằng này ko làm mà muốn có ăn , nó ko tôn tại được lâu đâu , thể_nào nó cũng gặp qua báo thôi"
Tại sao ông không dùng những người có kinh nghiệm hơn tại sao ông lại tin dùng những cầu thủ trẻ tại sao,0,Tại_sao ông không dùng những người có kinh_nghiệm hơn tại_sao ông lại tin dùng những cầu_thủ trẻ tại_sao
Su bin ( Phiá sau 1 cô gái ),0,Su bin ( Phía sau 1 cô gái )
Ui dào tòan cái lũ tham ô tham nhũng. Hốc hết cứt của dân thôi,2,Ui_dào toàn cái lũ tham_ô tham_nhũng . Hốc hết cứt của dân thôi
Gà ngooo Gg ez,1,Gà ngoo Gg ez
Tr dmm=)),0,Tr dmm =))
Nói ko khách sáo. Trong tài trận này thật sự thiếu công bằng. Quá cẩu thả nên treo còi những vị như vậy,0,Nói ko khách sáo . Trong tài_trận này thật_sự thiếu công_bằng . Quá cẩu_thả nên treo còi những vị như_vậy
Phía công ty đã có thiện chí và liên hệ với bên kia . Bên kia ơi mau mau hồi âm lại xem thế nào đừng có im re như thế . Sao lắm lúc cũng thấy mồm khua múa nhanh lắm mà . Mấy ngày rồi mà ko thấy sủi tăm là sao là sao ta .Hiện hồn lên đi ( à nhầm xuất hiện) đi,0,Phía công_ty đã có thiện_chí và liên_hệ với bên kia . Bên kia ơi mau_mau hồi_âm lại xem thế_nào đừng có im_re như_thế . Sao lắm lúc cũng thấy mồm khua_múa nhanh lắm mà . Mấy ngày rồi mà ko thấy sủi_tăm là sao là sao ta . Hiện_hồn lên đi ( à nhầm xuất_hiện ) đi
Só cailoll mẹee m ra ngoài vòng cấm phạm lỗi còn ôm banh lại phạt thẻ vàng,2,Só cailoll mẹee m ra ngoài vòng cấm_phạm lỗi còn ôm banh lại phạt thẻ_vàng
"cái l má hỏi học hết c3 chưa trong khi vẫn đang học lớp 12 (2k6) =))) tao lạy m ạ th mực con ơi. Cái chữ pr nó kh đúng trong hoàn cảnh này nhé th nguu, có ai bị chửi vì bị th kia gánh rồi đăng bài pr kh? Hay là thừa nước đục thả câu?? Đ b… Xem thêm",1,"cái l_má hỏi học hết c3 chưa trong khi vẫn đang học lớp 12 ( 2 k6 ) =)) tao lạy m ạ th_mực con ơi . Cái chữ pr nó kh đúng trong hoàn_cảnh này nhé th nguu , có ai bị chửi vì bị th kia gánh rồi đăng bài pr kh ? Hay_là thừa nước đục thả câu ? ? Đ b … Xem thêm"
Vừa tham gia.,0,Vừa tham_gia .
Đụ mẹ bắt đã vô r giờ xin lỗi .xin vĩnh biệt mày á,2,Đụ mẹ bắt đã vô_r giờ xin_lỗi . xin vĩnh_biệt mày á
"Nguyễn Lê Vĩnh Hưng "" tuyển cầu thủ là HLV chọn"" ??? nói câu biết ngay fan thời vụ rồi",0,"Nguyễn_Lê_Vĩnh_Hưng "" tuyển cầu_thủ là HLV chọn "" ? ? nói câu biết ngay fan thời_vụ rồi"
"Cút mẹ về chăn trâu đi ,hlv ngu như chó",2,"Cút mẹ về chăn trâu đi , hlv_ngu như chó"
Sao nãy ko xin lỗi tao vĩnh biệt mày bây giờ,1,Sao nãy ko xin_lỗi tao vĩnh_biệt mày bây_giờ
Khẩu nghiệp tụ vành môi v má,0,Khẩu_nghiệp tụ_vành môi v má
Khốn nạn xã hôi VN!,2,Khốn_nạn xã hôi VN !
Để ý chiếc xe nha con kakaka. Kieu Anh Ly Tào Hữu Nghĩa,0,Để_ý chiếc xe nha con kakaka . Kieu_Anh Ly Tào_Hữu_Nghĩa
😍,0,😍
Linh cẩu,0,Linh cẩu
ko tí nữa có người đến phá nhà🤣,0,ko tí nữa có người đến phá nhà 🤣
mắt oắt tai rơi,1,mắt oắt_tai rơi
Dm con bóng muộn màng nhìn gốm vkl,2,Dm con bóng muộn_màng nhìn gốm vkl
"Ông Trossie dẫn dắt hay quá, tương lai Việt Nam sẽ thành Nhật Bản thứ 2",0,"Ông Trossie dẫn_dắt hay quá , tương_lai Việt_Nam sẽ thành Nhật_Bản thứ 2"
Alo đc bạn,0,Alo đc bạn
M bị bắt là đáng r thằng ad hãm lz.,2,M bị bắt là đáng r thằng ad hãm lz .
Tốt nhất khuya rồi thì nên ngủ sớm !,0,Tốt nhất khuya rồi thì nên ngủ sớm !
Cũng chuyên nhiều lắm... và rất nhiệt tình,0,Cũng chuyên nhiều lắm .. và rất nhiệt_tình
Mọe cái loại trai đéo phải nữ cũng không. Xàm lol quen,2,Mọe cái loại trai đéo phải nữ cũng không . Xàm lol quen
Địt ông cụ mày,2,Địt ông cụ mày
Biết ăn cơm chứ biết ăn cức đâu mà nhai cái gì vậy ? mày chửi con gái là máy đéo = con súc vật hiểu chưa cái t2 mày sân si thì tao nghĩ chỉ có đàn bà thôi con ạ,2,Biết ăn cơm chứ biết ăn_cức đâu mà nhai cái gì vậy ?_mày chửi con gái là máy đéo = con súc_vật hiểu chưa cái t2 mày sân si thì tao nghĩ chỉ có đàn_bà thôi con ạ
Đm abe giống bóng vcccc,1,Đm abe giống bóng vcc
3 thằng hèn.,2,3 thằng hèn .
cc acc fake,1,cc acc fake
cái tay cái tay,0,cái tay cái tay
Sen cũng biết cướp sen dí mà ko kịp bảo vệ cô chủ v chết r sen ơi,0,Sen cũng biết cướp_sen dí mà ko kịp bảo_vệ cô chủ v chết r_sen ơi
Nguyễn Hồng cẩn thận nhé cháu,0,Nguyễn_Hồng_cẩn_thận nhé cháu
còn gì nữa đâu mà khóc với sầu,0,còn gì nữa đâu mà khóc với sầu
Cứ tưởng anh đánh nguu chứ,1,Cứ tưởng anh đánh nguu chứ
Đây mới đúng là ván bài lật ngửa..... Ha ha ha ha....,0,Đây mới đúng là ván bài lật ngửa .. Ha ha ha ha ..
uk đroi,0,uk đroi
Lí do này nọ mắc mệt 🤷‍♀️🥴,0,Lí_do này nọ mắc mệt_🤷 ‍_♀ ️ 🥴
Diệu Linh anh có nên làm quả đầu mới chơi trung thu không tar,0,Diệu_Linh anh có nên làm quả đầu mới chơi trung_thu không tar
Lol là nghĩa cười to cười lớn tao đang xem cười to cười lớn hả,0,Lol là nghĩa_cười to_cười lớn tao đang xem cười to_cười lớn hả
Thùy Trang :)) thứ điên nó v á mày,2,Thùy_Trang :)) thứ điên nó v á_mày
Chắc anh quên chưa kéo lên thôi,0,Chắc anh quên chưa kéo lên thôi
Lũ máu lạnh bạo lực,2,Lũ máu lạnh bạo_lực
link đâu con mẹ m,2,link đâu con mẹ m
Live đi sợ cái đuồi bầu gì,1,Live đi sợ cái đuồi bầu gì
"Có một người đàn ông nọ đứng ở giữa quảng trường và hét to: ""Lãnh đạo đất nước là những thằng ngu"".",2,"Có một người đàn_ông nọ đứng ở giữa quảng_trường và hét to : "" Lãnh_đạo đất_nước là những thằng ngu "" ."
Phoanh Lee đọc đi cho đỡ buồn :)),0,Phoanh Lee_đọc đi cho đỡ buồn :))
thương vr bị đạo nhạc mà sp đạo lại như cl,1,thương vr bị đạo_nhạc mà sp_đạo lại như cl
Thôi đi ông nội Fake vừa thôi,0,Thôi đi ông nội_Fake vừa thôi
coi chừng có con :))),0,coi_chừng có con :))
Bg ở VN nhiều thanh niên sống nhục nhỉ ? Sống như vậy uông kiếp người làm sv chi ha mồm doi người ta quang do ăn thua cho ăn,2,Bg ở VN nhiều thanh_niên sống nhục_nhỉ ?_Sống như_vậy uông_kiếp người làm sv chi ha mồm_doi người ta quang do ăn_thua cho ăn
hơn giống loài tỏ ra thượng đẳng trong khi chả biết củ lìn gì.,2,hơn giống loài tỏ ra thượng_đẳng trong khi chả biết củ_lìn gì .
Em bán xôi kiếm từng đồng lẻ mà nó cũng cướp kg tha,0,Em bán_xôi kiếm từng đồng_lẻ mà nó cũng cướp kg tha
Lữ Văn Thánh đó là ý do tôi bảo ông trẩu,1,Lữ_Văn_Thánh đó là ý do tôi bảo ông trẩu
Reffere dick,2,Reffere dick
VTV1 tẩy chai con đỉ Trần Mu,2,VTV1 tẩy chai con đỉ Trần_Mu
Giờ này thì gọi grab ship hàng thui chứ ra đường chi nữa :((((,0,Giờ này thì gọi grab ship hàng thui chứ ra đường chi nữa : ( (
Fake Tự nhiên vô hứng đạn cho ông kia,0,Fake Tự_nhiên vô_hứng đạn cho ông kia
trẻ trâu à,1,trẻ trâu à
Hãy cút đi thằng già HLV óc chó,2,Hãy cút đi thằng già HLV_óc chó
Yêu chị quá. ♥️♥️♥️♥️♥️,0,Yêu chị quá . ♥ ️_♥ ️_♥ ️_♥ ️_♥ ️
Bọn khốn nạn hy vọng bọn chúng không sống được lâu,2,Bọn khốn_nạn hy_vọng bọn chúng không sống được lâu
Má,1,Má
Ad à thanh phố hcm cái củ cải. Kêu sài gòn đi nghe cai tên éo ưa,1,Ad à thanh_phố hcm cái củ_cải . Kêu sài_gòn đi nghe cai tên éo ưa
Anh ăn gì em cúng,0,Anh ăn gì em cúng
"Người ta vi phạm giao thông thì giữ phương tiện đóng phạt , giữ tài sản của người ta rồi phải có trách nhiệm chứ , chắc lại chơi luật rừng huề phải không",0,"Người ta vi_phạm giao_thông thì giữ phương_tiện đóng phạt , giữ tài_sản của người ta rồi phải có trách_nhiệm chứ , chắc lại chơi luật rừng huề phải không"
Tội cho cô gái bán xôi:,0,Tội cho cô gái bán_xôi :
VR có hẳn 1 buổi stream đối chất luôn rồi đó tính ra jack chưa đưa ra bằng chứng nào luôn á,0,VR có hẳn 1 buổi stream đối_chất luôn rồi đó tính ra jack chưa đưa ra bằng_chứng nào luôn á
Con này cũng xàm lồn lên chửi qua chửi lại chủ yếu nó ăn tiền nhà mạng . Con khùng thúi,2,Con này cũng xàm lồn lên chửi qua chửi lại chủ_yếu nó ăn_tiền nhà_mạng . Con khùng thúi
. Mở Miệng Ra Phật Phật.... Mà Đỉ Lol Này Nọ... Ô Ế Cửa Phật,2,. Mở_Miệng Ra Phật_Phật .. Mà Đỉ_Lol Này Nọ .. Ô_Ế Cửa_Phật
Ngu thì thua chứ cay gì,1,Ngu thì thua chứ cay gì
Con chó cũng là đồng phạm,0,Con chó cũng là đồng_phạm
Dô con chó trọng tai Trạm tay không tính ben,2,Dô con chó trọng_tai Trạm tay_không tính ben
"Thằng hề , mặt thớt CÚT !!!",1,"Thằng hề , mặt thớt_CÚT ! !"
Nguuu chơi game quạo,1,Nguu chơi game quạo
"biết bao xương máu của con dân Việt Nam đã đổ xuống nhuộm đỏ mảnh đất này mới có được ngày hôm nay, vì lòng tham không đáy mà bọn chó cộng sản tiếp tay cho trung cộng tàn phá đất nước, rồi sau này con cháu sẽ đào mã chôn xác bọn mày cùng tổ tiên nhà bọn mày lên rủa, bọn mày có chết cũng không được yên đâu,",2,"biết_bao xương_máu của con dân Việt_Nam đã đổ xuống nhuộm đỏ mảnh đất này mới có được ngày hôm_nay , vì lòng tham_không đáy mà bọn chó cộng_sản tiếp_tay cho trung_cộng tàn_phá đất_nước , rồi sau_này con_cháu sẽ đào_mã chôn xác bọn mày cùng tổ_tiên nhà bọn mày lên_rủa , bọn mày có chết cũng không được yên đâu ,"
Cô Minh Hiếu dethw quá à 🥰,0,Cô Minh_Hiếu dethw quá à 🥰
Em đéo ra cao bằng gặp anh đc đcm,1,Em đéo ra cao bằng gặp anh đc đcm
Đằng nào chả mất njk xin lỗi lmj cho mệt,1,Đằng nào chả mất njk xin_lỗi lmj cho mệt
"Thương thầy , thầy sela",0,"Thương thầy , thầy sela"
"Dm, nó giàu nó mặc như lol người ta bảo đẹp:))",1,"Dm , nó giàu nó mặc như lol người ta bảo đẹp :))"
bỏ đi mà làm người tụi bây ăn cướp của ngươi nghèo giàu sao hông cướp,0,bỏ đi mà làm người tụi bây ăn_cướp của ngươi nghèo giàu sao hông cướp
ditme bỏ nghề đi,1,ditme bỏ nghề đi
Đúng r..,0,Đúng r ..
Ngọc Quyên cẩn thận nè e,0,Ngọc_Quyên cẩn_thận nè e
Cái đù má ság ra mò cl j mà vào đc cái page loằn này hay vl thế nhỉ . Toàn mấy đkm tháh rãh cmn hág . Xin lỗi e hơi thiếu lịch sự tí. E xin xin phép dí buồi vào mặt Ad nhé. Page hay vl :)))))))),2,Cái đù má ság ra mò cl j mà vào đc cái page loằn này hay vl thế nhỉ . Toàn mấy đkm tháh rãh cmn hág . Xin_lỗi e_hơi thiếu lịch_sự tí . E xin xin phép dí buồi vào mặt Ad nhé . Page hay vl :))
nhân dân VN tức là cờ đỏ. Còn đám cờ vàng là lũ súc vật lưu vong. Hiểu hông?,2,nhân_dân VN tức_là cờ đỏ . Còn đám cờ vàng là lũ súc_vật lưu_vong . Hiểu hông ?
Thằng chó này :3,1,Thằng chó này : 3
Nghe như đấm vào tai,1,Nghe như đấm vào tai
Ủa sao nói nó khóc lóc xin lỗi rồi mà,0,Ủa sao nói nó khóc_lóc xin_lỗi rồi mà
"Đọc cmt mà t buồn cười vcl , fan thằng này toàn mấy thằng trẻ trâu . Đéo hiểu kiểu gì , đánh thì ngu mà nói rõ lắm",1,"Đọc cmt mà t buồn_cười vcl , fan thằng này toàn mấy thằng trẻ trâu . Đéo hiểu kiểu gì , đánh thì ngu mà nói rõ lắm"
ĐÍNH CHÍNH ANH EM ĐÂY LÀ TÀI KHOẢN GIẢ MẢO,0,ĐÍNH_CHÍNH_ANH_EM ĐÂY LÀ TÀI_KHOẢN GIẢ_MẢO
bọn tuyển thủ top tier hàn vẫn choke hoài chứ mẹ j ba thg rách này có cẹc j mà ko choke,2,bọn tuyển_thủ_top tier hàn vẫn choke hoài chứ mẹ j ba thg rách này có cẹc_j mà ko choke
3 cha con nó nhìn mặt là bt cô hồn dạ quỷ r,2,3 cha_con nó nhìn mặt là bt cô_hồn dạ_quỷ r
Loại này mau chết hết đi sống ăn bám trộm cướp xã hội không một ai ưa,2,Loại này mau chết hết đi sống ăn bám trộm_cướp xã_hội không một ai ưa
Xem Tom và jerry đừnng xem mèo tom nữa :)),0,Xem Tom và jerry đừnng xem mèo tom nữa :))
Tội nghiệp cháu quá hy vọng có phép màu để người mẹ đỡ đau lòng hơn,0,Tội_nghiệp cháu quá hy_vọng có phép màu để người mẹ đỡ đau_lòng hơn
"Xin đừng tin ai ở cái xã hội này-lừa đảo , cướp giật ,trộm cắp khắp nơi.",0,"Xin đừng tin ai ở cái xã_hội này-lừa_đảo , cướp_giật , trộm_cắp khắp_nơi ."
Chính sách ngu dân ngày càng hiệu quả,1,Chính_sách ngu_dân ngày_càng hiệu_quả
đến chúa cũng ko thể cứu vãn nỗi con người đang quẩn trí 1 cách ảo tưởng này,1,đến chúa cũng ko_thể cứu_vãn nỗi con_người đang quẩn_trí 1 cách ảo_tưởng này
Cố lên tôi tin chúng ta sẽ làm được,0,Cố lên tôi tin chúng_ta sẽ làm được
hahaha ngu tỏ ra vẻ uyên thâm xog giờ oẳng lại tỏ ra vẻ cao ngạo à,1,hahaha ngu tỏ ra_vẻ uyên_thâm xog giờ oẳng lại tỏ ra_vẻ cao_ngạo à
Cho bỏ tật hóng hớt,0,Cho bỏ_tật hóng hớt
Phải xử lý hình sự mới sáng mắt ra đc !,0,Phải xử_lý hình_sự mới sáng_mắt ra đc !
căng thẳng thế bro,0,căng_thẳng thế bro
mk chỉ thích xem a độ đá vs a bô béo,0,mk chỉ thích xem a_độ đá vs a_bô béo
Kiến Hoàng chơi sion đúng cách nè mài,0,Kiến Hoàng_chơi sion đúng cách nè mài
lũ khốn nạn.,2,lũ khốn_nạn .
"Trí Trần Xuân ""Anh thương em nhất mà"" nhé bro",0,"Trí Trần_Xuân "" Anh thương em nhất mà "" nhé bro"
Long Duy Đào cái tội ớ,0,Long_Duy_Đào cái tội ớ
"đâu vậy chỉ t nữa, chụp lại màn hình đi",0,"đâu vậy chỉ t nữa , chụp lại màn_hình đi"
Đinh Thanh Tùng anh lên tiếng bảo vệ anh jack đi anh,0,Đinh_Thanh_Tùng anh lên_tiếng bảo_vệ anh jack đi anh
đọc tn mà tức mn trào máu!!! để xem xong vụ này nó còn bản tính hung hăng vậy hay hk?,1,đọc tn mà tức_mn trào máu ! ! để xem xong vụ này nó còn bản_tính hung_hăng vậy hay hk ?
đéo thích thì thôi cút mẹ đi =)),1,đéo thích thì thôi cút mẹ đi =))
lũ khốn nạn. rút sạch sương máu dân,2,lũ khốn_nạn . rút sạch sương máu dân
Nguyễn Thanh Tín thằng đàn bà mồm dính cut à =)),2,Nguyễn_Thanh_Tín thằng đàn_bà mồm dính cut à =))
Tính ra mấy thằng ăn cướp rất là thông minh...,0,Tính ra mấy thằng ăn cướp rất là thông_minh ..
"Chó ko phải người , trộm cắp cướp giật , phải tăng hình phạt thật nặng lên ,ko xã hội loạn rồi , trộm cắp cướp giết , tham ô , tham nhũng ,xã hội văn hóa xuống trầm trọng ,",2,"Chó ko phải người , trộm_cắp cướp_giật , phải tăng hình_phạt thật nặng lên , ko xã_hội_loạn rồi , trộm_cắp cướp giết , tham_ô , tham_nhũng , xã_hội văn_hóa xuống trầm_trọng ,"
Anh 3 ngu vải ra hahaha,1,Anh 3 ngu vải ra hahaha
Yêu cô ghê hà ❤️,0,Yêu cô ghê_hà ❤ ️
Bọn bẩn thỉu nhơ nhớp của xã hội xem ức chế thật tội cho cô gái .,2,Bọn bẩn_thỉu nhơ_nhớp của xã_hội xem ức_chế thật tội cho cô gái .
Táo mà k có cô đẩu thì trả có gì xem,0,Táo mà k có cô đẩu thì trả có gì xem
:v thế ông rapper chưa xem bao màn sấy vào mắt bản làng rồi,0,: v thế ông rapper chưa xem bao màn_sấy vào mắt bản_làng rồi
Điểm gay ấn tượng và nổi bật đó ạ,0,Điểm gay_ấn_tượng và nổi_bật đó ạ
"Cái loại mê trai, dại trai, đáng lắm, cho chừa,",1,"Cái loại mê_trai , dại_trai , đáng lắm , cho chừa ,"
Cái loại mày thiếu lão mà cũng đòi làm trọng tài bắt ngu như con cũng làm đéo biết nhục à,2,Cái loại mày thiếu_lão mà cũng đòi làm trọng_tài bắt ngu như con cũng làm đéo biết nhục à
Cổng thì xấu vcc ra,1,Cổng thì xấu vcc ra
ăn bẩn ko chừa thứ gì kể cả bê tông.,1,ăn bẩn ko chừa thứ gì kể_cả bê_tông .
đến cái bio của page còn viết sai chính tả TA thì làm ăn đc gì nữa,0,đến cái bio của page còn viết sai chính_tả TA thì làm_ăn đc gì nữa
Đào Quang Huy Master Lê Ng Lê Như Ý Sara Catoner cũng là tên này nhưng trên tốc chiến Global Ban,0,Đào_Quang_Huy_Master Lê_Ng_Lê_Như_Ý Sara_Catoner cũng là tên này nhưng trên tốc_chiến Global Ban
Lỗi Cc bé oii Em súc phạm Việt Nam mà xin lỗi Ah ko chịu đâu,1,Lỗi Cc bé oii Em súc_phạm Việt_Nam mà xin_lỗi Ah_ko chịu đâu
"Ý thức phải như thế mới đúng người biết bảo vệ cộng đồng, đâu như mấy cái loại trốn khai báo, khai báo sai rồi còn livestream khoe hay trốn cách li đâu, ý thức chuột cắn. Hãm",1,"Ý_thức phải như_thế mới đúng người biết bảo_vệ cộng_đồng , đâu như mấy cái loại trốn khai_báo , khai_báo sai rồi còn livestream khoe hay trốn cách li đâu , ý_thức chuột_cắn . Hãm"
thg mực đánh thì óc chó nhất quyết đéo nhận mình ngu,2,thg mực đánh thì óc chó nhất_quyết đéo nhận mình ngu
"2 ngày rồi, đã làm đc j chx, sao ko tố luôn đi, hay rén rồi",0,"2 ngày rồi , đã làm đc j chx , sao ko_tố luôn đi , hay rén rồi"
Dm trọng tài,2,Dm trọng_tài
Sao tao phải trả tiền mạng để đọc mấy cái tin tức lol này vậy.quang hải là thằng nào mà quan tâm vcc vậy.nó đi ỉa giờ nào chắc cũng đăng báo,1,Sao tao phải trả tiền mạng để đọc mấy cái tin_tức lol này vậy . quang_hải là thằng nào mà quan_tâm vcc vậy . nó đi ỉa giờ nào chắc cũng đăng báo
"thách đấu gì, toàn thuê bên kia diễn",0,"thách_đấu gì , toàn thuê bên kia diễn"
Thằng cha oc cho này tính là kẻ chủ mưu va đi tù nặng nhất,2,Thằng cha oc cho này tính là kẻ chủ_mưu va đi tù nặng nhất
"Bố m bảo rồi , h nhục như chó chưa , đàn ông đàn ang để cmn lại đi cho chất , sợ lồn =))",1,"Bố m bảo rồi , h_nhục như chó chưa , đàn_ông đàn ang để cmn lại đi cho chất , sợ lồn =))"
CHÓ ĂN CỨC,1,CHÓ ĂN_CỨC
kêu nó call video coi nó bao nhiêu tuổi thử,0,kêu nó call_video coi nó bao_nhiêu tuổi thử
Hanh Viet tôi thấy 1 bông hoa giữa 1 vùng cứt,1,Hanh Viet tôi thấy 1 bông hoa giữa 1 vùng cứt
mấy tk hs rảnh cac bắt bẻ hhhh t lại quá quen Nó cố tình lựa mấy pha này cho m xem đấy chứ m nghĩ chả tk tâm thần nào quây khúc phế cho m xem?,2,mấy tk hs rảnh_cac bắt bẻ hh t lại quá quen Nó cố_tình lựa mấy pha này cho m xem đấy chứ m nghĩ chả tk tâm_thần nào quây khúc phế cho m xem ?
hhhhh thế thì show ra em à nói nhìu làm gì Hành động đi,0,hh thế thì show ra em à nói nhìu làm_gì Hành_động đi
xin lỗi con cặc,1,xin_lỗi con cặc
"Ngụy...là khi chúng mày đói rét, không nơi nương tựa. Chúng mày núp dưới đáy quần của bà Cát Hanh Long, hả miệng chó ra nhận từng chén cơm của bà ta. Khi chúng mày nắm được quyền lực thì đem người ta ra bắn. Chúng mày thua loài súc sinh!",2,"Ngụy .. là khi chúng_mày đói rét , không nơi nương_tựa . Chúng_mày núp dưới đáy quần của bà Cát_Hanh_Long , hả miệng chó ra nhận từng chén cơm của bà ta . Khi chúng_mày nắm được quyền_lực thì đem người ta ra bắn . Chúng_mày thua loài súc_sinh !"
Như kết quả và thành tích thể này mày ở Việt Nam làm gì,0,Như kết_quả và thành_tích_thể này mày ở Việt_Nam làm gì
nhanh,0,nhanh
Nhét cái cu vào Mồm nó đi,1,Nhét cái cu vào Mồm nó đi
vào vietnamfootball mà xem,0,vào vietnamfootball mà xem
"You should retire, bitch",2,"You should retire , bitch"
Lủ ko có nhân tính.sớm gặp báo ứng thôi.dời có vai có trả chỉ là chưa dến lúc thôi,2,Lủ ko có nhân_tính . sớm gặp báo_ứng thôi . dời có vai có trả chỉ là chưa dến lúc thôi
Mong pl trừng trị những kẻ xem thường mạng sống để răng đe các thế hệ trẻ sau,0,Mong pl trừng_trị những kẻ xem_thường mạng sống để răng_đe các thế_hệ trẻ sau
thấy bạn nói chuyện n .. quá thì nên câm lại . Bạn ko cmt ko ai nói tay bạn tật đâu,1,thấy bạn nói_chuyện n .. quá thì nên câm lại . Bạn ko cmt ko ai nói tay bạn_tật đâu
Mong sau này con cháu bạn gặp được người cha tốt như J.,0,Mong sau_này con_cháu bạn gặp được người cha tốt như J .
QuânAnh dogy chứ,1,QuânAnh dogy chứ
Trọng tài này bị cận rồi Bay acc đi .xin vĩnh biệt cụ,1,Trọng_tài này bị cận rồi Bay acc đi . xin vĩnh_biệt cụ
"Ta ước gì có một lão Hitler tái sinh trên đất nước này, làm sạch hết lũ cặn bã dơ bẩn",2,"Ta_ước gì có một lão Hitler tái_sinh trên đất_nước này , làm sạch hết lũ cặn_bã dơ bẩn"
Chấp gì thằng thiểu năng đó Trần Ngọc Giàu ơi,2,Chấp gì thằng thiểu_năng đó Trần_Ngọc_Giàu ơi
Toàn thanh niên ham ăn chơi lười lao động...,1,Toàn thanh_niên ham ăn_chơi lười lao_động ..
đội trưởng mĩ hihihi,0,đội_trưởng mĩ hihihi
Nguyễn Văn Nam that khong ạ,0,Nguyễn_Văn_Nam that khong ạ
nhà ai có người làm trong sân bay thì nhục phụ cái,1,nhà ai có người làm trong sân_bay thì nhục phụ cái
Chó ăn cứt,1,Chó ăn cứt
ngu thi chet khoc cl,1,ngu thi chet khoc cl
ĐÁNH RANK BẠCK KIM ĐC BẠCH KIM GÁNH SƯỚNG,0,ĐÁNH RANK_BẠCK KIM_ĐC BẠCH_KIM_GÁNH SƯỚNG
Nhìn a độ hồi xưa chất phải biết :)),0,Nhìn a_độ hồi xưa chất phải_biết :))
What the fuck,1,What the fuck
tội z anhtrai,0,tội z anhtrai
Anh anh cái củ cc đấm vào mỏm cmm giờ,2,Anh anh cái củ cc đấm vào mỏm cmm giờ
"Chế độ tốt sinh ra con người tốt . Hết xả súng da đen , trẻ em , CS mỹ lại làm 3 cái trò này ..",1,"Chế_độ tốt_sinh ra con_người tốt . Hết xả súng da đen , trẻ_em , CS_mỹ lại làm 3 cái trò này .."
cai thu me trai gio travh ai,1,cai thu me trai gio travh ai
Lồn,1,Lồn
xinh vaicalon y kien gi,1,xinh vaicalon y_kien gi
10k /1k Follow ai mua ib,0,10 k / 1 k Follow ai mua ib
bản chất thật của bọn Cơm Sườn ngày càng được công khai lộ liễu không còn dấu diếm như thời gian trước.,1,bản_chất thật của bọn Cơm_Sườn ngày_càng được công_khai lộ liễu không còn dấu_diếm như thời_gian trước .
Nghỉ đi là vừa,0,Nghỉ đi là vừa
Like và cm tụi nó ăn được hay sao mà ham hố vậy trời. Lũ điên,2,Like và cm tụi nó ăn được hay sao mà ham hố vậy trời . Lũ điên
Xin vĩnh biệt cũ chờ bay acc Đi,1,Xin vĩnh_biệt cũ chờ bay acc Đi
thag này chơi game nhiều ngáo lun qa,1,thag này chơi game nhiều ngáo lun qa
Bất lực 😞,0,Bất_lực 😞
Ma toi con mẹ nó,2,Ma_toi con mẹ nó
Anh em yếu sly ib,0,Anh_em yếu sly ib
Những lúc như thế này lại mong cho một xe ô tô như hai thằng trộm chó,1,Những lúc như thế_này lại mong cho một xe ô_tô như hai thằng trộm chó
Lủ vc Đcs cũng là một bịnh thần kinh ác hiểm cho dân tộc vn !,2,Lủ vc Đcs cũng là một bịnh thần_kinh ác_hiểm cho dân_tộc vn !
K check map xoq ngựa ngựa r s thua,1,K check map xoq ngựa ngựa r s thua
Minh Đặngg chúng nó bắt chước cô mình 🤣,0,Minh_Đặngg chúng_nó bắt_chước cô mình 🤣
Sorry con cặc,1,Sorry con cặc
Bố lạy mày,0,Bố lạy mày
Lmaon't Ya ảnh quạo,0,Lmaon't Ya_ảnh quạo
Đây mới là cách giải quyết hợp lý và xác thực nhất lúc này chứ không phải lên Livetream nói linh tinh như ai kia,0,Đây mới là cách giải_quyết hợp_lý và xác_thực nhất lúc này chứ không phải lên Livetream nói linh_tinh như ai kia
"ghê đấy, ủng hộ thêm shop mình nữa xem nào https://shope.ee/A9te9A8Dx0",0,"ghê đấy , ủng_hộ thêm shop mình nữa xem nào https://shope.ee/A9te9A8Dx0"
tại sao lại xin lỗi chúng tôi?,0,tại_sao lại xin_lỗi chúng_tôi ?
"thg này nó chúa toxic, ngta lâu lâu mới chửi còn nó mở mồm ra là văng tục",1,"thg này nó chúa_toxic , ngta lâu_lâu mới chửi còn nó mở mồm ra là văng_tục"
Cầu xin phật trời cho con một phép màu để con được sống với mẹ Còn riêng với chủng loại của bọn khốn nạn kia thì pháp luật đâu Công Lý đâu hãy vào cuộc đi để cho sự hống hách tàn độc kia được biết luật như thế nào,2,Cầu xin phật_trời cho con một phép màu để con được sống với mẹ Còn riêng với chủng_loại của bọn khốn_nạn kia thì pháp_luật đâu Công_Lý đâu hãy vào_cuộc đi để cho sự hống_hách tàn_độc kia được biết luật như_thế_nào
"Bố lạy mày đừng ""hiếp dâm"" thị giác của bố nữa ad à 😂😂😂",2,"Bố lạy mày đừng "" hiếp_dâm "" thị_giác của bố nữa ad à 😂 😂"
Abe muôn năm 😂,0,Abe muôn năm 😂
Idol tui có khác. Phải v chứ ai như cái con phò tiệp tiệp j đó. Đm nó như 1 con đàn bà.,2,Idol tui có khác . Phải v chứ ai như cái con phò tiệp tiệp j đó . Đm nó như 1 con đàn_bà .
"3 cha con nó tán gia bại sản, trả nghiệp như vậy mới dừa",2,"3 cha_con nó tán_gia bại_sản , trả_nghiệp như_vậy mới dừa"
Mày tưởng xin lỗi là xong à ?,0,Mày tưởng xin_lỗi là xong à ?
Woh Wh acc clone trẩu,1,Woh Wh acc clone trẩu
trông cô nch như mấy đứa c1 chứ nglon chả ai nch thế,1,trông cô nch như mấy đứa c1 chứ nglon chả ai nch thế
Linh Ngô tội tôn sùng quá hoá ra ngu đần mà k biết bản thân nó ngu đần kiểu j lấy ý của bản thân nó đi sửa lỗi cho ý của bài viết trên đéo hỉu học kiểu j lên đc lớp hay thế chứ,1,Linh Ngô_tội tôn_sùng quá hóa ra ngu_đần mà k biết bản_thân nó ngu_đần kiểu j lấy ý của bản_thân nó đi sửa lỗi cho ý của bài viết trên đéo hỉu_học kiểu j lên đc lớp hay thế chứ
thâm độc =)),0,thâm_độc =))
Moa sát bên v mà nó cũng lấy,0,Moa sát bên v mà nó cũng lấy
Hứa Sơn ghép cho bạn thành ộp pa luôn nhá 😄,0,Hứa_Sơn ghép cho bạn thành ộp pa luôn nhá 😄
cái này mới đúng nè mọi người,0,cái này mới đúng nè mọi người
anh có nhận cày lên thách đấu k ạ,0,anh có nhận cày lên thách_đấu k ạ
Bọn Tàu chó má,2,Bọn Tàu chó má
Mà vẫn lên rank mặc rầu kda =)) rank anh ta cày được kiểu :,0,Mà vẫn lên rank mặc rầu kda =))_rank anh ta cày được kiểu :
Não mày ngu vậy là cùng Bạn tao thì tao bênh sai chổ nào tao đã nói là nó cmt đúng hay sai chưa tao chỉ chửi thằng chửi nó mày hiểu chưa china con ngu l thích logic à óc thì ngắn mà hay cãi lý phản biện lại toàn mấy câu ngu tao ạ mày đó thằng china con,2,Não mày ngu vậy là cùng Bạn tao thì tao bênh sai chổ nào tao đã nói là nó cmt đúng hay sai chưa tao chỉ chửi thằng chửi nó mày hiểu chưa china con ngu l thích logic à_óc thì ngắn mà hay cãi_lý phản_biện lại toàn mấy câu ngu tao ạ mày đó thằng china con
rác chưa,1,rác chưa
Đem ra bắn ngay cái thể loại ấy,1,Đem ra bắn ngay cái thể_loại ấy
vật ơi. Thg cha con mẹ đang hấp hối thoi thoi của mày đâu r xúc vật ơi. Đéo lo chôn cha mẹ m đi mà đi cắn bậy cho thg tiểu nhân Viruss nhiều thế con chó,2,vật ơi . Thg cha_con mẹ đang hấp_hối_thoi thoi của mày đâu r_xúc vật ơi . Đéo lo chôn cha_mẹ m đi mà đi cắn bậy cho thg tiểu_nhân Viruss nhiều thế con chó
Rồi hốt lũ chó đó chưa,2,Rồi hốt lũ chó đó chưa
"Dume. Đầu óc đ gì cứ như gói trà túi lọc ấy, tinh tuý thì thoát hết ra ngoài, cặn bã thì ở lại",2,"Dume . Đầu_óc đ gì cứ như gói trà túi lọc ấy , tinh_túy thì thoát hết ra ngoài , cặn_bã thì ở lại"
Nổ như chó,1,Nổ như chó
"Lê Hữu Vinh tôi đang nói ý thức ng tham gia giao thông , đúng luật hiểu luật k dúi tiền vào tay ng ta thì ng ta đè bạn ra cướp dc à ! Phía csgt t chưa nhắc đến có ng tốt có ng xấu ! Muốn văn minh tiến bộ thì chính mình phải tiến bộ trước !",0,"Lê_Hữu_Vinh tôi đang nói ý_thức ng tham_gia giao_thông , đúng luật hiểu luật k dúi tiền vào tay ng ta thì ng ta đè bạn ra cướp dc à ! Phía csgt t chưa nhắc đến có ng tốt có ng xấu !_Muốn văn_minh tiến_bộ thì chính mình phải tiến_bộ trước !"
m tìm được chữ nào t nịnh hay t bênh nó hộ t với ạ. Và đừng mở mồm ra là chê ng khác thế này thế nọ ok m nhìn m xem ra gì chưa r hãy phán xét,0,m tìm được chữ nào t_nịnh hay t_bênh nó hộ_t với ạ . Và đừng mở mồm ra là chê_ng khác thế_này thế nọ ok m nhìn m xem_ra gì chưa r hãy phán_xét
Quá sai,0,Quá sai
Ad ăn phân con j mà ngu thế......????,2,Ad ăn phân_con j mà ngu thế .. ? ?
Ko làm đòi có ăn chỉ có ăn cứt đb mấy thk l đó gặp t vài bộp cho khỏi ăn cơm,2,Ko làm đòi có ăn chỉ có ăn_cứt đb mấy thk l đó gặp t vài bộp cho khỏi ăn cơm
"Không chịu làm tình cho chủ nhà, nên bị chơi khăm, nếu làm tình cho chủ nhà thì thích gì cũng có. Sau phát này thì một là đi chỗ khác bán, hai là làm tình thật tốt rồi anh tìm xe về cho, không thấy thì anh mua cho con xế khác",0,"Không chịu làm_tình cho chủ nhà , nên bị chơi khăm , nếu làm_tình cho chủ nhà thì thích gì cũng có . Sau phát này thì một là đi chỗ khác bán , hai là làm tình thật tốt rồi anh tìm xe về cho , không thấy thì anh mua cho con xế khác"
Đm chúng mày,2,Đm chúng_mày
Hallen Nguyen nóng c ơi,0,Hallen Nguyen nóng c ơi
Cô thanh niên xp độ mixi🤩,0,Cô thanh_niên xp_độ mixi 🤩
"khổ là người vi phạm không được xử có xử cũng chỉ qua loa, người không vi phạm cũng bị quy phạm mà moi tiền mới nói",0,"khổ là người vi_phạm không được xử có xử cũng chỉ qua_loa , người không vi_phạm cũng bị quy_phạm mà moi tiền mới nói"
Thằng đầu bò,2,Thằng đầu bò
nó bt thằng ăn trộm mà nó ko bt nói thôi,1,nó bt thằng ăn_trộm mà nó ko bt nói thôi
Minh Toàn,0,Minh_Toàn
Má ăn mặc đeo giống ai,1,Má ăn_mặc đeo giống ai
"Chao minh hieu, hom nay thay minh hieu dep gai qua ha",0,"Chao minh_hieu , hom nay thay_minh hieu dep gai qua ha"
Nhây thì thua còn đăng :))),0,Nhây thì thua còn đăng_:))
bác dần chớm có tình yêu nước r đấy,0,bác dần chớm có tình_yêu nước r đấy
Vcl mấy thằng streamer cũng gọi là fan này nọ à. Đúng ra là viewer thôi. Hài vcl,1,Vcl mấy thằng streamer cũng gọi_là fan này nọ à . Đúng_ra là viewer thôi . Hài_vcl
Bắt dc bọn này cứ chặt tay khỏi phải xét sử làm j,1,Bắt dc bọn này cứ chặt tay khỏi phải xét_sử làm j
Về thổi kèn đám ma đi nhóc,1,Về thổi kèn đám_ma đi nhóc
Hơn 16k like chưa nghỉ strem à =)),0,Hơn 16 k like chưa nghỉ strem à =))
"quay được phim rồi thì lấy xe bắt chó ra bắt đi , chờ gì nữa",0,"quay được phim rồi thì lấy xe bắt chó ra bắt đi , chờ gì nữa"
"thật là thằng Jack đấy bỏ con. Sao mãi mấy đứa fan "" đóm "" vẫn hâm mộ thk này nhể. Hỏi thk đó ng-u nhưng chúng mày là thứ ng_u xuẩn nhất. Vụ VirusS nói cũng chẳng sai. Chúng m_ày cứ làm quá vấn đề, b_ú mà chẳng cần lí do. Còn não không v trời.… Xem thêm",2,"thật là thằng Jack đấy bỏ con . Sao mãi mấy đứa fan "" đóm "" vẫn hâm_mộ thk này nhể . Hỏi thk đó ng-u nhưng chúng_mày là thứ ng_u xuẩn nhất . Vụ VirusS nói cũng chẳng sai . Chúng m_ày cứ làm quá vấn_đề , b_ú mà chẳng cần_lí_do . Còn não không v_trời . … Xem thêm"
khổ cái tôi cao thích thể hiện cơ :(((,0,khổ cái tôi cao_thích thể_hiện cơ : ( (
Bò đỏ nó yêu thương bố tàu còn không hết mà ghét gì chớ,2,Bò đỏ nó yêu_thương bố tàu còn không hết mà ghét gì chớ
mả cha mấy thằng ăn bánh mì,2,mả cha mấy thằng ăn bánh_mì
giải quyết bằng 5 triệu mới hợp lí nhé,0,giải_quyết bằng 5 triệu mới hợp_lí nhé
Đem lại tiếng cười... ???? Toàn post bài hãm lồn mới đáng cười :))))))))),1,Đem lại tiếng cười .. ? ?_Toàn post bài hãm lồn mới đáng cười :))
fuck you mother con mẹ mày,2,fuck you mother con mẹ mày
"thôi thôi ông im mẹ nó mồm đi, đm chúng mày có thay mẹ hết đồ của người ta",2,"thôi thôi ông im mẹ nó mồm đi , đm chúng_mày có thay mẹ hết đồ của người ta"
Nếu tính như các nc tiên tiến thì lấy đâu ra tiền để con dịnh cư ở mỹ,0,Nếu tính như các nc tiên_tiến thì lấy đâu ra tiền để con dịnh_cư ở mỹ
Vợ Jack5tr Bến Tre,0,Vợ Jack5tr Bến_Tre
đến chỗ hợp lý chưa. Ngta live nch phiến. Mấy con đóm stupid vào sủa thì chẳng nói,2,đến chỗ hợp_lý chưa . Ngta live nch phiến . Mấy con đóm stupid vào sủa thì chẳng nói
Ko lẽ chưa đủ tuổi thì có thể làm ra những hành động vô nhân tính nhừ z sao?? có người cha không dạy con cái đúng cách thì mong PL phải xử lý cho đúng và công bằng. Thật bức xúc vì đó là một mạng người,0,Ko_lẽ chưa đủ tuổi thì có_thể làm ra những hành_động vô_nhân_tính nhừ z sao ? ? có người cha không dạy con_cái đúng cách thì mong PL phải xử_lý cho đúng và công_bằng . Thật bức_xúc vì đó là một mạng người
"TÔI THẤY PHÁP LUẬT VIỆT NAM CHÚNG TA CHƯA ĐỦ MẠNH VÀ NGHIÊM MINH . NẾU BẮT ĐƯỢC NHỮNG KẺ ĂN CẮP XE HOẶC TRỘM CHO ,NÊN CHẶT HAI TAY CỦA CHÚNG ĐI .CÒN AI THAM Ô TRÊN 1 TỶ NÊN XỬ ÁN TỬ .NẾU NHÀ LÀM ĐƯỢC NHƯ VẬY DÂN MỚI YÊN VUI .",2,"TÔI THẤY PHÁP_LUẬT VIỆT_NAM CHÚNG_TA CHƯA ĐỦ MẠNH_VÀ NGHIÊM_MINH . NẾU BẮT_ĐƯỢC NHỮNG KẺ ĂN_CẮP XE HOẶC TRỘM CHO , NÊN CHẶT HAI_TAY CỦA CHÚNG_ĐI . CÒN AI THAM_Ô TRÊN 1 TỶ_NÊN XỬ ÁN_TỬ . NẾU NHÀ LÀM_ĐƯỢC NHƯ_VẬY DÂN_MỚI YÊN_VUI ."
"cơ bản là cái trận đó thằng TF đánh cũng ngu feed 1/15 hay 1/17 gì đó mà nó còn chửi lại team nữa. Ông Mực tính cũng trẩu, thấy thế xong game kết bạn với thằng TF xong mời vào tổ đội để chửi bằng mồm cho đã. Và thế là có cái drama vừa xong =)))",1,"cơ_bản là cái trận đó thằng TF đánh cũng ngu feed 1/15 hay 1/17 gì đó mà nó còn chửi lại team nữa . Ông Mực_tính cũng trẩu , thấy thế xong game kết_bạn với thằng TF xong mời vào tổ đội để chửi bằng mồm cho đã . Và thế_là có cái drama vừa xong =))"
Mối thơm,0,Mối thơm
Dell hiểu kiểu j,1,Dell hiểu kiểu j
Trông mặt mũi vậy mà lòng dạ ác độc quá!,1,Trông mặt_mũi vậy_mà lòng_dạ ác_độc quá !
Đã lâu rồi không nói gì nên hôm nay mình đăng bài này nói về vụ Jack - J97 và Đặng Tiến Hoàng - Viruss) Bạn nói . Trình Trần Phương Tuấn. Không biết 1 nốt nhạc? Vậy tại sao Jack ra bạn MV nào cũng ghi PRODUCER dị? J không biết nốt nhạc… Xem thêm,0,Đã lâu rồi không nói gì nên hôm_nay mình đăng bài này nói về vụ Jack - J97 và Đặng_Tiến_Hoàng - Viruss ) Bạn nói . Trình Trần_Phương_Tuấn . Không biết 1 nốt nhạc ?_Vậy tại_sao Jack ra bạn MV nào cũng ghi PRODUCER_dị ?_J không biết nốt_nhạc … Xem thêm
khóc đến mức đít gắng bóng đèn ô tô lun,1,khóc đến mức đít gắng bóng_đèn ô_tô lun
"Ông thích chào không trọng tài , ơ chào chào cái dm",1,"Ông thích chào không trọng_tài , ơ_chào chào cái dm"
Nguyễn Đức bố ông,0,Nguyễn_Đức_bố ông
Tập Cặn Bã:,2,Tập Cặn_Bã :
Chậm cái l nhanh chậm kệ mẹ ngta đi cmt lắm ăn l àaaaaaaa 🤞🏿,2,Chậm cái l nhanh chậm kệ mẹ ngta đi cmt lắm ăn l àaa 🤞 🏿
=]]z bait rõ công nhận 2 khứa này zui thiệt =]]z,0,= ] ]_z bait rõ công_nhận 2 khứa này zui thiệt_= ]_] z
đọc page này rất thư giãn :))),0,đọc page này rất thư_giãn :))
Bạn chả có tí máu lồn nào gọi là văn hóa cả 😂😂,1,Bạn chả có tí máu lồn nào gọi là văn_hóa cả 😂 😂
sao ??? cứng họng nên hahaa à con ngu này,0,sao ? ? cứng_họng nên hahaa à con ngu này
Đặng Công Vinh loại mày có cặc tiền mà mua loại xin,2,Đặng_Công_Vinh loại mày có cặc tiền mà mua loại xin
"Khanh Truong có tuổi r. Cháu tưởng suy nghĩ cô đã trưởng thành. Chứ đi idol rách thì hiểu cô "" đáng tuổi mẹ"" ntn rồi",1,"Khanh Truong có tuổi r . Cháu tưởng suy_nghĩ cô đã trưởng_thành . Chứ đi idol_rách thì hiểu cô "" đáng tuổi mẹ "" ntn rồi"
Ditme đéo hiểu sao,1,Ditme đéo hiểu sao
2 game thua cay é é é cay lỏk kkkk,1,2 game thua cay_é é é cay lỏk kk
Kêu tồ kéo cho bú win.,0,Kêu tồ kéo cho bú win .
"chơi một mình, đổ lỗi cho trọng tài",0,"chơi một_mình , đổ lỗi cho trọng_tài"
Ae thất lạc của abe ak,0,Ae thất_lạc của abe ak
Ảnh bên trái là khi a độ đi phẫu thuật thẩm mĩ,0,Ảnh bên trái là khi a_độ đi phẫu_thuật thẩm_mĩ
jack ít khi lên tiếng nhưng lần này lên tiếng vì Jaxk muốn chứng tỏ mình ko bị câm,0,jack ít khi lên_tiếng nhưng lần này lên_tiếng vì Jaxk muốn chứng_tỏ mình ko bị câm
Ban loi 1 nam moi mua duoc 1chiec xe d ma xa hoi thui nat toi cho nguoi dan luong thien,1,Ban loi 1 nam moi mua duoc 1 chiec xe d_ma xa_hoi thui nat toi cho nguoi dan luong thien
Cứ lấc cấc gặp ngoài bố đánh vào mặt đấy con chó ạ,2,Cứ lấc cấc gặp ngoài bố đánh vào mặt đấy con chó ạ
Kon mẹ nhà nước lũ hút máu dân,2,Kon_mẹ nhà_nước lũ hút máu dân
Nè ông già nếu còn liêm sỉ hảy từ Chức đi,1,Nè ông_già nếu còn liêm_sỉ hảy từ_Chức đi
"Phong cách ""chịch dở"" 🙈🙈🙈",1,"Phong_cách "" chịch dở "" 🙈 🙈"
Mồ tổ cha mày chứ ko tưởng nhớ. Mày ko biết xem tin tức ak,2,Mồ_tổ cha_mày chứ ko tưởng_nhớ . Mày ko biết xem tin_tức ak
Là thực tập sinh dạy cấp 1 nhỉ,0,Là thực_tập sinh dạy cấp 1 nhỉ
Lm xong r h xin lỗy là xonghả,0,Lm xong r h xin lỗy là xonghả
Mõm chúa =)))),1,Mõm_chúa =))
quá uy tín còn gì,0,quá uy_tín còn gì
Mồm loz adm ns ngu bm.,2,Mồm loz adm ns ngu bm .
"Đụ má tao ghét cây ghét đắng mấy thằng dư luận viên vcc , tụi bây ăn cái lồn què gì mà đi bợ đít vcc vậy , bợ đít tụi nó vậy ông bà già tụi bây chắc tự hào lắm",2,"Đụ má tao ghét cây ghét đắng mấy thằng dư_luận_viên vcc , tụi bây_ăn cái lồn_què gì mà đi_bợ đít vcc vậy , bợ đít tụi nó vậy ông_bà già tụi bây_chắc tự_hào lắm"
Phục cái lồn mẹ chúng mày ý,2,Phục cái lồn mẹ chúng_mày ý
Địt mẹ thg Fake,2,Địt mẹ thg Fake
Lỗi con cặc,1,Lỗi con cặc
Chụp ảnh cưới ở Mộc Châu siêu xịnnnn,0,Chụp ảnh cưới ở Mộc_Châu siêu_xịnn
Bả lên ti-qui đẹp dễ sợ!!! Duyên dáng hà 👍👍👍👍👍,0,Bả lên ti-qui đẹp dễ sợ ! !_Duyên_dáng hà_👍 👍
Pé Nguyễn : mày bị não phẳng à. Tao chửi bọn nhai đi nhai lại. Chứ fan cứng đi chửi boss bao giờ ? Hay thì share. Thuyết phục con cặc nè,2,Pé Nguyễn : mày bị não phẳng à . Tao chửi bọn nhai đi nhai_lại . Chứ_fan cứng đi chửi boss bao_giờ ? Hay thì share . Thuyết_phục con cặc nè
Nửa tháng rồi cu em ơi im như thóc thế :))),0,Nửa tháng rồi cu em ơi_im như thóc_thế :))
Má nó ác... ăn mấy đồng bạc đó phúc đức dữ lắm,1,Má nó ác .. ăn mấy đồng_bạc đó phúc_đức dữ lắm
rác 5 củ và fan rác là một bãi cức chó,2,rác 5 củ và fan rác là một bãi cức chó
Mẹ mày hưởi quần xì của con ômô  ý lộn ômôi chứ kkk😁😁😁😁😁😁 cười ỉa,2,Mẹ mày hưởi quần_xì của con ômô ý_lộn ômôi chứ kk 😁_😁 cười ỉa
Giày fake giày real cũng là giày đều mang vào chân đều đạp đất hên xui đạp cứt có gì đâu mà cứ phải phân biệt này nọ đã vậy k biết có tiền mua nổi đôi dép k ở đó mà tỏ ra thượng đẳng phân biệt fake & real,1,Giày fake giày_real cũng là giày đều mang vào chân đều đạp đất hên xui đạp cứt có gì đâu mà cứ phải phân_biệt này nọ đã vậy k biết có tiền mua nổi đôi dép k ở đó mà tỏ ra thượng_đẳng phân_biệt fake & real
"Thổi nồng độ cồn, thu xe là"" để bảo vệ tài sản của dân và giống nòi""mà",0,"Thổi nồng_độ cồn , thu xe là "" để bảo_vệ tài_sản của dân và giống_nòi "" mà"
"Ad óc cứt vkl. Ngu còn tỏ ra nguy hiểm, ra gặm xương đi ad.",2,"Ad_óc cứt vkl . Ngu còn tỏ ra nguy_hiểm , ra gặm xương đi ad ."
Xin video vs bạn ^^,0,Xin video vs bạn ^ ^
Bọn thất Đức này,2,Bọn thất_Đức này
"Ôi dòi ad não phẳng muốn phản động nhưng k ai bênh mà, chỉ dùng vài bức ảnh, sử dụng PTS chèn chữ vào thôi, thật là lạc hậu quá, ad là tg nhà quê.",2,"Ôi dòi ad não_phẳng muốn phản_động nhưng k ai bênh mà , chỉ dùng vài bức ảnh , sử_dụng PTS chèn chữ vào thôi , thật là lạc_hậu quá , ad là tg nhà_quê ."
why cái lồn 2 thẻ đỏ 1 quả pen M còn why cái suy lồn à Địt con chó chết này,2,why cái lồn 2 thẻ_đỏ 1 quả pen M còn why cái suy_lồn à Địt con chó chết này
sì tai củ l gì thế này??,1,sì tai củ_l gì thế_này ? ?
Ri thì như thor luôn,0,Ri thì như thor luôn
Khổ thân,0,Khổ thân
Cực kì Mộ Dung Phục,0,Cực_kì Mộ_Dung Phục
Fan cứng điểm danh,0,Fan cứng_điểm danh
Thanh niên mạnh khỏe ko đi làm. Ăn cướp ăn trộm thế này.,1,Thanh_niên mạnh_khỏe ko đi làm . Ăn cướp ăn_trộm thế_này .
Suc vât..ghet nhât cai thu hai ng.,2,Suc vât .. ghet nhât cai_thu hai ng .
xưa nay voz vẫn chất với những cua rơ như thế rồi bạn ui :3,0,xưa_nay voz vẫn chất với những cua_rơ như_thế rồi bạn ui : 3
Anh tai hay danh hài?,0,Anh tai hay danh_hài ?
I love you các cậu 😂😂,0,I love you các cậu 😂 😂
Chịu cái đit con mẹ mày ah? Cút mẹ mày về nước giùm đi Trâu sề…,2,Chịu cái đit con mẹ mày ah ?_Cút mẹ mày về nước giùm đi Trâu_sề …
"Nguyễn Thu Ngọc cá ai còn hâm mộ cuồng jack thì nhận thức cũng chỉ ngang mấy bé khăn quàng đỏ suy nghĩ nông nổi thôi, giờ u60 mà hâm mộ jack t cũng khinh",0,"Nguyễn_Thu_Ngọc cá ai còn hâm_mộ cuồng_jack thì nhận_thức cũng chỉ ngang mấy bé khăn_quàng đỏ suy_nghĩ nông_nổi thôi , giờ u60 mà hâm_mộ jack_t cũng khinh"
"Khốn nạn, chúng dàn cảnh 2 đứa hỏi đường, để đứa kia có thời cơ trộm xe vì cô gái mất cảnh giác,",1,"Khốn_nạn , chúng dàn cảnh 2 đứa hỏi đường , để đứa kia có thời_cơ trộm xe vì cô gái mất cảnh_giác ,"
một màu nam kì chúng m,2,một màu nam_kì chúng m
Thanh niên phân biệt vùng miền bàn phím vãi lồng. Giỏi thì ra hà nội kêu bắc kỳ giữa đường hoặc sài gòn kêu nam kỳ xem. Coi thử có đi răng hàm mặt chỉnh hình không. Đkm lũ phân biệt vùng miền. Đkm lũ phản động.,2,Thanh_niên phân_biệt vùng_miền bàn phím vãi_lồng . Giỏi thì ra hà_nội kêu bắc_kỳ giữa đường hoặc sài_gòn kêu nam_kỳ xem . Coi thử có đi răng hàm_mặt chỉnh_hình không . Đkm lũ phân_biệt vùng miền . Đkm lũ phản_động .
So cái lon,1,So cái lon
Lương 7-8tr chẳng đủ ăn cơm đâu con ạ. Ăn tôm hùm sâu răng đây,0,Lương 7-8_tr chẳng đủ ăn cơm đâu con ạ . Ăn tôm_hùm sâu răng đây
"lũ Miền bắc máu lạnh, thế cũng làm được",2,"lũ Miền bắc máu lạnh , thế cũng làm được"
câm mẹ mồm đi,1,câm mẹ mồm đi
nhắn thêm chữ địt chị mày nữa chất vlon a êiiiii,2,nhắn thêm chữ địt chị mày nữa chất vlon a êii
Tui muốn đi đúng làn lắm,0,Tui muốn đi đúng làn lắm
"Nguyễn Tuấn Hiệp , nhưng thực sự nhạc nhẽo đéo nghe nổi hết 1phút =))))",1,"Nguyễn_Tuấn_Hiệp , nhưng thực_sự nhạc_nhẽo đéo nghe nổi hết 1 phút =))"
Có phải nó mẹ đâu,1,Có phải nó mẹ đâu
Bã mướng con bóng già nào chửi chị á Minh Hiếu,2,Bã mướng con bóng già nào chửi chị á_Minh Hiếu
Nguyen Cuong quá đã,0,Nguyen Cuong quá đã
Nguyễn Thị Thịnh xem ở đây chuẩn nè bạn,0,Nguyễn_Thị_Thịnh xem ở đây chuẩn nè bạn
"Đụ má, em ức chế quá.",1,"Đụ_má , em ức_chế quá ."
Page của mày h xàm loz quá....riết toàn ngta zô chửi cha mắng mẹ mày ko vậy ad,2,Page của mày h xàm loz quá .. riết toàn ngta_zô chửi cha mắng mẹ mày ko vậy ad
Clm :))),1,Clm :))
Dung lam tt nua,0,Dung_lam tt_nua
Con chó đang cay lắm phải k Thg cha con mẹ đang hấp hối thoi thoi của mày đâu r xúc vật ơi. Đéo lo chôn cha mẹ m đi mà đi cắn bậy cho thg tiểu nhân Viruss nhiều thế con chó,2,Con chó đang cay lắm phải k Thg cha_con mẹ đang hấp_hối_thoi thoi của mày đâu r_xúc vật ơi . Đéo lo chôn cha_mẹ m đi mà đi cắn bậy cho thg tiểu_nhân Viruss nhiều thế con chó
Bắc được bắn tiệt nó đi,1,Bắc được bắn tiệt nó đi
má ảnh boost rank bạch kim mà ảnh tưởng ảnh hay hay gì ấy,0,má ảnh boost rank bạch_kim mà ảnh tưởng_ảnh hay hay gì ấy
phát ngôn như cái L,1,phát_ngôn như cái L
"Lena Stella kiếp trc sống lỗi, kiếp này ..",0,"Lena Stella_kiếp trc sống lỗi , kiếp này .."
Xem mà cười đau bụng😆,0,Xem mà cười đau bụng 😆
"Dầu gì đi nữa t cũng là cháu của bá hộ ngọc lan, cháu bà ngũ thị đời mà chở vàng qua mỹ bỏ lại 2 cái villa ở sài gòn, cháu bà ba hoa Viện Kiểm sát tòa án nhân dân huyện hóc môn, mà cháu của cậu Tỉnh làm công an huyện hóc môn,mà e của Mỹ Lộc có nhà đất mặt tiền!' Nghe mắc ỉa ghê á! Huỵch nợ cô Minh Hiếu mà cái miệng quang quang, t cho cái chày đâm tiêu vô đầu m à!",1,"Dầu gì đi_nữa t cũng là cháu của bá_hộ ngọc_lan , cháu bà ngũ thị_đời mà chở vàng qua mỹ_bỏ lại 2 cái villa ở sài_gòn , cháu bà_ba hoa Viện_Kiểm_sát tòa_án nhân_dân huyện hóc_môn , mà cháu của cậu Tỉnh làm công_an huyện hóc_môn , mà e của Mỹ_Lộc có nhà_đất mặt_tiền ! ' Nghe mắc ỉa ghê_á ! Huỵch nợ cô Minh_Hiếu mà cái miệng quang_quang , t cho cái chày đâm_tiêu vô đầu m à !"
"Hiệp Đinh cái thứ tay nhanh hơn não mà cũng có tư cách nói à,, chưa biết ai hạ cấp đâu, m nghĩ ai cũng như mày á, biết bệnh mà vẫn á",2,"Hiệp Đinh_cái thứ tay nhanh hơn não mà cũng có tư_cách nói à , , chưa biết ai hạ cấp đâu , m nghĩ ai cũng như mày á , biết bệnh mà vẫn á"
"Nhung ơi là Nhung, sao mày báo đời dữ vậy Nhung...):",1,"Nhung ơi_là Nhung , sao mày báo đời dữ vậy Nhung .. ) :"
À thế bạn ý hát bài j jui có ai giới thiệu cho mình đc ko. Lâu jui mình chẳng nghe bài hát mới nào cả,0,À thế bạn ý hát bài j jui có ai giới_thiệu cho mình đc ko . Lâu jui mình chẳng nghe bài hát mới nào cả
Chúng ta đang sống trong môi trường cướp giật trộm cắp khắp nơi.,1,Chúng_ta đang sống trong môi_trường cướp_giật trộm_cắp khắp_nơi .
Xăng đg đc nhà nước trợ giá rẻ thế còn j nữa,0,Xăng đg_đc nhà_nước trợ_giá rẻ_thế còn j nữa
Minh Ân Chu Đmm,2,Minh_Ân Chu_Đmm
Bắt đc đánh cho lại bảo thương,0,Bắt đc đánh cho lại bảo_thương
My fucking mom,2,My fucking mom
"Xã hội ngày càng phát triển thì đạo đức con người lại ngày càng suy đồi. Thật sự bây giờ không ít các thành phần nghĩ mình là cha là mẹ thiên hạ, sống mà hống hách không coi ai ra gì, giết người rồi nói nhẹ như là giết 1 con kiến vậy. Thôi mong pháp lu… Xem thêm",1,"Xã_hội ngày_càng phát_triển thì đạo_đức con_người lại ngày_càng suy_đồi . Thật_sự bây_giờ không ít các thành_phần nghĩ mình là cha là mẹ thiên_hạ , sống mà hống_hách không coi ai ra gì , giết người rồi nói nhẹ như là giết 1 con kiến_vậy . Thôi mong_pháp lu … Xem thêm"
Cái tội mẹ trai,1,Cái tội mẹ trai
Mày là 1 con bọ gậy trong trong xô nước tù mãi không chui ra được đúng là trâu với dê,1,Mày là 1 con bọ_gậy trong trong xô nước tù mãi không chui ra được đúng là trâu với dê
Quyền bảo thua 20m vẫn vui vẻ bình thường mực solo thua có 100k lải nhải suốt thôi,1,Quyền bảo_thua 20 m vẫn vui_vẻ bình_thường mực solo_thua có 100 k lải nhải suốt thôi
Ác thế không biết,1,Ác_thế không biết
Chiêu này vẫn còn hữu dụng,0,Chiêu này vẫn còn hữu_dụng
xe chở súc vật mong người dân hãy tránh xa (đề phòng súc vật phóng uế lung tung làm mất vệ sinh).,2,xe chở súc_vật mong người_dân hãy tránh xa ( đề_phòng súc_vật phóng_uế lung_tung làm mất vệ_sinh ) .
Con gái của thầy đó,0,Con gái của thầy đó
Nguyễn Kiều Nam trẩu nó vậy á bạn.,1,Nguyễn_Kiều_Nam trẩu nó vậy á_bạn .
"Nói nghe nè ah trọng gì đó ơi bổ ah bị lé hay là bị đuôi vậy ah ah kg thấy cầu thủ thái quất cái củ vào mặt cầu thủ việt nam chúng tôi sau ,nói nghe nè việt nam chúng tôi chơi rất công bằng và văn minh nhưng ai chơi dơ chơi chó sẽ nhận đc cái mà pải đag nhận nhé lúc thái quất cái củ trỏ vào mặt việt nam sau kg sự thế tới việt nam đá vô mặt lại sự thế mày bị đuôi đi làm trọng tài làm gì vậy ,chơi đẹp mai chơi tiếp nhé còn chơi dơ chơi cho giống mấy ah ák việt nam chúng tôi kg cần ok ,chơi chó",1,"Nói nghe nè ah_trọng gì đó ơi bổ_ah bị lé hay_là bị đuôi vậy ah ah kg thấy cầu_thủ thái_quất cái củ vào mặt cầu_thủ việt_nam chúng_tôi sau , nói nghe nè việt_nam chúng_tôi chơi rất công_bằng và văn_minh nhưng ai chơi dơ chơi chó sẽ nhận đc cái mà pải đag nhận nhé lúc thái_quất cái củ trỏ vào mặt việt_nam sau kg sự thế tới việt_nam đá vô_mặt lại sự thế_mày bị đuôi đi làm trọng_tài làm gì vậy , chơi đẹp mai chơi tiếp nhé còn chơi dơ_chơi cho giống mấy ah ák việt_nam chúng_tôi kg cần ok , chơi chó"
Phạt nặng là thế nào . Bắn bỏ mẹ nó đi . Xem chừng nó có âm mưu đó !,1,Phạt nặng là thế_nào . Bắn bỏ mẹ nó đi . Xem chừng nó có âm_mưu đó !
Lê Hải Long bởi vì chó là vật nuôi và lợn gà bò dê dc nuôi để ăn ok ? Ngu còn tỏ ra nguy hiểm :))),1,Lê_Hải_Long bởi_vì chó là vật_nuôi và lợn gà bò dê dc nuôi để ăn_ok ?_Ngu còn tỏ ra nguy_hiểm :))
"Ở cái nơi sinh sôi nảy nở ra lũ cướp giật nhiều như mản thế thì nên cảnh giác đề phòng với những loại như..ngồi khư khư ở xe ,hỏi mua,hỏi đường,hỏi lăng nhăng, với lũ như này",1,"Ở cái nơi sinh_sôi nảy_nở ra lũ cướp_giật nhiều như mản thế thì nên cảnh_giác đề_phòng với những loại như .. ngồi khư_khư ở xe , hỏi mua , hỏi đường , hỏi lăng_nhăng , với lũ như này"
em ủng hộ bác. Mấy ông lên cào phím kêu ng ta mãi lộ thì 10 ông có 9 ông sai lè lè ra. Đưa tiền ng ta k nhận thì gào lên là làm khó k tạo đk mà ng ta nhận để tạo đk cho vẫn có xe đi lại thì kêu ng ta nhận hối lộ,0,em ủng_hộ bác . Mấy ông lên cào phím kêu ng ta mãi_lộ thì 10 ông có 9 ông sai lè lè ra . Đưa tiền ng ta k nhận thì gào lên là làm_khó k tạo đk mà ng ta nhận để tạo đk cho vẫn có xe đi_lại thì kêu ng ta nhận hối_lộ
Cln lồn này xàm lồn,2,Cln lồn này xàm lồn
Lũ này cần bắn bỏ,2,Lũ này cần bắn bỏ
Cố gắng lên ông còn hai trận gặp indo kìa,0,Cố_gắng lên ông còn hai trận gặp indo kìa
Xin vĩnh biệt cụ,0,Xin vĩnh_biệt cụ
Anh đó chửi con đỷ này nghe đã tai,2,Anh đó chửi con đỷ này nghe đã tai
Địt mẹ thiên đường ad nhỉ,2,Địt mẹ thiên_đường ad nhỉ
So cmm cút đi nghe,1,So cmm cút đi nghe
còn nhân dân sẽ nhớ muôn đời Lũ súc sinh con Nghiệt súc như mày,2,còn nhân_dân sẽ nhớ muôn_đời Lũ súc sinh con Nghiệt_súc như mày
Xin cái thẻ đỏ ạ,0,Xin cái thẻ_đỏ ạ
Nguyễn Trọng Hiệp có cần cho mượn con bmw 760li ko :)),0,Nguyễn_Trọng_Hiệp có cần cho mượn con bmw 760 li_ko :))
"Xe tắng thiết giáp đáp lồn má mấy thằng ở trên,cmt ngu vl",2,"Xe tắng_thiết_giáp đáp_lồn má mấy thằng ở trên , cmt ngu vl"
Công an nên truy quét mấy loại này . Chứ cứ ra chặn đầu xe dân lành kiếm ăn làm ji . Riết tôi thấy csgt còn đông hơn người điều khiển xe máy,0,Công_an nên truy_quét mấy loại này . Chứ cứ ra chặn đầu xe dân_lành kiếm_ăn làm ji . Riết tôi thấy csgt còn đông hơn người điều_khiển xe_máy
nếu đúng đạo nhạc thật mà bị kiện thì có thể bồi thường và đi tù đấy,0,nếu đúng đạo_nhạc thật mà bị kiện thì có_thể bồi_thường và đi tù đấy
Con đỉ minh hiếu là con đỉ khùng dơ con súc vật sánh cũng không bằng  nó nghe   con rác rửi  con khùng bẩm sinh con quái vật,2,Con đỉ_minh_hiếu là con đỉ khùng dơ con súc_vật sánh cũng không bằng nó nghe con rác rửi con khùng bẩm_sinh con quái_vật
Đập chết cmn luôn,2,Đập chết cmn luôn
tội mê trai,1,tội mê trai
Tài Lê Tấc nhiêng là mưu sự do nhân mà thành sự do thiên,0,Tài Lê_Tấc_nhiêng là mưu_sự do nhân mà thành sự do thiên
ad càng ngày thấy càng ngu thì fải,1,ad càng ngày thấy càng ngu thì fải
Vụ gì thì kệ mẹ đi cứ lôi ra mà bới móc ???,1,Vụ gì thì kệ mẹ đi cứ lôi ra mà bới_móc ? ?
Có nha. Sao có thể ko. Vì nó sống rất có đạo Đức,0,Có nha . Sao có_thể ko . Vì nó sống rất có đạo_Đức
Cái lồn con mẹ m m ngu như một con chó ý chu si ê cc ạ m đéo bằng người thầy đáng kính của Park Hang Seo của Việt Nam dm cái loại mặt lồn như m thì làm đc cái dbcc gì cái loại m mà gặp tao là cút luôn chứ đừng quay lại,2,Cái lồn con mẹ m m ngu như một con chó ý chu_si ê cc ạ m đéo bằng người thầy đáng kính của Park Hang_Seo của Việt_Nam dm cái loại mặt lồn như m thì làm đc cái dbcc gì cái loại m mà gặp tao là cút luôn chứ đừng quay lại
Ngon thì kiếm người giàu mà cướp,1,Ngon thì kiếm người giàu mà cướp
Zinloi cái cc,1,Zinloi cái cc
Cực kì thuyết phục ! :)),0,Cực_kì thuyết_phục ! :))
Có màu rằn ri Ko b,0,Có màu rằn ri_Ko b
thằng idol m còn viết tus giọng cay cú chứ còn chả nói chuyện tử tế được như ngta =]] còn đúng sai tnao làm căng lên sẽ rõ,1,thằng idol m còn viết tus giọng cay_cú chứ còn chả nói_chuyện tử_tế được như ngta = ]_] còn đúng sai_tnao làm căng lên sẽ rõ
Trang lồn trâu này chả khác đéo gì việt tân. Fan thì địt có ai. Toàn gây thù chuốc oán cho nhau. Còn những thằng cmt ở trên vs những cái suy nghĩ lệch lạc cũng chẳng khác lồn gì lũ bán nước.,2,Trang lồn trâu này chả khác đéo gì việt_tân . Fan thì địt có ai . Toàn gây thù chuốc_oán cho nhau . Còn những thằng cmt ở trên vs những cái suy_nghĩ lệch_lạc cũng chẳng khác_lồn gì lũ bán nước .
Quá lộng hành,0,Quá lộng_hành
Nó cho mầy nhiều tiền nói luôn đi! Lm trọng tài kiểu thế hả,0,Nó cho mầy nhiều tiền nói luôn đi ! Lm_trọng_tài kiểu thế hả
Cùng môt nhóm !,0,Cùng môt nhóm !
thôi nào đừng dí em nó đg ngủ coi chừng đt rung quá bật lên thấy lại khóc kinh lắm,0,thôi nào đừng dí em nó đg ngủ coi_chừng đt rung quá bật lên thấy lại khóc kinh lắm
Nhiều chiện quá cũng đáng,0,Nhiều chiện quá cũng đáng
Cái mieng con linh loc  ik nhu cái lon trau,1,Cái mieng con linh_loc ik nhu_cái lon trau
"thằng ngu sơn này nó cầm con hecarim đi rừng ngu 2/17 đúng k anh ? Đúng thằng óc vật có khác, bảo sao mãi lóp ngóp ở bk4, ngu thế lại còn duo lb2 nữa, ngu vậy có kata thách đấu nó gánh cho còn thua chứ thằng lb2 rách thì làm đc gì, thằng sơn đâu vào đây anh bảo",2,"thằng ngu sơn này nó cầm con hecarim đi rừng ngu 2/17 đúng k anh ? Đúng thằng óc_vật có khác , bảo_sao mãi lóp_ngóp ở bk4 , ngu_thế lại còn duo lb2 nữa , ngu vậy có kata thách_đấu nó gánh cho còn thua chứ thằng lb2 rách thì làm đc gì , thằng sơn đâu vào đây anh bảo"
ủa t đang nói cái m ví dụ kìa :)) nhảy đi đâu v,0,ủa t đang nói cái m ví_dụ kìa :))_nhảy đi đâu v
Đánh trụ me đi đã k bao h check map còn ngựa ngựa trêu nó này thì ggez,1,Đánh trụ me đi đã k bao h check map còn ngựa ngựa trêu nó này thì ggez
Lấy của người giàu thì còn chấp nhận dc chứ người ta ngeo mà cũng k tha tụi này sớm muộn gì cũng nằm đườg hoặc vô tu,0,Lấy của người giàu thì còn chấp_nhận dc chứ người ta ngeo mà cũng k tha_tụi này sớm muộn gì cũng nằm đườg hoặc vô_tu
thôi tất cả chỉ là diễn,0,thôi tất_cả chỉ là diễn
làm hỏng trận đấu xong xin lỗi,0,làm hỏng trận đấu xong xin_lỗi
Luc óc chó này ăn lắm cứt quá,2,Luc_óc chó này ăn lắm cứt quá
Sorry fuckk,1,Sorry fuckk
Liên đoàn bóng đá việt nam nên suy nghĩ lại. Sa thải ngay ông này troussie out,0,Liên_đoàn bóng_đá việt_nam nên suy_nghĩ_lại . Sa_thải ngay ông này troussie out
Tuần sau 16 team là hơi căng đó nha :( phải hard hơn nữa,0,Tuần sau 16 team là hơi căng đó nha : ( phải hard hơn_nữa
"lối đá rời rạc vô hồn, hlv quá kém, tôi nghĩ ngài nên biến đi thì hơn",1,"lối đá rời_rạc vô_hồn , hlv quá kém , tôi nghĩ ngài nên biến đi thì hơn"
"Đéo muốn chửi đâu cơ mà mặt thằng này nhìn vô là đã đéo có cảm tình, mặt quắc tai dơi mỏ nhọn, nhân tướng học xét qua một lượt thì trông điểm nào cũng hèn mạt. Đã thế thì phải cố đức năng thắng số, đằng này lại ngu lâu dốt bền, đần độn tự ái, vác dái l… Xem thêm",2,"Đéo muốn chửi đâu_cơ mà mặt thằng này nhìn vô là đã đéo có cảm_tình , mặt quắc_tai dơi mỏ nhọn , nhân_tướng học xét qua một lượt thì trông điểm nào cũng hèn_mạt . Đã thế thì phải cố đức_năng thắng_số , đằng này lại ngu lâu dốt_bền , đần_độn tự_ái , vác dái_l … Xem thêm"
Dương Tiến Đạt đến con người vs con người bạn con phân biệt vùng miền. Ấy thế mà đi thương con chó.,2,Dương_Tiến_Đạt đến con_người vs con_người bạn con phân_biệt vùng_miền . Ấy thế_mà đi thương con chó .
Xe vẫn trong thời gian giam giữ và chưa hết hạn thì phải bồi thường theo quy định nhé! Còn xe quá hạn thì chủ xe chịu khó ngậm ngùi thôi,0,Xe vẫn trong thời_gian giam_giữ và chưa hết hạn thì phải bồi_thường theo quy_định nhé ! Còn xe quá hạn thì chủ xe chịu_khó ngậm_ngùi thôi
Chuyến này về thù đờn ông lém nè,0,Chuyến này về thù_đờn ông lém nè
Dạ,0,Dạ
Arap referre is dick,2,Arap referre is dick
nói ko bt ngượng,0,nói ko bt ngượng
"Cảm ơn nhà sư.những nơi # thì_,thà lang thang thế này còn hơn vào trung tâm BT cho các loại quỷ đội lốt người có cơ hội ấu dâm😭",2,"Cảm_ơn nhà_sư . những nơi #_thì_ , thà lang_thang thế_này còn hơn vào trung_tâm BT cho các loại quỷ đội lốt người có cơ_hội ấu_dâm 😭"
Bộ hết người hay sao vậy trời...,0,Bộ hết người hay sao vậy trời ..
Bắt được mấy thằng chó này băm làm chả giò,2,Bắt được mấy thằng chó này băm làm chả giò
Tác giả đang nói thằng niễng và thằng cố vấn của nó.,1,Tác_giả đang nói thằng niễng và thằng cố_vấn của nó .
"Hung Nguyen không, chỉ có cờ vàng cứt choá thôi 😌",1,"Hung Nguyen không , chỉ có cờ vàng cứt chóa thôi 😌"
"Nguyễn Gia Bảo . Hãy nhìn Nhật Bản, Hàn Quốc vừa rồi có kiểm soát bóng nổi không ? Bóng vừa chạm chân đã mất và Indonesia cũng phá sự kiểm soát của Việt Nam như vậy đó. Bóng đá của ông Park một chạm phối hợp ngắn sóng trào lên dần từng cơn không phải k… Xem thêm",0,"Nguyễn_Gia_Bảo . Hãy nhìn Nhật_Bản , Hàn_Quốc vừa_rồi có kiểm_soát bóng nổi không ?_Bóng vừa chạm chân đã mất và Indonesia cũng phá sự kiểm_soát của Việt_Nam như vậy đó . Bóng_đá của ông Park một chạm phối_hợp ngắn sóng_trào lên dần từng cơn không phải k … Xem thêm"
Má nó đau tim vl các ông ạ,1,Má nó đau tim vl các ông ạ
Thua thì cut khỏi vn đi thằng toi,2,Thua thì cut khỏi vn đi thằng toi
Ad à. Cái này ad bạy rồi. Đa phần đăng ký nó cho free mà bản thân e ko đóng tiền mạng 9 cái rồi đây,0,Ad à . Cái này ad bạy rồi . Đa_phần đăng_ký nó cho free mà bản_thân e_ko đóng tiền mạng 9 cái rồi đây
Giờ xin lỗi cũng đã muộn r Em phải đi sang việt nam để xử bắn,1,Giờ xin_lỗi cũng đã muộn r_Em phải đi sang việt_nam để xử bắn
@Nguyễn Quý:AFF có luật cầu thủ dc bắt chụp banh trong vòng cấm và thủ môn được bắt bên ngoài vạch. Bịp,0,@ Nguyễn_Quý : AFF có luật cầu_thủ dc bắt chụp banh trong vòng cấm và thủ_môn được bắt bên ngoài vạch . Bịp
"Ngu vl. Thua xong còn chửi blame đồng đội feed tận 17 mạng vẫn kêu gánh, oánh trái lane cũng éo ai ngu như này",1,"Ngu vl . Thua xong còn chửi blame đồng_đội feed tận 17 mạng vẫn kêu gánh , oánh trái lane cũng éo ai ngu như này"
zeros đánh pha này cũng được,0,zeros đánh_pha này cũng được
đánh thì ngu khóc thì lắm ? ĐỦ TRÌNH KO ??,1,đánh thì ngu khóc thì lắm ?_ĐỦ TRÌNH_KO ? ?
Qua chan Trom cap tran la n,1,Qua chan_Trom cap tran_la n
Phượng Nguyễn đừng có zị nghen.,0,Phượng Nguyễn_đừng có zị nghen .
Làm cho Sáng con mắt luôn J97 Entertainment,0,Làm cho Sáng con mắt luôn J97_Entertainment
Quá dả man một gđ côn đồ mong pl xử nghiêm hành vi bạo lực này để lấy lại công đạo cho em,2,Quá dả_man một gđ côn_đồ mong pl_xử nghiêm hành_vi bạo_lực này để lấy lại công_đạo cho em
vcl trông như cac. Quả fb thì trai alime lỏ đúng mấy th ranh cấp 3. Trông đã như cac còn fan mực dốt,2,vcl trông như cac . Quả fb thì trai alime lỏ đúng mấy th ranh cấp 3 . Trông đã như cac còn fan_mực dốt
Trọng tài quốc tế mà tầm nhìn thấp kém.,1,Trọng_tài quốc_tế mà tầm nhìn thấp_kém .
Lộc đến từ cao lãnh😂,0,Lộc đến từ cao lãnh_😂
đóm tật,1,đóm_tật
"xe vi phạm thì cũng là ts của người dân bạn ơi. Giữ xe chỉ là hình phạt thôi, chưa kể giữ có thu phí thì mọi hư hao, mất mát ... đều phải bồi thường theo luật dân sự. Có điều trong trường hợp này thì hầu như việc bồi thường rất ít, hầu như không có.",0,"xe vi_phạm thì cũng là ts của người_dân bạn ơi . Giữ xe chỉ là hình_phạt thôi , chưa kể giữ có thu phí thì mọi hư_hao , mất_mát .. đều phải bồi_thường theo luật dân_sự . Có_điều trong trường_hợp này thì hầu_như việc bồi_thường rất ít , hầu_như không có ."
"Trắng biến thành đen , có biến thành ko , ko biến thành có họ còn làm được chứ trắng biến thành xanh là chuyện nhỏ",1,"Trắng biến thành đen , có biến thành ko , ko biến thành có họ còn làm được chứ trắng biến thành xanh là chuyện nhỏ"
"ngu vậy , đọc và hiểu đi",1,"ngu vậy , đọc và hiểu đi"
"nghèo khổ có giúp  gì được  người  ta k mà đào mồ cuốc mả hộ vậy? ác nghiệp ,khẩu nghiệp mày",2,"nghèo_khổ có giúp gì được người ta k mà đào mồ_cuốc mả hộ vậy ? ác_nghiệp , khẩu_nghiệp mày"
Rên ác=)),0,Rên ác =))
"Ai đúng ai sai, kết cuộc sẽ rõ. Mọi người nhìn sự việc theo quan điểm riêng của mình, không hẳn là khách quan! Hãy đợi xem sao?",0,"Ai đúng ai sai , kết_cuộc sẽ rõ . Mọi người nhìn sự_việc theo quan_điểm riêng của mình , không hẳn là khách_quan ! Hãy đợi xem sao ?"
e hông hiệu e hông hiệu .,0,e hông_hiệu e hông_hiệu .
Chỉ sợ thứ óc chó ngu hết phần chó như này,2,Chỉ sợ thứ_óc chó ngu hết phần chó như này
nam kì rẻ rách,2,nam_kì rẻ rách
Lại Hợp Sâm clm đến v thì /ff,1,Lại Hợp_Sâm clm đến v thì / ff
chính idol m đang viết cmt cay cú ngay trong bài viết của Viruss kia kìa. Vào mà xem cách viết văn củ chuối của idol m xem có hành xử hợp lí k,0,chính idol m đang viết cmt cay cú ngay trong bài viết của Viruss kia kìa . Vào mà xem cách viết văn_củ chuối của idol m xem có hành_xử hợp_lí k
"Ghê, chảnh choẹ",1,"Ghê , chảnh chọe"
Nge hay mà,0,Nge hay mà
Ăn gì con cúng cho ạ,0,Ăn gì con cúng cho ạ
Chinh la no :)),0,Chinh_la no :))
"Rách không bao , giờ đạo nhạc",1,"Rách không bao , giờ đạo_nhạc"
Dat Nguyen đôi lúc cũng có bài k hay chứ chẳng lẽ hay hết 🙄,0,Dat Nguyen đôi_lúc cũng có bài k hay chứ chẳng_lẽ hay hết 🙄
chơi game mà cứ bị đ1t vào tai,1,chơi game mà cứ bị đ1t vào tai
Một điếu thuốc lào nâng cao sĩ diện,0,Một điếu thuốc_lào nâng cao_sĩ diện
MCVMedia  may dung co so sanh lisa tui  do di cho,2,MCVMedia may_dung co so_sanh lisa tui do di cho
"Sao mày ngu thế mày giỏi mày đi kêu gọi mn xem người ta có góp cho mày k. Mày thấy làm mệt quá à. Người ta có tiền thì góp tiền, có sức góp sức. Còn mày cảm thấy bất công quá thì nghỉ con mẹ mày đi làm từ thiện đi. Làm từ thiện mà lại so sánh thiệt hơn so so cái cc. Mày tưởng mày bê được mấy cái thùng mì tôm là mày to à",2,"Sao mày ngu thế mày giỏi mày đi kêu_gọi mn xem người ta có góp cho mày k . Mày thấy làm mệt quá à . Người_ta có tiền thì góp tiền , có sức góp sức . Còn mày cảm_thấy bất_công quá thì nghỉ con mẹ mày đi làm từ_thiện đi . Làm từ_thiện mà_lại so_sánh thiệt hơn so so cái cc . Mày tưởng mày bê được mấy cái thùng mì tôm là mày to à"
vừa đẹp vừa lớn mà ngu fan jack bỏ con cmm,2,vừa đẹp vừa lớn mà ngu fan jack bỏ con cmm
Sbtc levi,0,Sbtc levi
cẩn thận bị gạ đ** haizz,1,cẩn_thận bị gạ đ * * haizz
đúng r.. Rách hiền quá ạ. thương rách ăn cháo nuốt bát,1,đúng r .. Rách_hiền quá ạ . thương_rách ăn_cháo nuốt_bát
"Ko lẻ bất cứ nước nào nhận lao động nước ngoài thì nước đó trình độ kém?? Ngu vl. Ngành luyện kim: mổi cty mở ra đều đưa nhân viên ra nước ngoài thực tập( chủ yếu ở Trung Quốc), vì chuyên môn yếu với lại thiếu chuyên cần, bất cẩn. Các nhà thầu TQ hầu n",1,"Ko_lẻ bất_cứ nước nào nhận lao_động nước_ngoài thì nước đó trình_độ kém ? ? Ngu_vl . Ngành luyện_kim : mổi cty mở ra đều đưa nhân_viên ra nước_ngoài thực_tập ( chủ_yếu ở Trung_Quốc ) , vì chuyên_môn yếu với_lại thiếu chuyên_cần , bất_cẩn . Các nhà_thầu TQ hầu_n"
"cái live rách của m t treo để chửi chứ còn đâu nó delay time, m vừa vào 4p che map chắc t xem dc của mày =))) đánh cái rank bk trình đéo có, team nó gánh cho từ đầu đến cuối chắc tự hào",1,"cái live rách của m t treo để chửi chứ còn đâu nó delay time , m vừa vào 4 p che map chắc t xem dc của mày =)) đánh cái rank bk_trình đéo có , team nó gánh cho từ đầu đến cuối chắc tự_hào"
"Tu cái miệng lại đi,cái miệng mở ra thúi như cái ống cống vậy",1,"Tu cái miệng lại đi , cái miệng mở ra thúi như cái ống cống vậy"
Nguyễn Quang Minh d.c.m đây,1,Nguyễn_Quang_Minh_d . c . m đây
thằng này nó bị đần à hay thiểu năng vậy ae,2,thằng này nó bị đần à hay thiểu_năng vậy ae
**ủa alo** chs gì điếm z ông **duma**,1,* * ủa alo * * chs gì điếm z ông * * duma * *
người làm việc cho nhà nước dúi tiền vào tay là nhận hả. Đất nước phải có CSGT là đúng nhưng ng ta hối lộ mà nhận là sai nhe. Giờ hok lẽ dúi tiền vào tay kêu phản động chống phá phản quốc cũng làm theo hay sao,0,người làm_việc cho nhà_nước dúi tiền vào tay là nhận hả . Đất_nước phải có CSGT là đúng nhưng ng ta hối_lộ mà nhận là sai_nhe . Giờ hok_lẽ dúi tiền vào tay kêu phản_động chống_phá phản_quốc cũng làm theo hay sao
Mày có mắt ko thằng mù kia,1,Mày có mắt ko thằng mù kia
Vô cùng thuyết phục,0,Vô_cùng thuyết_phục
giỏi sang hẳn nhà mà nch. 1 lũ ngu sáng đít,2,giỏi sang hẳn nhà mà nch . 1 lũ ngu sáng đít
Ditme mặt thầy cũng thần thái vãi l*n :)),2,Ditme mặt thầy cũng thần_thái vãi l * n :))
:)))) bố cái thằng ranh 2k rồi nói tao cũng 2k giống nhỏ. ở ngoài khéo kêu tao bằng cha luôn chứ chú gì. lệch lệch tao vả cho cắm đầu vào cứt,2,:)) bố cái thằng ranh 2 k rồi nói tao cũng 2 k giống nhỏ . ở ngoài khéo kêu tao bằng cha luôn chứ chú gì . lệch lệch tao_vả cho cắm_đầu vào cứt
tao đã nói tao fan nó chưa m lại hài vl mở miệng ra là đã nguu Tao binh con nhỏ cmt tao đã bênh nó chưa :)) m gắn cái não vào rồi cmt,1,tao đã nói tao fan nó chưa m lại hài_vl mở_miệng ra là đã nguu Tao_binh con_nhỏ cmt tao đã bênh nó chưa :)) m gắn cái não vào rồi cmt
Bat may than nay kg lo lo bat xe kg,0,Bat may than nay kg lo lo bat xe kg
Kiim Synk's đú trend nè🤣,0,Kiim Synk's_đú trend nè 🤣
ô k ở cmt mấy đoạn đầu thì sao mà biết ai hỏi hay k hả ô?,0,ô k ở cmt mấy đoạn đầu thì sao mà biết ai hỏi hay k hả ô ?
"30 tuổi mà suy nghĩ nó đần như thế thì về dúc nách mẹ đi chứ, cả lò nhà m nữa",2,"30 tuổi mà suy_nghĩ nó đần như thế thì về dúc nách mẹ đi chứ , cả lò nhà m nữa"
Phá kẻ đó ae,0,Phá kẻ đó ae
xin lỗi tụi bay chết kệ bà tụi bây tụi tao kiểm tra có cái cục cức gì đâu ( tao biết đó là thứ gì ),2,xin_lỗi tụi bay chết kệ bà tụi bây tụi tao kiểm_tra có cái cục cức gì đâu ( tao biết đó là thứ gì )
Diện Trần óc choá thật.,2,Diện Trần_óc chóa thật .
th đần,2,th đần
nó rên làm t đứng ngồi không yên luôn mà :(((,0,nó rên làm t đứng ngồi không yên luôn mà : ( (
đất nước ngày một thối nát,1,đất_nước ngày_một thối nát
CHỉ cần rửa tay và ở yên trong nhà :),0,CHỉ cần rửa tay và ở yên trong nhà :)
Đời má thật,0,Đời má thật
thằng mực nó như nào thì bao người biết và nói rồi :))) m nịnh dái bênh được thì đủ hiểu cái hạng người như m cũng vậy thôi =))),1,thằng mực nó như nào thì bao người biết và nói rồi :)) m nịnh dái_bênh được thì đủ hiểu cái hạng người như m cũng vậy thôi =))
người dân vũ hán sẽ nhớ mãi tên bác,0,người_dân vũ_hán sẽ nhớ mãi tên bác
Có mắt như mù đcm,1,Có mắt như mù đcm
Tao mà gặp mày tao kêu ae tao đập vào cái mặt ngu của mầy đó thằng trọng tài,2,Tao mà gặp mày tao kêu ae tao đập vào cái mặt ngu của mầy đó thằng trọng_tài
"Tunal Tuấn nó là ruồi chỉ biết phát sáng ở đít thoi, chứ trong đầu có gì đâu mà ông khuyên nó thế làm gì =)))",1,"Tunal Tuấn nó là ruồi chỉ biết phát sáng ở đít_thoi , chứ trong đầu có gì đâu mà ông khuyên nó thế làm gì =))"
Mọi sự chủ quan đều có sự trả giá hết,0,Mọi sự chủ_quan đều có sự trả_giá hết
xin vid với bạn ơi,0,xin vid với bạn ơi
sao tạo hóa lại tạo ra 1 thằng như m nhỉ. Cá nhân m làm mất hết mặt cộng đồng đập đớ r =)),2,sao tạo hóa lại tạo ra 1 thằng như m nhỉ . Cá_nhân m làm mất hết mặt cộng_đồng đập đớ r =))
Anh Minh đú ít thôi chậm cặc,1,Anh Minh_đú ít thôi chậm cặc
"Bọn nó là lũ cướp, mà có thằng nào cướp xong lại đền không",1,"Bọn nó là lũ cướp , mà có thằng nào cướp xong lại đền không"
Mày đủ tuổi ko thằng lol này sủa ngu thế,2,Mày đủ tuổi ko thằng lol này sủa ngu thế
Dân bầu sai lãnh đạo thì chẳng lẽ là lãnh đạo sai ?,1,Dân bầu sai lãnh_đạo thì chẳng_lẽ là lãnh_đạo sai ?
mấy này bắt dc phải chặt tay nó ra,1,mấy này bắt dc phải chặt tay nó ra
"Cố lên nào, thà bỏ con chứ không bao giờ bỏ qua chiện này.",0,"Cố lên nào , thà bỏ con chứ không bao_giờ bỏ_qua chiện này ."
làm việc theo luật pháp chứ đéo phải đăng bài lên đâu ngon thì văn bản chứng từ gửi cho hai bên sau đó lên cơ quan giải quyết dm lũ ruồi chỉ biết phát sáng ở đít thôi học nhiều lên cái duma viết cta còn sai,2,làm_việc theo luật_pháp chứ đéo phải đăng bài lên đâu ngon thì văn_bản chứng_từ gửi cho hai bên sau đó lên cơ_quan giải_quyết dm lũ ruồi chỉ biết phát sáng ở đít thôi_học nhiều lên cái duma viết cta còn sai
ủa còn cái trách nhiệm làm cha đâu òi :))),0,ủa còn cái trách_nhiệm làm cha đâu òi :))
"DM...thèng assmin này...hỏi ngu méo chịu được...mày làm như muốn tập trận chung với QDNDVN dễ lắm vậy...mày hỏi 4 thằng đó ( Mĩ,Úc,Nhật,Phi ) coi tụi nó biết nói tiếng việt không mà tập chung...",2,"DM. . thèng assmin này .. hỏi ngu méo chịu được .. mày làm như muốn tập trận chung với QDNDVN dễ lắm vậy .. mày hỏi 4 thằng đó ( Mĩ , Úc , Nhật , Phi ) coi tụi nó biết nói tiếng việt không mà tập chung .."
"bọn vô loài đó ai mà dám làm j,xe mà vô đó tụi nó coi như rác đô j ngon nó luộc sạch,bọn cướp cạn",2,"bọn vô loài đó ai mà dám làm j , xe mà vô đó tụi nó coi như rác đô_j ngon nó luộc sạch , bọn cướp cạn"
Cũng tàm tạm,0,Cũng tàm tạm
"Fuck, đụ mẹ m hối lộ àk lol trọng tài",2,"Fuck , đụ mẹ m hối_lộ àk lol trọng_tài"
"Theo lẽ thường, đương nhiên phải bồi thường. Nhưng ở ta, CSGT làm việc theo “lẽ” của họ.",0,"Theo lẽ_thường , đương_nhiên phải bồi_thường . Nhưng ở ta , CSGT làm_việc theo “ lẽ ” của họ ."
m game đầu chơi jax game sau chơi kayn đúng k cu?,0,m game đầu chơi jax game sau chơi kayn đúng k cu ?
cánh cụt kìa. :)))),0,cánh cụt kìa . :))
giờ mới 2020 mà ông này đã kêu là 2022 tôi đã về vn rồi - tôi về 572 lê quang định. 5p45s .  lão này về bằng cỗ máy thời gian của doremon ak,0,giờ mới 2020 mà ông này đã kêu là 2022 tôi đã về vn rồi - tôi về 572 lê quang_định . 5 p45s . lão này về bằng cỗ máy thời_gian của doremon ak
loại này có bắt đi tù về xong nó lại ngựa quen đường cũ ấy mà,1,loại này có bắt đi tù về xong nó lại ngựa quen đường cũ ấy mà
"trình mình ko kinh bạn ơi , thấy bạn bợ đít nó vô lí quá :)))",1,"trình mình ko kinh bạn ơi , thấy bạn_bợ đít nó vô_lí quá :))"
ủa tưởng dỗi không chơi không live mà ?? ô thế là mõm à,1,ủa tưởng dỗi không chơi không live mà ? ?_ô thế_là mõm à
Tôi không hiểu sao,0,Tôi không hiểu sao
Loằng ngoằng thì được cái *éo gì mà ông thích loằng ngoằng thế. :/ lạ vl,1,Loằng_ngoằng thì được cái * éo gì mà ông thích loằng_ngoằng thế . : / lạ vl
chiến “sỹ” mới chịu,0,chiến “ sỹ ” mới chịu
tao binh nó đúng hay sai sống thì nhìn nhận đi ai sai thì chửi người đó đừng có kiểu đánh đồng theo nó thích ai việc của nó tự nhiên đéo làm gì chửi ngta xong rồi cmt như vậy,0,tao binh nó đúng hay sai sống thì nhìn_nhận đi ai sai thì chửi người đó đừng có kiểu đánh đồng theo nó thích ai việc của nó tự_nhiên đéo làm_gì chửi ngta xong rồi cmt như_vậy
"Lộc đánh đến thế là hay lắm rồi, chấp tận 1 cái tay",0,"Lộc đánh đến thế_là hay lắm rồi , chấp_tận 1 cái tay"
"mấy thằng zốt con thì v thôi ông, chúng nó đông vs nguy hiểm vcl ra :)) zốt cha xử lí lỗi, óc , hú hét như 1 thằng điên nói ra lại kêu làm content, đ có câu biện minh nào khác, thiểu năng vcl",2,"mấy thằng zốt con thì v thôi ông , chúng_nó đông_vs nguy_hiểm vcl ra :)) zốt_cha xử_lí lỗi , óc , hú_hét như 1 thằng điên nói ra lại kêu làm content , đ có câu biện_minh nào khác , thiểu_năng vcl"
"Bạn ko xứng đáng là 1 trận tài, mắt và não của bạn ở sau đít",1,"Bạn ko xứng_đáng là 1 trận tài , mắt và não của bạn ở sau đít"
Bạn nhớ lì xì !!!,0,Bạn nhớ lì_xì ! !
xin lỗi cái gì vậy 2 tỷ của thái ăn chưa đủ à,1,xin_lỗi cái gì vậy 2 tỷ của thái_ăn chưa đủ à
tiếng hét thất thanh trong đêm :))),0,tiếng hét thất_thanh trong đêm :))
đàng ông con trai zì mà nhục thế!. Bởi vậy không ngạc nhiên các cô lấy chồng nước ngoài,1,đàng ông con trai zì mà nhục thế ! . Bởi_vậy không ngạc_nhiên các cô lấy chồng nước_ngoài
Đm thằng ngu,2,Đm thằng ngu
có cái concac,1,có cái concac
Đi kiếm con linh nó đỏ sẫm do đánh chết mẹ nó đi rất um ho,2,Đi kiếm con linh nó đỏ_sẫm do đánh chết mẹ nó đi rất um_ho
"Đm nói ko phải xúc phạm chứ mấy ông càng càng phát ngôn đéo ra cái j, não mấy ông chỉ có tiền thôi ah, mấy ông ""giúp"" dân nhìu wá nhỉ, nói như đúng rồi",1,"Đm nói ko phải xúc_phạm chứ mấy ông càng càng phát_ngôn đéo ra cái j , não mấy ông chỉ có tiền thôi ah , mấy ông "" giúp "" dân nhìu wá_nhỉ , nói như đúng rồi"
"Thằng giòi bọ thận nguyễn.
Mày xạo để lừa đảo mọi người
Mày nên vào cầu tiêu công cộng chỗ mày đang làm tạp vụ , mày ăn hết cứt ở trong hầm cầu đi
Đúng là cái loại giòi bọ sống chật đất",2,"Thằng giòi bọ thận nguyễn . Mày xạo để lừa_đảo mọi người Mày nên vào cầu tiêu_công_cộng chỗ mày đang làm tạp_vụ , mày ăn hết cứt ở trong hầm cầu đi Đúng là cái loại giòi_bọ sống chật đất"
hhhh lại cái văn trẻ trâu Hôm bữa gặp tk y chang t tìm ra fb mẹ nó mét cho bị chưởi sml ra,1,hh lại cái văn_trẻ trâu Hôm bữa gặp tk y_chang t tìm ra fb mẹ nó mét cho bị chưởi sml ra
Dm trọng tài Dm trọng tài Dm trọng tài Dm trọng tài,2,Dm trọng_tài Dm trọng_tài Dm trọng_tài Dm_trọng_tài
Địt con mẹ mày bắt thế à,2,Địt con mẹ mày bắt thế à
Mẹ bố mấy thằng chó,2,Mẹ bố mấy thằng chó
Còn ở VietNam thì là cánh bứm,0,Còn ở VietNam thì là cánh bứm
Mù thì đừng làm trọng tài,1,Mù thì đừng làm trọng_tài
Học võ chính là học đạo. Học võ giúp rèn luyện con người hướng tới những điều tốt đẹp hơn chứ không đào tạo ra những con vật đội lốt người như thế này!,2,Học võ chính là học_đạo . Học võ giúp rèn_luyện con_người hướng tới những điều tốt_đẹp hơn chứ không đào_tạo ra những con vật đội lốt người như thế_này !
Minh Chí hahaha sao biết hay ta ơi,0,Minh_Chí_hahaha sao biết hay ta ơi
Ở 1 nơi khác,0,Ở 1 nơi khác
Hà Phạm=)),0,Hà Phạm_=))
Ai xem dc thì xem sao cứ phải toxic nhỉ,0,Ai xem dc thì xem sao cứ phải toxic nhỉ
Con Linh nó vẫn chứng nào tật nấy . Vì bản chất của nó là vậy. 😏,1,Con Linh nó vẫn chứng nào tật nấy . Vì bản_chất của nó là vậy . 😏
Rac nhu nhau toan may thang con cac 1 champ,2,Rac nhu nhau toan may_thang con cac 1 champ
rách win thế nồn nào được,1,rách win thế nồn nào được
Một tên huấn luyện viên. Ngu ngốc. Ông không có một cái ý tưởng gì đặc sắc khi dẫn dắt đội tuyển quốc gia Việt Nam. Ông lên nghỉ để người có năng lực hơn vào kế nhiệm. Từ khi ông ngồi ở chiếc ghế huấn luyện viên đội tuyển quốc gia Việt Nam. Liên tiếp t… Xem thêm,1,Một tên huấn_luyện_viên . Ngu_ngốc . Ông không có một cái ý_tưởng gì đặc_sắc khi dẫn_dắt đội_tuyển quốc_gia Việt_Nam . Ông lên nghỉ để người có năng_lực hơn vào kế_nhiệm . Từ khi ông ngồi ở chiếc ghế huấn_luyện_viên đội_tuyển quốc_gia Việt_Nam . Liên_tiếp t … Xem thêm
Nghe không thuyết phúc lắm nhưng có vẻ là hợp lý 😌,0,Nghe không thuyết_phúc lắm nhưng có_vẻ là hợp_lý 😌
"Ngoài ra bắn bỏ mẹ những thằng đeo biết lon j cũng đăng lung tung , khoá mõm lại",2,"Ngoài_ra bắn bỏ mẹ những thằng đeo biết lon_j cũng đăng lung_tung , khóa mõm lại"
Dậy mà múo :)),0,Dậy mà múo :))
Chết con đỉ mẹ thầy rồi Long Cua ơi,2,Chết con đỉ mẹ thầy rồi Long_Cua ơi
"rồi đóng phạt đóng tiền bãi để làm gì, người ta sai thì trả giá bằng hình thức phạt, còn mấy ông giữ thì phải bảo vệ tài sản của người ta chứ",0,"rồi đóng phạt đóng tiền bãi để làm_gì , người ta sai thì trả_giá bằng hình_thức phạt , còn mấy ông giữ thì phải bảo_vệ tài_sản của người ta chứ"
Xin lỗi con cặc xin là xong à đồ tồi đồ tồi này nên dẹp làm trọng tài đi về chăn vịt cho tao nhờ,2,Xin_lỗi con cặc xin là xong à đồ tồi_đồ tồi này nên dẹp làm trọng_tài đi về chăn vịt cho tao nhờ
Bắt cái đầu mấy con cờ hó tung tin tào lao đập cho phát,2,Bắt cái đầu mấy con cờ hó tung tin tào_lao đập cho phát
"Cút về nước, còn đòi trận cuối cùng ăn cứt à",1,"Cút về nước , còn đòi trận cuối_cùng ăn_cứt à"
Câm và cút,1,Câm và cút
Tiền có thể kiếm cả đời. Nhưng mạng mỗi người chỉ có 1. Hãy tự vì mình trước tiên đã!,0,Tiền có_thể kiếm cả đời . Nhưng mạng mỗi người chỉ có 1 . Hãy tự vì mình trước_tiên đã !
Trọng tài cái lồn mẹ mày bất công đéo chịu được,2,Trọng_tài cái lồn mẹ mày bất_công_đéo chịu được
Nguyễn Quang Minh Trê con vào sủa à. Thấy ngoài chắc t đá cuống họng cho khôn ra,1,Nguyễn_Quang_Minh Trê con vào sủa à . Thấy ngoài chắc t đá cuống_họng cho khôn ra
Ông chính là one a dog,1,Ông chính là one a dog
Chưa cút à,1,Chưa cút à
ồ thế là phải đăng stt chửi nhau vs rep cmt đúng khum ạ,0,ồ thế_là phải đăng_stt chửi nhau vs rep cmt đúng khum ạ
Nguyen Manh Vinh Cút con c,1,Nguyen Manh_Vinh Cút con c
ig ông là gì vậy,0,ig ông là gì vậy
Phục vụ giải trí : cả sư đoàn. Chứ đại đội nhỏ quá a ưi,0,Phục_vụ giải_trí : cả sư_đoàn . Chứ đại_đội nhỏ quá a ưi
"Dịp mẹ tui bây đi lũ phản động hại dân,hại nước.Trò củ cứ đêm ra diễn hoài,hết trò rồi hả.Để cho dân được sống yên với,người trong một nước mà cứ muốn làm hại nhau.",2,"Dịp mẹ tui bây đi lũ phản_động hại dân , hại nước . Trò củ cứ đêm ra diễn hoài , hết trò rồi hả . Để cho dân được sống yên với , người trong một nước mà cứ muốn làm hại nhau ."
Do Dat gill xô đi đâu thế,0,Do Dat gill xô đi đâu thế
"nó chửi đồng đội như con , tuy rằng feed lòi cuc mà bạn còn bợ đít nó đc thì mình nghĩ bạn vc nó tính hợp nhau đó :))",1,"nó chửi đồng_đội như con , tuy rằng feed lòi cuc mà bạn còn bợ đít nó đc thì mình nghĩ bạn vc nó tính_hợp nhau đó :))"
trọng tài chó chết,2,trọng_tài chó chết
Mẹ mày. Đang họp đấy bọn ngu,2,Mẹ mày . Đang họp đấy bọn ngu
Nó bảo có cái đb. tháo hết phụ tùng mới thay cũ,1,Nó bảo có cái đb . tháo hết phụ_tùng mới thay cũ
You have eyes? You should need var.. óc chó,1,You have eyes ? You should need var .._óc chó
Fuck you!,2,Fuck you !
Khóc cái đcmm,1,Khóc cái đcmm
Bú win up lên như 1 con chó dốt,2,Bú win up lên như 1 con chó dốt
"cho hỏi, cày thuê xuống rank vàng đánh ngu là do sai lane à anh. Em thấy anh đi đúng lane vẫn ngu mà anh. Cày thuê này hơi dảk nhỉ",1,"cho hỏi , cày thuê xuống rank vàng đánh ngu là do sai lane à anh . Em thấy anh đi đúng lane vẫn ngu mà anh . Cày thuê này hơi dảk nhỉ"
sao có giống loài súc vật như con chó Đạt này thế nhỉ Giống loài súc vật mất dạy vô văn hóa nghiệp súc,2,sao có giống loài súc_vật như con chó Đạt này thế nhỉ_Giống loài súc_vật mất_dạy vô_văn hóa_nghiệp súc
Đéo bắt đc thì cút,1,Đéo bắt_đc thì cút
Nghe thuyết phục nhưng lại rất thuyết phục :>>,0,Nghe thuyết_phục nhưng lại rất thuyết_phục : >>
Này thì lên cơ quan chức năng báo cáo để cơ quan điều tra trích xuất camera bắt đc ko mọi người,0,Này thì lên cơ_quan_chức_năng báo_cáo để cơ_quan điều_tra trích xuất_camera bắt đc_ko mọi người
Bắc kỳ thì chỉ đến thế thôi,2,Bắc_kỳ thì chỉ đến thế thôi
Ngta lớn ngta chua kêu tên mày thứ nhỏ mất dạy tao cũng bị gạt đây thấy LGBT dễ thương mua ủng hộ live nào tao cũng coi may đm mua ve xịt 3phút đéo nghe mùi j thu làm ăn gian dối ko tồn tại dc lâu đâu nhỏ hon ngta mà hổn láo,2,Ngta lớn ngta_chua kêu tên mày thứ nhỏ mất dạy tao cũng bị gạt đây thấy LGBT dễ_thương mua ủng_hộ live nào tao cũng coi may đm mua ve_xịt 3 phút đéo nghe mùi j thu làm_ăn gian_dối ko tồn_tại dc lâu đâu nhỏ_hon ngta mà hổn_láo
Cặc,1,Cặc
Sao mấy stt này ko thấy con chó DLV vào ẳng nhỉ?,2,Sao mấy stt này ko thấy con chó DLV vào ẳng nhỉ ?
Yêu Ông Trần Dần,0,Yêu Ông Trần_Dần
Quần gì ma nhìn vào thấy mất nết dễ sợ,1,Quần gì ma nhìn vào thấy mất_nết dễ sợ
Cứ bô bô cái mõm tốp mạnh nhất lm gì nó camp chết phải chăng m ns TOP phế nhất là gì còn lật đc,1,Cứ bô bô cái mõm tốp mạnh nhất lm gì nó camp chết phải chăng m ns TOP_phế nhất là gì còn lật đc
Khon nan thật,1,Khon_nan thật
Loại mày trước sau gì trời cũng đánh mày,2,Loại mày trước_sau gì trời cũng đánh mày
Con.   Quy.  Nãy. Cái.   Miệng.   Nó.  Thúi.  Quá.  Đồ.  Do.   Bán.,2,Con . Quy . Nãy . Cái . Miệng . Nó . Thúi . Quá . Đồ . Do . Bán .
Hai thằng mặt ng dạ thú tụi mày sẻ bị quả báo.,2,Hai thằng mặt_ng_dạ_thú tụi mày_sẻ bị quả báo .
thua nên cây,0,thua nên cây
"xl cái đm đánh chán xg xl,hảo:))",1,"xl cái đm đánh chán xg xl , hảo_:))"
Thg thầy cút về nước ngay,1,Thg thầy cút về nước ngay
mồm ác vậy,1,mồm ác vậy
địt cụ m thành lê nhé,2,địt cụ m thành lê nhé
Xin là xin vĩnh biệt cụ,0,Xin là xin vĩnh_biệt cụ
Anh Tuấn ban cho dừa,0,Anh_Tuấn ban cho dừa
Mày Bố láo ông băn mày bây giờ,2,Mày Bố_láo ông băn_mày bây_giờ
fake ít thôi,0,fake ít thôi
uong nuoc cam dii bac',0,uong nuoc cam_dii bac '
3 chục tuổi này gặp t chắc đái ra máu,1,3 chục tuổi này gặp t chắc đái ra máu
Nghỉ hè luôn,0,Nghỉ_hè luôn
thương ai k thương là thương thk SV thua con,2,thương ai k_thương là thương_thk SV thua con
Bọn này bắt được chặt tay chân rồi thả ra cho công an xử lý,2,Bọn này bắt được chặt tay_chân rồi thả ra cho công_an xử_lý
Sống chậm thôi ông ơi,0,Sống chậm thôi ông ơi
A chỉ muốn ăn cháo do chính tay em nấu..chứ ko thèm ăn xôi của bà bán xôi,0,A chỉ muốn ăn_cháo do chính tay em nấu .. chứ ko thèm ăn_xôi của bà bán xôi
Lũ pede xạo xự. Mới hơm qua chúng tâng nhau lên mây. Nay chúng siủa cắn nhau như chó tháng 7. Hahaaaaaaa,2,Lũ pede xạo xự . Mới hơm qua chúng tâng nhau lên mây . Nay chúng siủa cắn nhau như chó tháng 7 . Hahaa
ngu là phải chửi,1,ngu là phải chửi
Cũng làm bố làm mẹ mà chúng m sót con chúng m. Còn người khác thì không à. Coi con mk là vàng bạc thế con người ta là cứt như. Đéo thể hiểu nổi thằng bố nghĩ gì nữa. Con cái tuổi ấy chắc bố nó cũng đầu 2 thứ tóc đến nơi rồi. Hiển nhiên đứng nhìn con mk hành hung người khác. Chắc Gen thằng bố tốt nên ms đẻ ra dk đứa con như vậy Nhìn mà sót xa quá. Những cái loại ntn phải có được 1 bản án xứng đáng.,2,Cũng làm bố làm mẹ mà chúng m sót con chúng m . Còn người khác thì không à . Coi con mk là vàng_bạc thế con_người ta là cứt như . Đéo_thể hiểu nổi thằng bố nghĩ gì nữa . Con_cái tuổi ấy chắc bố nó cũng đầu 2 thứ tóc đến_nơi rồi . Hiển_nhiên đứng nhìn con mk_hành_hung người khác . Chắc Gen thằng bố tốt nên ms đẻ ra dk đứa con như_vậy Nhìn mà sót xa quá . Những cái loại ntn phải có được 1 bản_án xứng_đáng .
Cảm ơn em. ❤,0,Cảm_ơn em . ❤
Trước khi bắt trận đấu tiếp theo hãy nhìn lại con mắt cả nhân phẩm của mình luôn đi vs lại tạo nghiệp cũng có ngày phải vị quật thôi ☻,0,Trước khi bắt trận đấu tiếp_theo hãy nhìn lại con mắt cả nhân_phẩm của mình luôn đi vs lại tạo_nghiệp cũng có ngày phải vị quật thôi ☻
sao ko lấy tên là Linh Láo Lồn nhỉ ae ??,1,sao ko lấy tên là Linh_Láo_Lồn nhỉ ae ? ?
Ngu + phong bì + cấp quyền = loạn ngôn..,1,Ngu + phong_bì + cấp quyền =_loạn_ngôn ..
Bơ vơ trong tuyệt vọng,0,Bơ_vơ trong tuyệt_vọng
Luật pháp như quần què bảo vệ những thằng không có não không có đạo Đức nhân cách của con thì đứa 16 tuổi nó khinh thường cả pháp luật Như thằng Lê văn luyện Cũng như vậy thôi 3 mạng người đổi lấy có 18 năm tù.,0,Luật_pháp như quần_què bảo_vệ những thằng không có não không có đạo_Đức nhân_cách của con thì đứa 16 tuổi nó khinh_thường cả pháp_luật Như thằng Lê_văn_luyện Cũng như_vậy thôi 3 mạng người đổi lấy có 18 năm tù .
Chị hiếu hôm nay đẹp quá nói chuyện cười có duyên gê,0,Chị hiếu hôm_nay đẹp quá nói_chuyện cười có duyên_gê
Nguyen Manh Vinh đây ms là nick thật https://www.facebook.com/philippe.troussier.773?mibextid=ZbWKwL,0,Nguyen Manh_Vinh đây ms là nick thật https://ww.facebook.com/philippe.troussier.773?mibextid=ZbWKwL
chỉ đứng dẩy là thành ca sĩ đc rồi. Thế mà đợt trước a Bảnh về đội chắc giờ làm ca sĩ nổi tiếng đéo phải đi tù ý nhờ,1,chỉ đứng dẩy là thành ca_sĩ đc rồi . Thế_mà đợt trước a_Bảnh về đội chắc giờ làm ca_sĩ nổi_tiếng đéo phải đi tù_ý nhờ
hợp lý cái đ gì cái tk đạo đức giả,1,hợp_lý cái đ gì cái tk đạo_đức giả
Nýn,0,Nýn
Tôi mãi là fan trung thành của Jack ... Sparrow,0,Tôi mãi là fan trung_thành của Jack .. Sparrow
"bởi vì 2 chữ ""khiêm tốn"" đó bác =))",0,"bởi_vì 2 chữ "" khiêm_tốn "" đó bác =))"
Chả làm gì cũng có fan cứng =)),0,Chả làm gì cũng có fan cứng =))
đúng là bọn cạn bã của xã hội ngày nay,2,đúng là bọn cạn_bã của xã_hội ngày_nay
Vừa lòng tao,0,Vừa lòng tao
"Lỗi đĩ mẹ mày, cút mẹ mày đi",2,"Lỗi đĩ mẹ mày , cút mẹ mày đi"
toàn quảng cáo . Đọc 1 dòng mà cả trăm quảng cáo,0,toàn quảng_cáo . Đọc 1 dòng mà cả trăm quảng_cáo
có địa chỉ nhà đấy. Đến tận nhà mà gõ cửa :)),0,có địa_chỉ nhà đấy . Đến tận nhà mà gõ_cửa :))
xin cái gỉ,0,xin cái gỉ
Non Nguoi hue ... kg phai bac ky,0,Non Nguoi_hue .. kg phai bac ky
"Jack lỏ lên này múa mép thôi , ngta ns đúng mà công nghệ var xem thử đi ai đúng pik liền , hay là chơi xong r bỏ , rẻ rack",1,"Jack lỏ lên này múa mép thôi , ngta ns đúng mà công_nghệ var xem thử đi ai đúng pik liền , hay_là chơi xong r bỏ , rẻ rack"
"núi này do ta mở, cây này do ta trồng, nếu muốn đi qua đây, mau đem tiền cống nộp :))",0,"núi này do ta mở , cây này do ta trồng , nếu muốn đi qua đây , mau đem tiền cống nộp :))"
Im mồm đi micky. Sủa nữa t dính lỗ đít m lại bgio,2,Im_mồm đi micky . Sủa nữa t dính lỗ đít m lại bgio
Trần Phong tôi đang nói dựa trên sự cà khịa của Khắc Việt ok,0,Trần_Phong tôi đang nói dựa trên sự cà_khịa của Khắc_Việt ok
Your mother fucker,2,Your mother fucker
Âm thầm đọc cmt:)),0,Âm_thầm đọc cmt :))
"Huy Trần :))) ờ chứ k lẽ cày view cho thằng lùn bỏ con, bắt cá, ăn cháo đá bát, lừa thầy phản bạn, ngủ với fan, đâm ân nhân, đạo nhạc... u chu cha :))) nghệ sĩ gì kể phốt kể quài không hết hahaaaaaa",2,"Huy Trần_:))_ờ chứ k_lẽ cày_view cho thằng lùn bỏ con , bắt cá , ăn cháo đá bát , lừa_thầy phản_bạn , ngủ với fan , đâm ân_nhân , đạo_nhạc .._u chu_cha :))_nghệ_sĩ gì kể phốt kể quài không hết hahaa"
con mẹ mày thằng chó đéo đáng làm bố. mẹ mày,2,con mẹ mày thằng chó đéo đáng làm bố . mẹ mày
ngu thì thua chứ sao cay,1,ngu thì thua chứ sao cay
Cực kì là thuyết phục 🙂,0,Cực_kì là thuyết_phục 🙂
Chỉ để FIFA và trọng tài thế giới cười vào mặt.,0,Chỉ để FIFA và trọng_tài thế_giới cười vào mặt .
why cái địt mẹ mày,2,why cái địt mẹ mày
Dậy thì không thành công ☺,0,Dậy thì không thành_công ☺
Nick fake à,0,Nick fake à
Tụi này bắt dính đánh 1 trận cho đã r mới đưa lên công an... toàn là lưng dài vai rộng..đm mấy thằng chó,2,Tụi này bắt dính đánh 1 trận cho đã r mới đưa lên công_an .. toàn là lưng dài vai rộng .. đm mấy thằng chó
Sáng mắt chưa Nhung :),1,Sáng mắt chưa Nhung :)
Cày thuê kiểu chơi game đợi gánh à,0,Cày thuê kiểu chơi game đợi gánh à
Nhậu cái đm chúng mày lũ chó hại dân hại nước,2,Nhậu cái đm chúng_mày lũ chó_hại dân_hại nước
"chúc các em 2k1 ngày mai bình tĩnh, tự tin, thi thật tốt.",0,"chúc các em 2 k1 ngày_mai bình_tĩnh , tự_tin , thi thật tốt ."
Bị khoá cmnr,0,Bị khóa cmnr
Ám ảnh của Trousier về Indonesia từ kết quả khi ở Quatar. Bị sa thải ngay khi thua Indo,0,Ám_ảnh của Trousier về Indonesia từ kết_quả khi ở Quatar . Bị sa_thải ngay khi thua Indo
Kiếm fame à condilon acc pha quế mà đòi lừa:D,2,Kiếm fame à condilon_acc pha quế mà đòi lừa :D
Đm admin ngu vcl:)) chăcs cậu đang tưởng mình hay vs nguy hiểm lắm đấy:)),2,Đm admin ngu vcl :)) chăcs cậu đang tưởng mình hay vs nguy_hiểm lắm đấy :))
Thằng thực dân. Cút,2,Thằng thực_dân . Cút
Nhìn phản cảm vl :(,1,Nhìn phản_cảm vl : (
so vl,1,so vl
Mỹ Hạnh hạnh là 1 bông hoa dại à 🤣,0,Mỹ Hạnh_hạnh là 1 bông hoa dại à 🤣
"JACK ĐÃ CĂNG, CHI TIẾT TẠI ĐÂY: https://beat-vn.com/jack-moi-viruss-gap-mat-truc-tiep",0,"JACK ĐÃ CĂNG , CHI_TIẾT TẠI ĐÂY : https://beat-vn.com/jack-moi-viruss-gap-mat-truc-tiep"
Thoi buoi nay.chung no lua duoc cai gi la no lua ah,0,Thoi buoi nay.chung no lua duoc cai gi_la no lua ah
Hlv the voice mùa sau,0,Hlv the voice mùa sau
"thế à.vậy là chờ giấy mời tòa án hoặc giấy triệu tập an ninh mạng, sở văn hóa đồ đó mới được gặp đúng không",0,"thế à . vậy là chờ giấy mời tòa_án hoặc giấy triệu_tập an_ninh_mạng , sở văn_hóa đồ đó mới được gặp đúng không"
"Tuổi này nghĩ nông nổi vậy thôi sau này hối hận những gì mình đã làm. Nhất là bố và anh trai dù lớn mà không biết xử lí như nào cho đúng, xót thương cho người mẹ thật sự",0,"Tuổi này nghĩ nông_nổi vậy thôi sau_này hối_hận những gì mình đã làm . Nhất_là bố và anh_trai dù lớn mà không biết xử_lí như nào cho đúng , xót_thương cho người mẹ thật_sự"
Mày ăn đi,0,Mày ăn đi
"Khanh Truong ủa tưởng chỉ mấy cháu mới bị tẩy não chứ, không ngờ phụ huynh còn bị tẩy não",0,"Khanh Truong ủa_tưởng chỉ mấy cháu mới bị tẩy não chứ , không ngờ phụ_huynh còn bị tẩy não"
ít đăng bài tuần trước giờ em mất cứng dồiii 🤦🏻‍♀️,0,ít đăng bài tuần trước giờ em mất cứng_dồii 🤦_🏻 ‍_♀ ️
"đọc hết cmt của t chưa, k những ngu tiếng việt mà mắt còn có vấn đề nữa à",1,"đọc hết cmt của t chưa , k những ngu tiếng việt mà mắt còn có vấn_đề nữa à"
Ông im mẹ mồm đi,1,Ông im mẹ mồm đi
chị thấy là chị sỉu =))),0,chị thấy là chị sỉu =))
dân nghèo mà vi phạm luật giao thông để bị bắt thì gọi là n g u. Than vãn cái l. Như t đi xe bao năm nay chưa 1 lần bị bắt. Lỗi do đâu,2,dân_nghèo mà vi_phạm luật giao_thông để bị bắt thì gọi là n g u . Than_vãn cái l . Như t đi xe bao năm nay chưa 1 lần bị bắt . Lỗi do đâu
đánh ngu cứ đòi sang hàn gáy lên top 1 thách đấu,0,đánh ngu cứ đòi sang hàn_gáy lên top 1 thách_đấu
mà nhập code này là đc 2 huy hiệu luôn à ??,0,mà nhập code này là đc 2 huy_hiệu luôn à ? ?
"Huy Trần :)))) đang nói Rách hả, đưa M10 vô Mv xong đi nói hợp tác, mặt dày không biết nhục ta ơi",1,"Huy Trần_:)) đang nói Rách_hả , đưa M10 vô_Mv xong đi nói hợp_tác , mặt dày không biết nhục ta ơi"
"jack ngân đù, lêu lêu bọn jack con gà lz",2,"jack ngân_đù , lêu lêu bọn jack con gà lz"
"Đừng lôi mẹ người ta vào, tao địt vào miệng mày Vũ Long Bảo cấm lôi fụ huynh vào nha ^_^",2,"Đừng lôi mẹ người ta vào , tao địt vào miệng mày Vũ_Long_Bảo cấm lôi fụ_huynh vào nha ^__ ^"
bố làm to con làm phách,1,bố làm to con làm phách
Chậm thôi các ông...,0,Chậm thôi các ông ..
Nguyễn Quang Huy chạy ngay đi,0,Nguyễn_Quang_Huy chạy ngay đi
"Kiểu nầy chắc để chìa khóa luôn nên lấy dể dàng ,nếu khóa cổ thi chúng không dám gan đâu",0,"Kiểu nầy chắc để chìa khóa luôn nên lấy dể_dàng , nếu khóa cổ thi_chúng không dám gan đâu"
cướp nhạc còn mở miệng kém thông minh =((,1,cướp nhạc còn mở_miệng kém thông_minh = ( (
Anh Trung trộm vé số,0,Anh Trung_trộm vé_số
Bùi Minh Huệ crush ưii . Anh thích em đó 😶,0,Bùi_Minh_Huệ crush ưii . Anh thích em đó 😶
Giọng như đang Sài máy run nói k nổi,0,Giọng như đang Sài_máy run nói k nổi
Trung lập nhưng tớ góp ý mình nên chăm học tiếng anh chút Phản biện ngta mới tôn trọng,0,Trung_lập nhưng tớ góp_ý mình nên chăm_học tiếng anh chút Phản_biện ngta mới tôn_trọng
Minh Nhật chuẩn cmnr. Jack tuổi j so dislike :))) haha. K atm là ca sĩ duy nhất trên thế giới mà k cần hát mà,1,Minh Nhật chuẩn cmnr . Jack tuổi j so dislike :))_haha . K_atm là ca_sĩ duy_nhất trên thế_giới mà k cần hát mà
Mày làm thì nghĩ mẹ trọng tài đi phạt đéo đc đi xin lỗi mong mày nghỉ mẹ đi,2,Mày làm thì nghĩ mẹ trọng_tài đi phạt đéo đc đi xin_lỗi mong mày nghỉ mẹ đi
Biến đi. Troussier từ chức đi,1,Biến đi . Troussier từ_chức đi
Ác,0,Ác
đây không phải tài khoản gốc của trọng tài đâu,0,đây không phải tài_khoản gốc của trọng_tài đâu
Xin cụ Lân,0,Xin cụ Lân
Về vn ăn mau lol à.,1,Về vn ăn_mau lol à .
Hồ Văn Kiệt bạn có biết khoảnh khắc kì diệu này ở video nào ko ạ?,0,Hồ_Văn_Kiệt bạn có biết khoảnh_khắc kì_diệu này ở video nào ko ạ ?
Nam ty co khac,0,Nam_ty co_khac
Ông già ơi. Yếu rồi nghỉ đi. Đừng cố. Hãy dành một chút danh dự cho hậu thế.,0,Ông_già ơi . Yếu rồi nghỉ đi . Đừng cố . Hãy dành một_chút danh_dự cho hậu_thế .
"Đợt này cả nước biết rồi cho m chạy , coi m chạy đi đâu",1,"Đợt này cả nước biết rồi cho m chạy , coi m chạy đi đâu"
Nghiệp lãnh không hết,1,Nghiệp lãnh không hết
Ba má đụ chi cho uổng công uổng nghệ uổng nghễ quần quân uổng công tuột quần tèo lên tuột xuống banh loz đau loz đẻ lớn chơi trò gì md ghê. Iu minh Hiếu,2,Ba_má đụ chi cho uổng_công uổng_nghệ uổng nghễ quần_quân uổng công_tuột quần_tèo lên tuột xuống banh loz đau_loz đẻ lớn chơi_trò gì md ghê . Iu_minh Hiếu
mai tao xin đi làm dân quân xong t đi tìm ra mày giết mày ad ạ đồ phản động :v dlv dạo này hoạt động ghê lm,2,mai tao xin đi làm dân_quân xong t đi tìm ra mày giết mày ad ạ_đồ phản_động : v dlv dạo này hoạt_động ghê_lm
phú bà bait thơm quá mấy thanh niên cắn nhầm r :)),1,phú bà bait thơm quá mấy thanh_niên cắn nhầm r :))
"Dương đông kích tây, to khoẻ đi làm lấy mà ăn",0,"Dương đông_kích_tây , to_khỏe đi làm lấy mà ăn"
Lão già chó,2,Lão già chó
Hahaaa =))),0,Hahaa =))
TRAN DAN TIEN BO.MOI GIA NHAP DCS.,0,TRAN DAN_TIEN BO.MOI_GIA_NHAP DCS .
Lại sống như rau dền :)))),1,Lại sống như rau_dền :))
vãi...,1,vãi ..
k nói về vấn đề ở trên . Nếu nói về luật pháp đúng ng đúng tội thì dân đã ko ghét và nói thằng công an . Thay vì a công an .... ko fai ai cũng xấu mà tốt thì chỉ đếm trên đầu ngón tay thôi,0,k nói về vấn_đề ở trên . Nếu nói về luật_pháp đúng ng đúng tội thì dân đã ko_ghét và nói thằng công_an . Thay_vì a công_an .. ko fai ai cũng xấu mà tốt thì chỉ đếm trên đầu ngón tay thôi
Qc cl à đm con yến nguyễn,2,Qc cl à đm con yến nguyễn
Từ chức mọe đi,1,Từ_chức mọe đi
Bon trôm cươp nay phai xư năng phat cho chung no sơ thi thôi,0,Bon_trôm cươp nay phai xư_năng phat cho chung no sơ_thi thôi
rút con kẹc. rút rút quài,1,rút con kẹc . rút rút quài
Hoàng Xuân Tâm sơn tùng nè :),0,Hoàng_Xuân_Tâm sơn_tùng nè :)
vcl tự nhận mình ngu luôn :))) đã xấu rồi thì bớt cái mõm lại nghe chưa con đần độn này :)) th jack nhà m lại chui vào xó nào khóc r đấy,2,vcl tự nhận mình ngu luôn :)) đã xấu rồi thì bớt cái mõm lại nghe chưa con đần độn này :)) th jack nhà m lại chui vào xó nào khóc r đấy
thôi nín đi con chó đưa địa chỉ zả ơi =)) địt con mẹ m thứ khuyết tật ơiiii =)) m ngon m mở block ních kia của t coi =)) khuyết tật ơiiiii,2,thôi nín đi con chó đưa địa_chỉ zả ơi =))_địt con mẹ m thứ khuyết_tật ơii =)) m ngon m mở block ních kia của t coi =)) khuyết_tật ơii
Diện Trần có con r mà còn ngu mà rảnh lòn ghê,2,Diện Trần có con r mà_còn ngu mà rảnh lòn ghê
Má t kêu trần đức bo đụ banh cạc mày giờ,2,Má t kêu trần_đức bo_đụ banh cạc mày giờ
đ bt gì cx đòi kiện hài,1,đ bt gì cx đòi kiện hài
Ng ta gọi đó la xây đường theo định hướng xa hội chủ nghĩa,0,Ng ta gọi đó la xây đường theo định_hướng xa_hội_chủ_nghĩa
Tứ hoàng được ấy chứ =)),0,Tứ_hoàng được ấy chứ =))
Xin lỗi làm con cặc gì. Dmm,2,Xin_lỗi làm con cặc gì . Dmm
Nó có công vì đã dạy dỗ em bán xôi một bài học,0,Nó có công vì đã dạy_dỗ em bán_xôi một bài_học
Xạo lol hk có j vui chúg ta hk nên xạo lol,1,Xạo lol hk có j vui chúg ta hk nên xạo lol
"Chừng nào vô địch. Từ chức đi , thưa ngài",0,"Chừng nào vô_địch . Từ_chức đi , thưa ngài"
thôi k trêu nhá để bé ngủ mai còn canh page dắk bạn kì cục quá à,0,thôi k trêu_nhá để bé ngủ mai còn canh page dắk bạn kì_cục quá à
K-icm :,0,K-icm :
sờ đến bố hay ông cố nhà m ad =)),1,sờ đến bố hay ông cố nhà m ad =))
Lũ này bắt được đem bỏ ra đảo hoang,1,Lũ này bắt được đem bỏ ra đảo hoang
Thấy con chó lại hửi hửi tưởng sẽ bị chó cắn chứ,0,Thấy con chó lại hửi hửi_tưởng sẽ bị chó cắn chứ
Bây giờ xin lỗi thì đã muộn rồi,0,Bây_giờ xin_lỗi thì đã muộn rồi
Quá khốn nạn,1,Quá khốn_nạn
Thà đi cướp tao còn ido-Toàn đi cướp của nghèo,1,Thà đi cướp tao còn ido-Toàn đi cướp của nghèo
"Thà mày lên Núi tu luôn đi,bắt như loz",1,"Thà mày lên Núi_tu luôn đi , bắt như loz"
"Có những thằng Bắc Cụ đang dùng cái óc toàn Bắc của nó mà suy cho dân Nam chúng tao. Xin lỗi chứ,từ thời các Chúa thì Nam Bắc đã khác nhau hoàn toàn, đừng đem cái xuất thân ra nhé. Chúng tao là dân SG,và chúng tao là dân tộc thiểu số! Hahaha.",2,"Có những thằng Bắc_Cụ đang dùng cái óc toàn_Bắc của nó mà suy cho dân_Nam chúng_tao . Xin_lỗi chứ , từ thời các Chúa thì Nam_Bắc đã khác nhau hoàn_toàn , đừng đem cái xuất_thân ra nhé . Chúng_tao là dân_SG , và chúng_tao là dân_tộc_thiểu_số !_Hahaha ."
I HATE YOU,1,I HATE YOU
ưỡn à ưỡn ẹo,1,ưỡn à ưỡn ẹo
Vcl,1,Vcl
Mạnh hùng siêu dự bị cánh trái,0,Mạnh_hùng siêu dự_bị cánh trái
dct smurf rank nhìn lỏ cc vậy,1,dct smurf rank nhìn lỏ cc vậy
Thực sự thì bài này ko hay. View nhiều do danh tiếng những bài trước. Chờ sản phẩm sau vậy.,0,Thực_sự thì bài này ko hay . View nhiều do danh_tiếng những bài trước . Chờ sản_phẩm sau vậy .
có ai quen hacker ko,0,có ai quen hacker ko
ad đang nói BT Hà Nội phải k :v,0,ad đang nói BT Hà_Nội phải k : v
dot nát,1,dot nát
"Mẹ. Hởi thằng nào muốn tự tử, cứ làm gì đó cho công an bắt rồi về nhà tự giận ==> thằng ad sẽ có bài tít: CA đánh người; Tại CA mà chết người..... Đúng là thằng ad bệnh quạn",2,"Mẹ . Hởi thằng nào muốn tự_tử , cứ làm gì đó cho công_an bắt rồi về nhà tự giận_==> thằng ad sẽ có bài tít : CA đánh người ; Tại CA mà chết người .. Đúng là thằng ad bệnh quạn"
"Cầu mong cho e trai có được kì tích mà mau chóng bình phục, hy vọng pháp luật phán xử những hành vi tàn ác như này thật công bằng để an ủi lại phần nào cho e ấy và mẹ của e",0,"Cầu_mong cho e_trai có được kì_tích mà mau_chóng bình_phục , hy_vọng pháp_luật phán_xử những hành_vi tàn_ác như này thật công_bằng để an_ủi lại phần_nào cho e ấy và mẹ của e"
Long Là Rồng Hlv Philippe Trôisông,0,Long_Là Rồng_Hlv Philippe Trôisông
xử lý lỗi chứ conten gì,0,xử_lý lỗi chứ conten gì
Không chạy thầy đòn vô cái chân cho :)),0,Không chạy thầy đòn vô cái chân cho :))
ừ chứ viết tus cay cú câu từ diễn đạt lủng củng thì giải quyết được cái gì,0,ừ chứ viết tus cay cú câu từ diễn_đạt lủng_củng thì giải_quyết được cái gì
Kaxỹyyyy Katm??? What????,0,Kaxỹyy Katm ? ?_What ? ?
😅 đụ mẹ mấy thằng cộng sản này nó cứ bắt bọn trung Quốc sản xuất đá không mang đi thiêu hủy mà cứ chia nhau đập lấy gì không ngáo phát biểu linh tinh,2,😅 đụ mẹ mấy thằng cộng_sản này nó cứ bắt bọn trung_Quốc sản_xuất đá không mang đi thiêu_hủy mà cứ chia nhau đập lấy gì không ngáo phát_biểu linh_tinh
Sao cái bọn tìm hiểu QH theo dõi ai nó rảnh vcl thế nhỉ,1,Sao cái bọn tìm_hiểu QH theo_dõi ai nó rảnh vcl thế nhỉ
địt mẹ thắm :)),1,địt mẹ thắm :))
Trước còn có game vị trí sp mà tranh lane top trong khi nó chưa đồng ý đổi làm nó phải pick pyke rồi đi top với temo feed lòi lozz,1,Trước còn có game vị_trí sp mà tranh lane_top trong khi nó chưa đồng_ý đổi làm nó phải pick pyke rồi đi top với temo feed lòi lozz
Duma ở quán Cf lướt Face mà ai cũng kêu t là m coi sẽ à,0,Duma ở quán Cf_lướt Face mà ai cũng kêu t là m coi sẽ à
Bên Đà Nẵng chắc văn minh hơn nơi khác :)),0,Bên Đà_Nẵng chắc văn_minh hơn nơi khác :))
Điều kì diệu ở phòng giam số 7,0,Điều kì_diệu ở phòng giam số 7
Con di linh ca loc di cho,2,Con di_linh ca loc di cho
Cái thg fake,1,Cái thg fake
Vui vẻ không quạo 😅,0,Vui_vẻ không quạo 😅
Diêm vương gọi m kìa thằng ngu,1,Diêm vương gọi m kìa thằng ngu
cha con mẹ đang hấp hối thoi thóp tiểu nhân của mày đâu r xúc vật ơi. Đéo lo chôn cha mẹ m đi mà đi cắn bậy cho thg tiểu nhân Viruss nhiều thế con chó,2,cha_con mẹ đang hấp_hối_thoi thóp tiểu_nhân của mày đâu r_xúc vật ơi . Đéo lo chôn cha_mẹ m đi mà đi cắn bậy cho thg tiểu_nhân Viruss nhiều thế con chó
Nói chuyện với người lạ mà xấn xá lại gần Nguy hiểm lắm,0,Nói_chuyện với người lạ mà xấn_xá lại gần Nguy_hiểm lắm
văn minh như m vậy,0,văn_minh như m vậy
toàn lấy fb ảo vảo địt mẹ tự sướng ngồi đbo thằng đần độn cầy thue 1 tuần đã thoát khỏi rank bk chưa,2,toàn lấy fb ảo vảo địt mẹ tự sướng ngồi đbo thằng đần độn_cầy thue 1 tuần đã thoát khỏi rank bk chưa
"chuẩn ông,nhìn mặt đã biết kiểu người nhỏ mọn lươn lẹo tính toán.Các cụ nói cấm sai",1,"chuẩn ông , nhìn mặt đã biết kiểu người nhỏ_mọn lươn_lẹo tính_toán . Các cụ nói cấm sai"
Hợp lý cái củ c =)),1,Hợp_lý cái củ c =))
Acc bán hàng online,0,Acc bán hàng online
"Đu me giau con tham lam bi găt la đung rôi , đu me mây luc đâu nghe lơi no chưi hêt ngưoi nay đên ngưoi kia, ham tiên bi lưa gat rôi chưi con ba vang ngoc",2,"Đu me giau con tham_lam bi_găt la đung_rôi , đu_me mây luc đâu nghe lơi_no chưi hêt ngưoi nay đên ngưoi kia , ham tiên_bi lưa gat rôi chưi con ba vang ngoc"
Harry Long biết mà tại chọc đom đóm con á,0,Harry_Long biết mà tại chọc_đom đóm con á
"câu chuyện ở nước ngoài sao ,",0,"câu_chuyện ở nước_ngoài sao ,"
Tình yêu vĩnh cửu,0,Tình_yêu vĩnh_cửu
nhìn chị đẹp quá,0,nhìn chị đẹp quá
Thật là khốn nạn,1,Thật là khốn_nạn
nói có sai đâu mà nhảy dựng lên thế=)),0,nói có sai đâu mà nhảy_dựng lên thế =))
Mày coi chừng đó chồng mày làm ơ đại bắc đó may đừng tưởng ko tiềm mày đc nha .khỏi thách thức đi con,2,Mày coi_chừng đó chồng mày làm ơ đại_bắc đó may đừng tưởng ko tiềm_mày đc_nha . khỏi thách_thức đi con
"Paula Lưu người miền đéo nào mà chả ăn cơm , ông này bị hài à ? dựa vào thịt chó chỉ là cái cớ để phân biệt vùng miền :/ không bằng cả con chó rách",2,"Paula Lưu_người miền đéo nào mà chả ăn cơm , ông này bị hài à ? dựa vào thịt chó chỉ là cái cớ để phân_biệt vùng miền : / không bằng cả con chó rách"
Mấy thần khốn nạn người ta bán xôi mà cũng ko tha,2,Mấy thần khốn_nạn người ta bán_xôi mà cũng ko tha
Nhok Lầy: địt mẹ hay thì mày share đi. Nhai đi nhai lại như con bò. Tao khinh quá :)),2,Nhok_Lầy : địt mẹ hay thì mày share đi . Nhai đi nhai_lại như con bò . Tao khinh quá :))
Anh này chơi game hay còn nói chuyện lịch sự nữa,0,Anh này chơi game hay còn nói_chuyện lịch_sự nữa
trông nó có ngu l không cơ chứ =))),1,trông nó có ngu_l không cơ chứ =))
hhhh tk nguuu mỗm to,2,hh tk nguu mỗm to
Chuyến này anh căng r đoá,0,Chuyến này anh căng r đóa
cho bố thẻ đỏ,0,cho bố thẻ_đỏ
Thang quan ngồi cười đằng sau thấy ghét. Tổ cha nó.,2,Thang_quan ngồi cười đằng sau thấy ghét . Tổ cha nó .
Ngu quá bán accc đi hộ t cái,1,Ngu quá bán acc đi hộ t cái
con cat bu chan,1,con cat bu chan
Hông cần lời xin lỗi giả tạo của ông đâu nước tôi không chấp nhất mấy thằng MÙ,1,Hông cần lời xin_lỗi giả_tạo của ông đâu nước tôi không chấp nhất mấy thằng MÙ
địt cụ bọn này k con zề để bàn nữa rồi,2,địt cụ bọn này k con zề để bàn nữa rồi
M xác định là đi r con chó =))))),1,M xác_định là đi r con chó =))
Xin lổi được cc j hả thằng lồn trọng tài (về quê m làm trọng tài cho mấy đứa nhỏ đá đi,2,Xin lổi được cc j hả thằng lồn trọng_tài ( về quê m làm trọng_tài cho mấy đứa nhỏ đá đi
Ko xin dì h,0,Ko xin dì h
Cực kì thuyết phục oki 😂😂,0,Cực_kì thuyết_phục oki 😂 😂
thoại cc nhá thầy,1,thoại cc nhá thầy
Thì chỉ có thể bên phía gia đình bé kia nói sao cho bớt tội thôi chứ sao bây giờ chuyện đâu ai muốn. Phải chi lúc chở quấn lại (chắc tôn ko to nên ko quấn lại đc) thì cũng ko tới nỗi. Chỉ khổ là đi chở thuê mà bị như vậy haizz,0,Thì chỉ có_thể bên phía gia_đình bé kia nói sao cho bớt tội thôi chứ sao bây_giờ chuyện đâu ai muốn . Phải_chi lúc chở quấn lại ( chắc tôn_ko to nên ko quấn lại đc ) thì cũng ko tới nỗi . Chỉ khổ là đi chở thuê mà bị như_vậy haizz
Cha hk ra gì thì con mới nz,1,Cha hk ra gì thì con mới nz
Của người ta lấy làm Của mình sẽ có ngày khổ thôi,0,Của người ta lấy_làm Của mình sẽ có ngày khổ thôi
Ông nên cút,1,Ông nên cút
"Thằng thủ môn thái lan ra ngoài 16m50 mà chụp bóng bằng tay, còn đẩy Văn Toàn mà đ** phạt thẻ đỏ, chuyển qua phạt thẻ vàng Văn Thanh. Rất khả năng thằng trọng bán độ với thái lan.",1,"Thằng thủ_môn thái_lan ra ngoài 16 m50 mà chụp bóng bằng tay , còn đẩy_Văn_Toàn mà đ * * phạt thẻ_đỏ , chuyển qua phạt thẻ vàng_Văn_Thanh . Rất khả_năng thằng trọng bán_độ với thái_lan ."
dumemay ngu,2,dumemay ngu
Tao Học ít học nhiều cũng trả lời hợp lý hơn cái não mày bỏ 10 mấy năm đi học cũng = 0,1,Tao Học ít_học nhiều cũng trả_lời hợp_lý hơn cái não mày bỏ 10 mấy năm đi học cũng = 0
"haha hài vl! Vụ Cường Lucas cũng lên tiếng, vụ Viruss cũng lên tiếng, còn vụ ta lên tiếng hộ t cái đi Vụ bị phốt bắt cá 3 4 tay lên tiếng hộ t cái đi, có cc mà dám lên tiếng. M đừng làm t hài chứ GÓC CẢM LẠNH??",0,"haha hài_vl ! Vụ Cường_Lucas cũng lên_tiếng , vụ Viruss cũng lên_tiếng , còn vụ ta lên_tiếng hộ t cái đi Vụ bị phốt bắt cá 3 4 tay lên_tiếng hộ t cái đi , có cc mà dám lên_tiếng . M đừng làm t_hài chứ GÓC CẢM_LẠNH ? ?"
Con đĩ mẹ nó chứ thường !,2,Con đĩ mẹ nó chứ thường !
Đm mặc sịp vào chim to vcl ạ =)))),1,Đm mặc sịp vào chim to vcl ạ =))
Xin lỗi cái lộn nhà m,2,Xin_lỗi cái lộn nhà m
"Tàu hũ in tiền sang VN gom đất, nhà, vàng và mua chuộc chó với đầy tớ",1,"Tàu hũ in tiền sang VN gom đất , nhà , vàng và mua_chuộc chó với đầy tớ"
Đánh thì ngu như con chó bày đặt,2,Đánh thì ngu như con chó bày đặt
Le Dinh Khoa 1955 =)),0,Le Dinh_Khoa 1955 =))
Bút dùng vẫn còn mực cần pass lại cho ae nào chưa có . Giá yêu thương 5k,0,Bút dùng vẫn còn mực cần pass lại cho ae nào chưa có . Giá yêu_thương 5 k
Không xứng đáng làm trọng tàiiii,1,Không xứng_đáng làm trọng_tàii
"Không vi phạm,ai bắt làm gì, chứ người chiến sỹ cũng chỉ là người làm công ăn lương,bao nhiêu vụ tai nạn thảm khóc, cũng vì không tuân thủ luật giao thông.",0,"Không vi_phạm , ai bắt làm_gì , chứ người chiến_sỹ cũng chỉ là người làm_công ăn_lương , bao_nhiêu vụ tai_nạn thảm_khóc , cũng vì không tuân_thủ luật giao_thông ."
chửi hay lắm ông :)) thằng lol này nhìn mặt đeo ưa r thêm cái tính trẻ trâu nữa,1,chửi hay lắm ông :)) thằng lol này nhìn mặt đeo ưa r thêm cái tính trẻ trâu nữa
Giờ sorry k giải quyết đc vấn đề gì nữa đâu . muộn rồi,0,Giờ sorry_k giải_quyết đc vấn_đề gì nữa đâu . muộn rồi
"Ăn hôi khắp mọi mặt trận, giống như thánh ăn hôi nguyễn lân trung",1,"Ăn_hôi khắp mọi mặt_trận , giống như thánh_ăn hôi nguyễn_lân trung"
Dấu hiệu nhận biết của những người giàu:,0,Dấu_hiệu nhận_biết của những người giàu :
NAM MÔ A DI ĐÀ PHẬT nhân quả xẽ đến sớm thôi ạ,0,NAM MÔ_A_DI ĐÀ_PHẬT nhân_quả xẽ đến sớm thôi ạ
🥰,0,🥰
Sory cái mã cha m,2,Sory cái mã cha m
tl đi con :)) cứng họng rồi hả,0,tl đi con :)) cứng_họng rồi hả
Dcm chs game mà làm dell gì rên ghê vậy,1,Dcm chs game mà làm dell gì rên ghê vậy
Ai gửi cho chính quyền gửi nó vào trại giam ở miền Nam hộ t cái,0,Ai gửi cho chính_quyền gửi nó vào trại_giam ở miền Nam hộ t cái
Ít ra cứ phải chúc mừng Hồng Kong cái đã. Chắc còn phải được hưởng dân chủ thêm chục năm.,0,Ít_ra cứ phải chúc_mừng Hồng_Kong cái đã . Chắc còn phải được hưởng dân_chủ thêm chục năm .
Hay,0,Hay
Lê Văn Nhất xem sẽ gầy,0,Lê_Văn_Nhất xem sẽ gầy
Đánh 7/9 5/11 gáy cl,0,Đánh 7/9 5/11_gáy cl
Em nghĩ mình có con mắt sau gáy anh ạ :((,0,Em nghĩ mình có con mắt sau gáy anh ạ : ( (
Xem vĩnh biệt cụ....,0,Xem vĩnh_biệt cụ ..
Bình dương nhiều thể loại này lắm,0,Bình_dương nhiều thể_loại này lắm
"Đây đây đây ,ăn mẹ di",1,"Đây đây đây , ăn mẹ di"
Hay thương quá.. Thương mình nek bạn,0,Hay thương quá .._Thương mình nek bạn
Ả duconme 😂😂😂,2,Ả duconme 😂 😂
Hai anh em :),0,Hai anh_em :)
TUYỂN HLV ĐTQG MÀ K XEM TIỂU SỬ LÝ LỊCH HLV nta phá nát bao nhiêu đội bóng cùng 1 kịch bản ntn rồi !,0,TUYỂN HLV_ĐTQG MÀ K XEM TIỂU_SỬ LÝ_LỊCH HLV nta phá nát bao_nhiêu đội bóng cùng 1 kịch_bản ntn rồi !
Kêu gọi khán giả ko đến sân tẩy chay để vff sa thải HLV troussier,1,Kêu_gọi khán_giả ko đến sân tẩy_chay để vff sa_thải HLV troussier
Việt Nam đi trc thời đại,0,Việt_Nam đi trc thời_đại
Xin lỗi con mẹ mày trọng tài,2,Xin_lỗi con mẹ mày trọng_tài
Sad,0,Sad
bố th rách lấy bản phối của viruss xong xào nấu lại bảo của nó,2,bố th rách lấy bản_phối của viruss xong xào nấu lại bảo của nó
+1 single mom,0,+ 1 single mom
"thì giờ phải thiện chí chủ động liên hệ năn nỉ xin lỗi, đút tiền cho anh Virus im dùm chứ rén vc rồi gì nữa. Tội nghiệp thằng cu Jack này, dắt đc mấy con bò tiểu học này thì hay chứ tự ái với đàn anh mày làm gì để giờ ngu dại phóng lao… Xem thêm",1,"thì giờ phải thiện_chí chủ_động liên_hệ năn_nỉ xin_lỗi , đút tiền cho anh Virus im_dùm chứ rén vc rồi gì nữa . Tội_nghiệp thằng cu Jack này , dắt đc mấy con bò tiểu_học này thì hay chứ tự_ái với đàn_anh mày làm gì để giờ ngu_dại phóng_lao … Xem thêm"
Nhờ tư tưởng thiên đường.,0,Nhờ tư_tưởng thiên_đường .
Pass chuột phải dài từ hà đông sang minh khai 😂😂😂😂😂,0,Pass chuột phải dài từ hà đông sang minh khai_😂 😂
Cái đầu buồi thằng tài,2,Cái đầu buồi thằng tài
Vậy là mất nửa nồi xôi rồi,0,Vậy là mất nửa nồi_xôi rồi
nó không hiện cmt hiện là tao để xem lại m có ý kiến gì =)) ngoài việc phản biện ra thì chả có câu trả lời của m là hợp lý,0,nó không hiện cmt hiện là tao để xem lại m có ý_kiến gì =)) ngoài việc phản_biện ra thì chả có câu trả_lời của m là hợp_lý
Cực kì thuyết phục🤣🤣,0,Cực_kì thuyết_phục 🤣 🤣
Vâng anhhhh,0,Vâng anhh
Đông Ca là địt cụ m ngủ đi,2,Đông_Ca là địt cụ m ngủ đi
"Nể vợ chồng anh chị giáo dục Tùng Sói tốt quá . Ở tuổi đó biết tự ăn , rồi mạnh dạn hỏi , biết chọc đùa , biết nhận biết nhiều thứ ❤ Nếu có giải những bố mẹ của năm nên tặng cho anh chị một cái siêu to khổng lồ :)))",0,"Nể vợ_chồng anh_chị giáo_dục Tùng_Sói tốt quá . Ở tuổi đó biết tự ăn , rồi mạnh_dạn hỏi , biết chọc_đùa , biết nhận_biết nhiều thứ ❤ Nếu có giải những bố_mẹ của năm nên tặng cho anh_chị một cái siêu_to khổng_lồ :))"
"có cánh cụt, may quá",0,"có cánh_cụt , may quá"
Con mẹ mày mắt mù à,2,Con mẹ mày mắt mù à
Chị 3 là cô này hả,0,Chị 3 là cô này hả
lũ đóm con chả biết xem về góc nhìn của ViruSs mà phán như đr,1,lũ đóm con chả biết xem về góc nhìn của ViruSs mà phán như đr
đóm nhí táp đó,1,đóm nhí_táp đó
được anh ưiiii i,0,được anh ưii i
Cà khịa anh Sơn mà =)),0,Cà_khịa anh Sơn mà =))
TROI UI BA BEDE NAY CHICH HOC MON NHIEU WA NEN BI KHUNG VA NO BANH XAC ...HAH HAH,1,TROI UI_BA BEDE NAY CHICH_HOC MON_NHIEU WA_NEN BI_KHUNG VA_NO BANH_XAC .. HAH HAH
"Xl cc,thg chó",2,"Xl cc , thg chó"
có phải kata rank thách đấu dual bất lực gánh không nổi dct trái lane smurf rank vàng ko?,0,có phải kata rank thách_đấu dual bất_lực gánh không nổi dct trái lane smurf rank vàng ko ?
Không phận cái đcmm thg ad ngu như chó,2,Không phận cái đcmm thg ad_ngu như chó
Giống mấy thằng biến thái tụt quần show hàng đi lung tung trong xóm,2,Giống mấy thằng biến_thái tụt quần show hàng đi lung_tung trong xóm
bồi cái thg bố m,2,bồi cái thg bố m
inbox mấy tin nhắn éo thèm rep luôn,0,inbox mấy tin nhắn_éo thèm rep luôn
Bố m cũng đến chịu cách ăn mac khác người của nó !,1,Bố m cũng đến chịu cách ăn_mac khác người của nó !
Cđmm thk loz,2,Cđmm thk loz
Loài thú nó sống còn có nghĩa hơn tui may,2,Loài_thú nó sống_còn có nghĩa hơn tui may
trong tù toàn người quen. cả thì vô đó ở cho quen,0,trong tù toàn người quen . cả thì vô đó ở cho quen
Me bon cho.ko lam di trom cua nguoi ta .cho vao tu het.bo doi ln,2,Me_bon cho.ko_lam di_trom cua nguoi ta . cho vao tu het.bo doi ln
bạn Rách nhà bạn hiền qá làm nta có bầu r chối :)) hẳn 5 trẹo cơ đấy,1,bạn Rách nhà bạn hiền_qá làm nta có bầu r chối :)) hẳn 5 trẹo cơ đấy
"Bọn xu nịnh là những kẻ làm hư cán bộ, và là những kẻ yếu kém chuyên môn nhất.",2,"Bọn xu_nịnh là những kẻ làm hư cán_bộ , và là những kẻ yếu_kém chuyên_môn nhất ."
Đm Ad m óc cức lắm...Đm người ta khổ chứ Đéo rãnh lên đăng ba cái tào lao như m đâu...m cho người ta đc đồng xu cắt bạc nào chưa...ở đây xạo lồn...mẹ m sinh cái tay m ra trước hay sao m ngu v,2,Đm Ad m óc cức lắm .. Đm người ta khổ chứ Đéo_rãnh lên đăng ba cái tào_lao như m đâu .. m cho người ta đc đồng xu_cắt bạc nào chưa .. ở đây xạo lồn .. mẹ m sinh cái tay m ra trước hay sao m ngu v
10đ văn minh,0,10 đ văn_minh
Không công bằng rồi giờ đi xin lỗi,0,Không công_bằng rồi giờ đi xin_lỗi
Ngu chứ cay gì,1,Ngu chứ cay gì
ngoài 50 thì chắc bố của nhung,0,ngoài 50 thì chắc_bố của nhung
tộc trộm cắp và lừa đảo,1,tộc trộm_cắp và lừa_đảo
@Quynh Anh Nguyen xĩuuuuu,0,@ Quynh_Anh Nguyen xĩuu
Chất tiền đoán nữa  2017 xe về 2018 xe về năm 2019 xe về tiền đoán xa chúc 2022,0,Chất tiền_đoán nữa 2017 xe về 2018 xe về năm 2019 xe về tiền_đoán xa chúc 2022
"Đồng bọn với nhau, bởi vậy cần thiết quản lý định danh xe",0,"Đồng_bọn với nhau , bởi_vậy cần_thiết quản_lý định_danh xe"
Có văn hóa nhưng hơi tục nhé bạn.. Bạn địt AD chứ đưg địt mẹ AD..,2,Có văn_hóa nhưng hơi_tục nhé bạn .. Bạn địt AD chứ đưg địt mẹ AD. .
gớm có bắt được bọn đi ẩu chạy nhanh đâu .bao nhieu thằng chạy vèo vượt qua csgt đó làm gì dc nó chỉ đứng bắt lỗi những người đi làm về,0,gớm có bắt được bọn đi ẩu chạy nhanh đâu . bao nhieu thằng chạy vèo vượt qua csgt đó làm gì dc nó chỉ đứng bắt lỗi những người đi làm về
Mong ng yêu bd hãy đồng thanh gọi thằng troussir là thằng chó lũ lãnh đạo vff là lũ ngu dần cút đi,2,Mong ng yêu bd hãy đồng_thanh gọi thằng troussir là thằng chó lũ lãnh_đạo vff là lũ ngu dần cút đi
may ma ve vn .la cai mo may k con cai rang an chao voi cdm,2,may ma ve vn . la cai_mo may k con cai_rang an_chao voi cdm
HLV đầu đất.,1,HLV đầu đất .
Các chị sắm tóc chưa :)))),0,Các chị sắm tóc chưa :))
Cài tóc đánh bài cho hăng ạ 😌,0,Cài tóc đánh_bài cho hăng_ạ 😌
thế là ước mơ đi học của bao học sinh dần dần tan biến,0,thế là ước_mơ đi học của bao học_sinh dần_dần tan biến
Hợp lí anh ơi,0,Hợp_lí anh ơi
Một thằng hlv tồi ko có trình để đi dạy người ta đá bóng,1,Một thằng hlv tồi_ko có trình để đi dạy người ta đá bóng
thôi bạn ơi idol nó con còn không nhận nói chi mấy cái beat:)),0,thôi bạn ơi idol nó con còn không nhận nói chi mấy cái beat :))
may ko xung,1,may ko xung
"giờ mới thấy được tầm quan trọng của việc học, sao em ngu thế em. Tỉnh ngộ đi em ạ, mẹ để em ra có đến nỗi đâu mà sao ngu quá vậy. Đéo hiểu sao vậy mà vẫn bảo vệ được. Ruồi sáng đít không sao hết nhưng đừng để đầu toàn shit và bố mẹ buồn",2,"giờ mới thấy được tầm quan_trọng của việc học , sao em ngu thế em . Tỉnh_ngộ đi em ạ , mẹ để em ra có đến_nỗi đâu mà sao ngu quá vậy . Đéo hiểu sao vậy_mà vẫn bảo_vệ được . Ruồi sáng đít không sao hết nhưng đừng để đầu toàn shit và bố_mẹ buồn"
Mấy chị đẹp quá,0,Mấy chị đẹp quá
Dct đánh ngu như lợn.,2,Dct đánh_ngu như lợn .
Ông nên tự thấy hổ thẹn mà nghỉ việc,0,Ông nên tự thấy hổ_thẹn mà nghỉ_việc
Ko bận sịp luôn à,0,Ko bận sịp luôn à
Vũ Thị Huyền bn v b,0,Vũ_Thị_Huyền_bn v b
Phat Huynh 2 trái mới dừa () :))),0,Phat_Huynh 2 trái mới dừa ( ) :))
Cae team off luôn hả abe,0,Cae team off luôn hả abe
Nguyễn Nguyễn Lũ thua độ,2,Nguyễn_Nguyễn_Lũ thua_độ
high ego pha đó đập trụ con LB nó giết = niềm tin =))) vì bạn xứng dáng,0,high ego pha đó đập trụ con LB nó giết = niềm tin =)) vì bạn xứng_dáng
Dô con di mây ngon lâm ma,2,Dô con di_mây ngon lâm_ma
Nói thì hay mà làm thì dở. Chỉ biết nhận Lương hàng tháng thôi mà chẳng làm nên trò trống gì cả. Nếu còn lòng tự trọng Ông nên rời khỏi vai trò HLV trưởng đội tuyển bóng đá Việt Nam đi. Sắp đến ngày 7/5 kỷ niệm 70 năm chiến thắng Điện Biên Phủ rồi nhé..!!,0,Nói thì hay mà làm thì dở . Chỉ biết nhận Lương_hàng tháng thôi mà chẳng làm_nên trò_trống gì cả . Nếu còn lòng tự_trọng_Ông nên rời khỏi vai_trò HLV_trưởng đội_tuyển bóng_đá Việt_Nam đi . Sắp đến ngày 7/5 kỷ_niệm 70 năm chiến_thắng Điện_Biên_Phủ rồi nhé .. ! !
Luật du tai sản chi có ở vn thôi.,0,Luật du_tai_sản chi có ở vn thôi .
Việt Nam noi đáng sống .,0,Việt_Nam noi đáng sống .
thì nói chung là có chơi có chịu cả chứ thằng nào cx ngu hết ko có thằng nào khôn cả (Srry nếu có đụng chạm tới ông) do đang cay thằng Mồn Lực,1,thì nói_chung là có chơi có chịu cả chứ thằng nào cx ngu hết ko có thằng nào khôn_cả ( Srry nếu có đụng_chạm tới ông ) do đang cay thằng Mồn_Lực
ước fan Rách làm sáng tỏ vụ chối con,1,ước fan_Rách làm sáng_tỏ vụ chối con
lớn rồi mà mở mồm nguu thiệt,1,lớn rồi mà mở mồm nguu thiệt
"Uầy, thế mà có cái hội lúc nào cũng ngông ngóng cái lũ đu càng đó gửi tiền về đó, chậc chậc😞",1,"Uầy , thế_mà có cái hội lúc_nào cũng ngông_ngóng cái lũ đu_càng đó gửi tiền về đó , chậc chậc 😞"
Cực kì thuyết phục=)),0,Cực_kì thuyết_phục =))
Giao va cho a xin 1tram do coi,0,Giao va cho a xin 1 tram do coi
"Hiệp Đinh v m k biết đọc à, hãy viết trước khi đọc kĩ nha thằng óc cứt, mắt chưa rà hết chữ mà tay nhanh hơn não, mối nguy hiểm của xã hội",2,"Hiệp Đinh_v m k biết đọc à , hãy viết trước khi đọc kĩ_nha thằng óc cứt , mắt chưa rà hết chữ mà tay nhanh hơn não , mối nguy_hiểm của xã_hội"
Sr cmm,1,Sr cmm
Đủ trình không ???? Óc chó hoang tưởng ảo tưởng vcl,2,Đủ trình không ? ?_Óc chó hoang_tưởng ảo_tưởng vcl
Adresmic bình định,0,Adresmic bình_định
video hay quá,0,video hay quá
Dcmm cmt bài viết của bố ăn lozz ak cut,2,Dcmm cmt bài viết của bố ăn lozz ak cut
Thằng ngu này bị cho cút khỏi box r đấy,2,Thằng ngu này bị cho cút khỏi box r đấy
Xin lỗi gì,0,Xin_lỗi gì
ủa? Chứ dân hà nội gốc đom đóm đâu r?hay lại bỏ rơi comt giống rẻ hack bỏ con,2,ủa ? Chứ_dân hà_nội gốc đom đóm đâu r ? hay lại bỏ_rơi comt giống rẻ hack bỏ con
Đmm thứ 2 mặt =)) bố m nt zồi kìa =))) zep đi kìa?,2,Đmm thứ 2 mặt =)) bố m nt zồi kìa =))_zep đi kìa ?
trách ng cha chưa đặt mình vào vị trí của ng khác thì sẽ kh hiểu được đúng là lòng người đáng sợ,0,trách ng cha chưa đặt mình vào vị_trí của ng khác thì sẽ kh hiểu được đúng là lòng người đáng sợ
"phải bắt nó đính chính, xin lỗi và bồi thường tổn hại mới vừa nha",0,"phải bắt nó đính_chính , xin_lỗi và bồi_thường tổn_hại mới vừa nha"
Nhiệt quần què ms đầu vào cảm rảm như chó h khen cc,2,Nhiệt quần_què ms đầu_vào cảm_rảm như chó h khen cc
Ngoo :))),0,Ngoo :))
Trom thì nhju.cong an thì chẳng thấy đâu..đoi bê khổ,1,Trom thì nhju.cong_an thì chẳng thấy đâu .. đoi bê khổ
xin lỗi cc,1,xin_lỗi cc
Công an bắt được chưa? Loại này cần t.ử hì.nh!,2,Công_an bắt được chưa ?_Loại này cần t . ử hì . nh !
Vậy đấy it chuyện thôi quen thi nói,0,Vậy đấy it chuyện thôi quen thi nói
"Có chữ để đọc mà còn không mang ơn ,,,Đúng là lũ khốn nạn ,,,,Đề nghị đổi chử của thằng giáo sư đầu bùi cho dễ sữ dụng,,,,,,,Đã vậy còn tôn thờ hai thằng mũi lõ mắt xanh gây đau khổ cho bao dân tộc trên thế giới,,,,Dân vn còn chưa có được cục phân của nó để bón cây vậy mà tôn thờ hơn cha mẹ",2,"Có chữ để đọc mà_còn không mang ơn , , Đúng là lũ khốn_nạn , , Đề_nghị đổi chử của thằng giáo_sư đầu_bùi cho dễ sữ_dụng , , Đã vậy còn tôn thờ hai thằng mũi lõ mắt xanh gây đau_khổ cho bao dân_tộc trên thế_giới , , Dân vn còn chưa có được cục phân của nó để bón cây vậy_mà tôn_thờ hơn cha_mẹ"
Nguyễn Luân cẩn thận dàn cảnh,0,Nguyễn_Luân_cẩn_thận dàn cảnh
Mình cũng muốn thử nhưng lại chơi không được giỏi :)),0,Mình cũng muốn thử nhưng lại chơi không được giỏi :))
Thay vì ở đây xàm lol,1,Thay_vì ở đây xàm lol
Thu Ngân b lm lẩu phan à :v,0,Thu_Ngân b lm lẩu phan_à : v
"Tụi này dàn cảnh để cướp xe , bà con cảnh giác với những thủ đoạn hỏi thăm đường",0,"Tụi này dàn_cảnh để cướp xe , bà_con cảnh_giác với những thủ_đoạn hỏi_thăm đường"
đm bác nói chuẩn quá,0,đm bác nói chuẩn quá
con di ngua nay chac sih ra o ho boom ha j,2,con di_ngua nay chac sih ra o ho boom ha j
Nguyên tắc bất di bất dịch của nhân dân ta khi tham gia giao thông:,0,Nguyên_tắc bất_di_bất_dịch của nhân_dân ta khi tham_gia giao_thông :
"bởi tính ra VR quân tử, đàn ông ha đang nói chuyện beat cái lên nói về điểm yếu của Ng ta k biết này kia, cái còn nói tung bằng chứng phốt. Dù Ng ta k biết thì có thể học mà, tỏ ra thanh cao mà việc làm toàn ngược lại quá. Người có học … Xem thêm",0,"bởi tính ra VR quân_tử , đàn_ông ha đang nói_chuyện beat cái lên nói về điểm yếu của Ng ta k biết này kia , cái còn nói tung bằng_chứng_phốt . Dù Ng ta k biết thì có_thể học mà , tỏ ra thanh_cao mà việc_làm toàn ngược_lại quá . Người có_học … Xem thêm"
"thằng không có nhận thức là thằng không biết người khác bait =)). Vl thêm con cụt vào mới biết bait, đần ác",2,"thằng không có nhận_thức là thằng không biết người khác bait =)) . Vl thêm con cụt vào mới biết bait , đần ác"
Bạn nào hợp tác làm đứa k chứ vã qué,0,Bạn nào hợp_tác làm đứa k chứ vã qué
Rồi một ngày đẹp trời sẽ được đưa về đồn thôi,0,Rồi một ngày đẹp trời sẽ được đưa về đồn thôi
Đọc mà bức xúc thương con quá . Cầu xin phép màu đến với con. Còn kẻ ác phải đền tội.,0,Đọc mà bức_xúc thương con quá . Cầu_xin phép màu đến với con . Còn kẻ_ác phải đền_tội .
Xin con mẹ nó con chó,1,Xin con mẹ nó con chó
Do dân vì dân mà :))),0,Do dân vì dân mà :))
"cái đó chỉ áp dụng cho ""người ngồi trên phương tiện đang bị kiểm soát"", còn nếu muốn dừng xe bạn để kiểm soát thì vẫn cần ""Trực tiếp phát hiện hoặc thông qua phương tiện, thiết bị kỹ thuật nghiệp vụ phát hiện, ghi nhận được các hành vi vi phạm pháp luật về giao thông đường bộ""",0,"cái đó chỉ áp_dụng cho "" người ngồi trên phương_tiện đang bị kiểm_soát "" , còn nếu muốn dừng xe bạn để kiểm_soát thì vẫn cần "" Trực_tiếp phát_hiện hoặc thông_qua phương_tiện , thiết_bị kỹ_thuật nghiệp_vụ phát_hiện , ghi_nhận được các hành_vi vi_phạm pháp_luật về giao_thông đường_bộ """
ở Hàn gọi là chiếc lá còn VN là lá chà bồn.,1,ở Hàn gọi là chiếc lá còn VN là lá chà_bồn .
dan tran …vụ này mà cảnh sát không điều tra ra.thì qua gio…người ta đã nghèo ban xôi rồi.,0,dan tran … vụ này mà cảnh_sát không điều_tra ra . thì qua gio … người ta đã nghèo ban_xôi rồi .
"Cách ly vẫn tranh thủ tạo chút scandal câu like, đánh bóng tên tuổi, xuất viện đăng đàn xin lỗi! sợ thật sự cái anh Tiệp này 🙏",1,"Cách_ly vẫn tranh_thủ tạo chút scandal câu like , đánh bóng tên_tuổi , xuất_viện đăng_đàn xin_lỗi !_sợ thật_sự cái anh Tiệp này 🙏"
"Nó chửi Cô Minh Hiếu là sai, nhưng mà đm tụi m thật sự rất quá đáng, nó có xạo hay gì đó nếu ko ảnh hưởng ai thì việc gì phải đập phá chén cơm người khác v, còn việc giá 1 chai nước hoa rẻ thì tự tụi m phải nhận thức được nó là hàng loại nào, nếu thấy chấp nhận thì mua nó đâu ship lại hay lấy dao kề cổ bắt bây mua. Còn Trần Đoàn nên có lời xin lôi tới cô MH đi, còn TĐ nó có xạo sài hàng fake hay thật kệ nó, tụi bây chắc gì ko sống ảo chắc gì ko sài hàng fake nên ai làm gì kệ ngta tạo nghiệp chi v.",1,"Nó chửi_Cô Minh_Hiếu là sai , nhưng_mà đm tụi m thật_sự rất quá_đáng , nó có xạo hay gì đó nếu ko ảnh_hưởng ai thì việc gì phải đập phá chén cơm người khác v , còn việc giá 1 chai nước_hoa rẻ thì tự tụi m phải nhận_thức được nó là hàng loại nào , nếu thấy chấp_nhận thì mua nó đâu ship lại hay lấy dao_kề cổ bắt bây mua . Còn Trần_Đoàn nên có lời xin lôi tới cô MH đi , còn TĐ nó có xạo sài hàng fake hay thật kệ nó , tụi bây_chắc gì ko sống ảo_chắc gì ko sài hàng fake nên ai làm gì kệ ngta tạo_nghiệp chi v ."
long cao tag trong cmt,0,long cao_tag trong cmt
1 lũ ăn cướp.,2,1 lũ ăn cướp .
Thèn ngáo,1,Thèn ngáo
Rồi cũng thân tàn ma dại thôi. Chúc mấy thanh niên sớm về với ông bà.,2,Rồi cũng thân_tàn ma_dại thôi . Chúc mấy thanh_niên sớm về với ông_bà .
Đừng phân biệt vùng miền nữa anh em,0,Đừng phân_biệt vùng_miền nữa anh_em
xin lỗi con căk,1,xin_lỗi con căk
"địt mẹ mấy thằng hay phân biệt Bắc Nam đâu rồi , các ""Nam Kì Boys"" đâu , sao ko vào đây phân biệt HN SG tiếp đi nào ?",2,"địt mẹ mấy thằng hay phân_biệt Bắc_Nam đâu rồi , các "" Nam_Kì_Boys "" đâu , sao ko vào đây phân_biệt HN SG tiếp đi nào ?"
Thằng chó cút mẹ về Pháp đi,2,Thằng chó cút mẹ về Pháp đi
Fake thôi,0,Fake thôi
Bọn 3/// tuột quần và bọn CCCĐ lúc này chui đi đâu mất mà kg nghe thấy chúng sủa vậy anh Vũ Hoàng Lân? Hay là chúa rước bọn chúng xuống địa ngục hết rồi?,2,Bọn 3 / / tuột quần và bọn CCĐ lúc này chui đi đâu mất mà kg nghe thấy chúng sủa vậy anh Vũ_Hoàng_Lân ? Hay_là chúa rước bọn chúng xuống địa_ngục hết rồi ?
Mấy thằng này phải xử như 2 thằng trộm chó ở đồng tháp mới vừa,2,Mấy thằng này phải xử như 2 thằng trộm chó ở đồng_tháp mới vừa
May xạo lồn do am binh,2,May xạo lồn do am_binh
"Thằng ml mày thấy dân việt chúng tao nhục chưa , đcmm cút khỏi Việt Nam đi",2,"Thằng ml mày thấy dân_việt chúng_tao nhục chưa , đcmm_cút khỏi Việt_Nam đi"
"Cô ấy mà con của chủ tịch huyện thì chiếc xe ấy trở về 30p... nhưng con của dân thì dân chịu,,,,",0,"Cô ấy mà con của chủ_tịch huyện thì chiếc xe ấy trở về 30 p .. nhưng con của dân thì dân chịu , ,"
Khốn nạn . Tội cho cô gái,1,Khốn_nạn . Tội cho cô gái
Xin mẹ m chớ xin,1,Xin mẹ m chớ xin
GỌI TRẦN DẦN LÀ CON TINH TRÙNG KHUYẾT TẬT.,2,GỌI TRẦN_DẦN_LÀ CON_TINH_TRÙNG KHUYẾT_TẬT .
Vũ Thanh Huyền bọn Hàn Quốc biết nói tiếng Việt à :)),0,Vũ_Thanh_Huyền bọn Hàn_Quốc biết nói tiếng Việt à :))
Nói ngta chửi con gái kh bằng súc vật xong h chửi con gái là sao ta . Hông lẻ bạn .....kkk,0,Nói ngta_chửi con gái kh bằng súc_vật xong h chửi con gái là sao ta . Hông_lẻ bạn .. kk
Bê đê dơ,1,Bê đê dơ
Nó học võ để giết người à ..!! Mé nó tức quá zị kkk,1,Nó học võ để giết người à .. ! !_Mé nó tức quá zị kk
coi kìa. cay nữa rồi kkkkk cay lắm.khóc it thoi con chó,2,coi kìa . cay nữa rồi kk cay lắm . khóc it_thoi con chó
khui đi coi động tr tới cỡ nào? Nếu có thì đã k đợt đến bâyh đâu tôm ơi,0,khui đi coi_động tr tới cỡ nào ? Nếu có thì đã k đợt đến bâyh đâu tôm ơi
sor ccc,1,sor cc
Cảnh giác chút,0,Cảnh_giác chút
Noi Tum lai hai thang đều ngu,2,Noi Tum_lai hai thang đều ngu
Thằng súc sinh,2,Thằng súc sinh
Hlv óc chó nhất lịch sử bdvn,2,Hlv_óc chó nhất lịch_sử bdvn
ngồi đó mà nói ngta ttkt sau này con cái mình ko thoát được cái mồm đi chơi xa của mình đâu,0,ngồi đó mà nói ngta_ttkt sau_này con_cái mình ko_thoát được cái mồm đi chơi xa của mình đâu
Lồn mẹ mày dốt quá thì dừng có live con chó ngu,2,Lồn mẹ mày dốt quá thì dừng có live con chó ngu
"Phải con trai thì đuổi kịp ,đây là cướp đường mong pháp luật vào cuộc manh mối rõ ràng hai thằng đồng bọn cam quay rõ luôn",1,"Phải con trai thì đuổi kịp , đây là cướp đường mong pháp_luật vào_cuộc manh_mối rõ_ràng hai thằng đồng_bọn cam_quay rõ luôn"
Con. Quy nay. No. Khung.nang. No ngao da.  Het. Thuoc. Chua.,2,Con . Quy_nay . No . Khung . nang . No_ngao da . Het . Thuoc . Chua .
Lê Nhân Trí Tín Lầy ghê con .,0,Lê_Nhân_Trí_Tín Lầy ghê con .
ngu như chó,1,ngu như chó
Xl cái lồn .. đụ má,2,Xl cái lồn .. đụ má
Chị ba vàng ngọc có cây đinh mọc giữa dái :)),1,Chị ba vàng ngọc có cây đinh_mọc giữa dái :))
"Tiếc ziêng là tui ngon cơm , đi chợ bình thường",0,"Tiếc ziêng là tui ngon cơm , đi chợ bình_thường"
Phạm Văn Lộc lên nghỉ?,0,Phạm_Văn_Lộc lên nghỉ ?
Thanh Trẻ Trâu đm :)),1,Thanh_Trẻ Trâu_đm :))
Vn mà,0,Vn mà
hq k còn ca nào nhiễm vì nhiễm gần hết,0,hq k còn ca nào nhiễm vì nhiễm gần hết
tl đi cu :)) cứng họng rồi hả,1,tl đi cu :)) cứng_họng rồi hả
ít nhất t dell sủa bằng mồm như m đâu,1,ít_nhất t dell sủa bằng mồm như m đâu
Sao tôi lại nghe thấy tiếng cậu vàng nhể,0,Sao tôi lại nghe thấy tiếng cậu vàng nhể
ra CA xem của ba được ko nha,0,ra CA xem của ba được ko nha
Mấy tml này trc sau gì cũng bị xe giày,2,Mấy tml này trc sau gì cũng bị xe giày
Đẹp trai k abe :v,0,Đẹp trai k abe : v
Mả cha mày súc vật,2,Mả cha mày súc_vật
Haha. Chết mẹ con Nhung rồi.,2,Haha . Chết mẹ_con Nhung rồi .
Sao sao cái mả cha m,2,Sao sao cái mả cha m
phú ông phú bà nào mà thả cái bait được nhiều người táp quá =)),0,phú ông phú bà nào mà thả cái bait được nhiều người táp quá =))
Cú lừa hoàn hảo,0,Cú lừa hoàn_hảo
Nguyễn Đức Khang chửi là bị ban mà bạn ơi,0,Nguyễn_Đức_Khang_chửi là bị ban mà bạn ơi
Ai cho lũ chống Tổ Quốc về nước? Bọn mày mơ...,2,Ai cho lũ chống Tổ_Quốc về nước ?_Bọn mày mơ ..
Xin địt mẹ mày,2,Xin địt mẹ mày
Trọng tài như l*n chết mẹ đi,2,Trọng_tài như l * n chết mẹ đi
"Dương Châu.Cô gái ĐÃ MẤT TÀI SẢN RỒI.ĐỪNG NÊN NÓI NHỮNG LỜI CAY ĐỘC."" THÁNG 5 ĐI TRƯỚC THÁNG 10 ĐI SAO"". CƯỜI NGƯỜI CHỚ KHÁ CƯỜI LÂU. CƯỜI NGƯỜI HÔM TRƯỚC - HÔM SAU NGƯỜI CƯỜI ""????",0,"Dương_Châu . Cô gái ĐÃ MẤT TÀI_SẢN RỒI.ĐỪNG_NÊN NÓI NHỮNG LỜI CAY_ĐỘC . "" THÁNG 5 ĐI TRƯỚC THÁNG 10 ĐI SAO "" . CƯỜI_NGƯỜI CHỚ KHÁ CƯỜI_LÂU . CƯỜI_NGƯỜI HÔM TRƯỚC - HÔM SAU NGƯỜI CƯỜI "" ? ?"
lũ chó chúng m ko cắn thì thôi chứ bọn t là người ai lại cắn người,2,lũ chó chúng m ko cắn thì_thôi chứ bọn t là người ai_lại cắn người
NSND TRẦN CỌP,0,NSND TRẦN_CỌP
Xin lỗi con cặt,1,Xin_lỗi con cặt
Kh biết đang côi j luôn,0,Kh biết đang côi j luôn
"Mới làm từ thiện, hôm nay đại gia cái miệng giống cái hầm cầu vậy, mã cha mầy chạy xe có ngày đâm cột điện nè",1,"Mới làm từ_thiện , hôm_nay đại_gia cái miệng giống cái hầm cầu vậy , mã cha_mầy chạy xe có ngày đâm cột điện nè"
"Không quen ,không biết thì nên giữ khoảng cách. Nhìn cách nói chuyện ối giời ơi. Bài học hay.",0,"Không quen , không biết thì nên giữ khoảng_cách . Nhìn cách nói_chuyện ối giời ơi . Bài_học hay ."
Ông này có vào ăn bao h ko nhìn quen quen Lê Lê Thị Kiều Ngân,0,Ông này có vào ăn bao_h ko nhìn quen_quen Lê_Lê_Thị_Kiều_Ngân
Câm mẹ mày đi tao thấy mệt với cái thằng dốt mà toả ra học nhiều lắm :)) đéo thèm rep nữa,1,Câm mẹ mày đi tao thấy mệt với cái thằng dốt mà tỏa ra học nhiều lắm :))_đéo thèm rep nữa
Lộc bắn nha yogut,0,Lộc bắn nha yogut
Cực kì thuyết phục ☺,0,Cực_kì thuyết_phục ☺
"Do then hlv qua ngu thoi,ca tran ko 1 cu sut,tien toi wc kkkk,thay nguoi ngu bo me,co hoang duc va ho tan tai hom qua eo thua,sa thai no di,then hlv ngu ngoc nhat",1,"Do then_hlv qua ngu_thoi , ca tran ko 1 cu sut , tien toi wc kk , thay nguoi ngu bo_me , co hoang_duc va_ho tan_tai hom qua eo_thua , sa_thai no di , then_hlv ngu ngoc nhat"
Đổi cái avt đi trông bẩn vl,1,Đổi cái avt đi trông bẩn vl
xin chào anh em,0,xin chào anh_em
"Thằng add chắc đầu mày toàn cứt ko á.! Đúng là ""Ngu có gia phả"" mà.!",2,"Thằng add chắc đầu mày toàn cứt ko á . ! Đúng là "" Ngu có gia_phả "" mà . !"
vn thi deo no no cho trung Quốc bon dien,2,vn thi deo no_no cho trung_Quốc bon_dien
Gần bước sang tháng mới rồi rốt cuộc cả công ty không liên hệ được hả :)))) Hay chỉ nói mõm thôi để biết khỏi hóng nữa nè,1,Gần bước sang tháng mới rồi rốt_cuộc cả công_ty không liên_hệ được hả_:)) Hay chỉ nói mõm thôi để biết khỏi hóng nữa nè
Thu phí tiền bãi Nhưng để xe như cỏ rác lụm tiền thì nhanh chớ ói tiếng thì đừng mong nhé,0,Thu phí tiền bãi Nhưng để xe như cỏ rác lụm tiền thì nhanh chớ ói tiếng thì đừng mong nhé
Ghê tởm con bóng già 😡😡,2,Ghê tởm con bóng già 😡 😡
xem ở coffee mà khánh nhìn quá tr :))),0,xem ở coffee mà khánh nhìn quá tr :))
"May mà đã cho HS nghỉ học, chỉ cần 1 hs có gia đình bị lây thôi là toang tất cả.",0,"May_mà đã cho HS nghỉ học , chỉ cần 1 hs có gia_đình bị lây thôi là toang tất_cả ."
Chị ba vàng là chị chó phèn ak haha,1,Chị ba vàng là chị chó phèn ak haha
thg cha con đỹ mẹ m tao nắc nè lo mua hòm chôn đi tao nắc chết thg cha m r còn con đỹ mẹ m tao để ché nắc đẻ ra em mày đó,2,thg cha_con đỹ mẹ m tao nắc nè lo mua hòm chôn đi tao nắc chết thg cha m r còn con đỹ mẹ m tao để ché_nắc đẻ ra em mày đó
"Nhà mặt tiền cái l*n, mặt l*n thì có",2,"Nhà mặt_tiền cái l * n , mặt l * n thì có"
Sorry cái đb,1,Sorry cái đb
Đào Hà Văn Rinaky Cn anh chị ơi cẩn thận nhé ạ,0,Đào Hà_Văn_Rinaky Cn anh_chị ơi cẩn_thận nhé ạ
"Chị yên tâm, chị mất cái này thì ông trời cho chị lại cái khác, còn 3 thằng chó đó, người nhà,con cái hắn phải gánh nghiệp, rồi hắn cũng bị xe hắn cán bẹt não",2,"Chị yên_tâm , chị mất cái này thì ông trời cho chị lại cái khác , còn 3 thằng chó đó , người_nhà , con_cái hắn phải gánh_nghiệp , rồi hắn cũng bị xe hắn cán bẹt não"
"Đm, bực bội tức tối, cay cú rồ người lên rồi mà ko dc cất lời ca, xả cơn tức thì khác éo gì ngậm .c..Ức vẫn thấy thơm,",1,"Đm , bực_bội_tức tối , cay_cú rồ người lên rồi mà ko dc cất lời ca , xả cơn tức_thì khác éo gì ngậm . c .._Ức vẫn thấy thơm ,"
chả thế lúc ăn lại chả gáy bẩn vãi lz,1,chả thế lúc ăn lại chả_gáy bẩn vãi lz
"tao không biết lũ nam kì m như nào, rủa ít thôi",2,"tao không biết lũ nam kì m như nào , rủa ít thôi"
mày bị đần à?? =))))),2,mày bị đần à ? ? =))
ông qua nói nó nói t làm gì,0,ông qua nói nó nói t làm gì
xin vĩnh biệt cụ,0,xin vĩnh_biệt cụ
mặt cặc m á lồn trọng tài đụ mẹ bắt như cc,2,mặt cặc m á_lồn trọng_tài đụ mẹ bắt như cc
Ông ấy đã trở lại và lợi hại hơn bội phần,0,Ông ấy đã trở_lại và lợi_hại hơn bội_phần
sao nói dệ,0,sao nói dệ
Yêu cầu pháp luật nhà nc quét sạch truyệt để cái lủ này vô tù hết cho nhân vân yên ổn lm ăn phát truyển cho xã hội,1,Yêu_cầu pháp_luật nhà nc quét sạch_truyệt để cái lủ này vô tù hết cho nhân_vân yên_ổn lm ăn phát_truyển cho xã_hội
"Trọng tài Bán Độ,mắt bị mù cần thiết ra sân phải đeu cái kính cho nhìn rõ vào",1,"Trọng_tài Bán_Độ , mắt bị mù cần_thiết ra sân phải đeu cái kính cho nhìn rõ vào"
lớn quá ko a,0,lớn quá ko a
"đúng r phải bắt nó phạt nặng vào vì đã tiêm vào giới trẻ tư tưởng bỏ con , phản bội ae bạn bè , ....",1,"đúng r phải bắt nó phạt nặng vào vì đã tiêm vào giới trẻ tư_tưởng bỏ con , phản_bội ae bạn_bè , .."
"haha chúng nó tính thoát trung bằng các chui vào rọ Mỹ =)) thoát thoát cái cm mấy thằng phản động , não chó bày đặt chê bai",2,"haha chúng_nó tính thoát trung_bằng các chui vào rọ Mỹ =))_thoát thoát cái cm mấy thằng phản_động , não chó bày đặt chê bai"
Nhanh chí nhìn biển số xe Hai thằng đó,0,Nhanh_chí nhìn biển số xe Hai thằng đó
chúc mừng cả gia đình mắt lé đi tò,1,chúc_mừng cả gia_đình mắt lé đi tò
Đồng bọn,0,Đồng_bọn
Xin lỗi cứt chó gì,1,Xin_lỗi cứt chó gì
MTP hơn jack nhiều nhé,0,MTP hơn jack nhiều nhé
"Thớt óc chó, dư lợn viên ăn cám heo, con bò đỏ ngu si..thằng đàn ông rẻ tiền mất dạy..1 con người khốn nạn..",2,"Thớt_óc chó , dư lợn_viên ăn cám heo , con bò đỏ ngu si .. thằng đàn_ông rẻ_tiền mất dạy .. 1 con_người khốn_nạn .."
Iu,0,Iu
Dell cần loại súc vật như mày,2,Dell cần loại súc_vật như mày
bồi cho cái cc nhá,1,bồi cho cái cc nhá
Abe lớn thật ròii ông giáo ạ,0,Abe lớn thật ròii ông giáo ạ
được ông :))),0,được ông :))
Bỏ cái tôi đi thì cũng ok thôi,0,Bỏ cái tôi đi thì cũng ok thôi
Thắm thối lồn viết văn dài quá. Cần địt gì để ý cái bọn ko biết gì . :)))),2,Thắm thối lồn viết văn dài quá . Cần_địt gì để_ý cái bọn ko biết gì . :))
nữa đêm coi cuời ẻ https://facebook.com/l.php?u=l-fb.co/profile/id-100934216506881,0,nữa đêm coi cuời ẻ https://facebook.com/l.php?u=l-fb.co/profile/id-100934216506881
Hướng Dương lên google search Tim Cook nó cho hàng nghìn kết quả nhé.,0,Hướng_Dương lên google search Tim Cook nó cho hàng nghìn kết_quả nhé .
Đã bán xôi rồi mà nó ko tha,0,Đã bán_xôi rồi mà nó ko tha
Đây mới là người có bản lĩnh thực sự 👍,0,Đây mới là người có bản_lĩnh thực_sự 👍
sau có con thì nó hỏi sao xưa bố đánh mực ngu bị ngta chửi nhiều thế !! mà chắc lol gì loại m lấy đc vợ,2,sau có con thì nó hỏi sao xưa bố đánh mực ngu bị ngta_chửi nhiều thế ! ! mà chắc_lol gì loại m lấy đc vợ
cái loại mày ngang lắm Con ạ về bảo bố mẹ dậy bắt bố đời lại địt cụ thằng mắt lá dăm,1,cái loại mày ngang lắm Con ạ về bảo bố_mẹ dậy bắt bố_đời lại địt cụ thằng mắt lá dăm
Thuyết cực kì phục,0,Thuyết cực kì_phục
trọng tài đẹp trai quá,0,trọng_tài đẹp_trai quá
Bởi ta nói nhìn mini map nó quan trọng mà nhìn mini map là xử lí khác r,0,Bởi ta nói nhìn mini map nó quan_trọng mà nhìn mini_map là xử_lí khác r
Nãy h yên bình quá..Ko thấy đóm táp nhỉ,1,Nãy h yên_bình quá .. Ko thấy đóm_táp nhỉ
tôi có xem ông đi rừng Hacerim 2/17 rank Vàng rồi ạ. Thật là bái phục,0,tôi có xem ông đi rừng Hacerim_2/17 rank_Vàng rồi ạ . Thật là bái_phục
Vcl fb fake mà các bố cmt nhưu thật sợ vcl,0,Vcl fb fake mà các bố cmt nhưu thật sợ vcl
"Đa số bố mẹ lao vào kiếm tiền bất chấp cả gian dối , tham nhũng thì con nó cũng bất chấp vì tiền. Thay bằng kiếm tiền xứng đáng và giành thời gian tình cảm cho con thì con nó cũng vì bố mẹ.... cha nào con lấy. Công bằng thôi chỉ là khôn dại đồng tiền loá mắt",1,"Đa_số bố_mẹ lao vào kiếm tiền bất_chấp cả gian_dối , tham_nhũng thì con nó cũng bất_chấp vì tiền . Thay bằng kiếm tiền xứng_đáng và giành thời_gian tình_cảm cho con thì con nó cũng vì bố_mẹ .. cha nào con lấy . Công_bằng thôi chỉ là khôn_dại đồng_tiền lóa mắt"
còn . Mẹ MX thằng chó ông bà già MX dcm cái lollll vợ MX ... ông bà già MX chết hát,2,còn . Mẹ MX thằng chó ông_bà già MX_dcm cái loll vợ MX .. ông_bà già MX chết hát
cố lên,0,cố lên
Bài này k hay lắm,0,Bài này k hay lắm
Hỏi thật là ông có thấy nhục không? Cầm đồng lương từ tiền của nhân dân VN ông không biết xấu hổ với lương tâm à?,0,Hỏi thật là ông có thấy nhục không ?_Cầm đồng_lương từ tiền_của nhân_dân VN ông không biết xấu_hổ với lương_tâm à ?
đcm bọn ăn cháo đá bát,2,đcm bọn ăn cháo đá bát
Người ta nghèo mới buôn bán nhỏ lẻ nay bị lừa mất xe vẫn không yên với mấy đứa óc toàn cứt.,2,Người ta nghèo mới buôn_bán nhỏ_lẻ nay bị lừa mất xe vẫn không yên với mấy đứa óc toàn cứt .
Đưa nó vào nam đi cho nó gặp toàng người quen,0,Đưa nó vào nam đi cho nó gặp toàng người quen
Lợi clmn chứ lợi,1,Lợi clmn chứ lợi
Nản ngực giá bao nhiêu vậy chị,0,Nản ngực giá bao_nhiêu vậy chị
lên đây tifm nhau đê,0,lên đây tifm nhau đê
Ôi bố cái lũ thanh niên hãm lol. Đẹp mặt quá 😒😒,2,Ôi bố cái lũ thanh_niên hãm_lol . Đẹp mặt quá 😒 😒
ko thêm cánh cụt thì mai đổi cccd thành Linh single mom mất:),0,ko thêm cánh_cụt thì mai_đổi ccd thành Linh_single mom mất :)
"xin lỗi đc cái j,NGHĨ ĐIIIII",0,"xin_lỗi đc cái j , NGHĨ ĐII"
From Mixi With Love ❤!,0,From Mixi_With Love_❤ !
Bọn này còn biết đến ai khổ ai đau đớn,1,Bọn này còn biết đến ai khổ ai đau_đớn
Ông nên thay đổi triết lí tấn công sang phòng ngự thật chặt chẽ thay đổi tư Duy đa dạng trong cách chơi sử dụng 5 hậu vệ và bà vệ tiền vệ trung tâm mới hay giúp cho đôi tuyển Việt Nam chơi hay hơn,0,Ông nên thay_đổi triết_lí tấn_công sang phòng_ngự thật chặt_chẽ thay_đổi tư_Duy đa_dạng trong cách chơi sử_dụng 5 hậu_vệ và bà vệ tiền_vệ trung_tâm mới hay giúp cho đôi tuyển Việt_Nam chơi hay hơn
đcm m,1,đcm m
"Lời nghe và hiểu đc 2 câu, chắc t phải học lại trình NGHE - HIỂU lớp 1 😨😨😨",0,"Lời nghe và hiểu đc 2 câu , chắc t phải học lại trình NGHE - HIỂU lớp 1 😨 😨"
má ác thế,0,má ác thế
mài có óc để suy nghĩ ko add? cái đồng băng đó mài tính đào hồ bnhiu cho đủ hả thằng ngu?,2,mài có óc để suy_nghĩ ko_add ? cái đồng băng đó mài tính đào hồ bnhiu cho đủ hả thằng ngu ?
"Bọn cặn bã của xã hội,ko làm đòi ă ngọn,tốt nhất ăn cứt mà sống đừng có đi lừa đảo người lành",2,"Bọn cặn_bã của xã_hội , ko làm đòi ă ngọn , tốt nhất ăn_cứt mà sống đừng có đi lừa_đảo người lành"
Giọng phải giả như con nít giống như vừa nói vừa ngậm nguyên cái cc. Trích từ bài hát của ai đó,0,Giọng phải giả như con_nít giống như vừa nói vừa ngậm_nguyên cái cc . Trích từ bài hát của ai đó
Sao k mổ cho thằng bố con mẹ lão bác sĩ chết ra đấy rồi bảo đúng quy trình? Địt mẹ chúng mày lũ sâu mọt thối nát.,2,Sao k mổ cho thằng bố_con mẹ lão bác_sĩ chết ra đấy rồi bảo đúng quy_trình ?_Địt mẹ chúng_mày lũ sâu_mọt thối nát .
Dã man quá,0,Dã_man quá
":))) vl t có phải đóm đâu, m ngoo à",1,":)) vl t có phải đóm đâu , m ngoo à"
ngu chết mẹ đi,2,ngu chết mẹ đi
"Việt Nam có văn hóa từ chức, hãy để cho bộ mặt đẹp trước khi về nhà ông nhé",0,"Việt_Nam có văn_hóa từ_chức , hãy để cho bộ_mặt đẹp trước khi về nhà ông nhé"
"ngài ngầu ác, chiến dữ z",0,"ngài ngầu_ác , chiến_dữ z"
có cái nút unlike mà bấm rồi phắn cmmd,1,có cái nút unlike mà bấm rồi phắn cmmd
con chó,1,con chó
Nhị Thắng cực địt lol mẹ mày,2,Nhị_Thắng cực địt lol mẹ mày
mầy là thằng trọng tài khốn nhất thế giới do thằng kia,2,mầy là thằng trọng_tài khốn_nhất thế_giới do thằng kia
"có ai biết làm cách nào để tìm lại được, đồng đội, đồng chí, hay bạn hữu cùng đơn vị của người trong bức ảnh không.",0,"có ai biết làm cách nào để tìm lại được , đồng_đội , đồng_chí , hay bạn_hữu cùng đơn_vị của người trong bức ảnh không ."
r là hiền dữ chưa hả mấy con nhặng đ ít phát sáng,2,r là hiền_dữ chưa hả mấy con nhặng đ ít phát sáng
Thiện chí trong các việc liên hệ .Nhưng vợ con lại của mình lại ko đc như vậy,0,Thiện_chí trong các việc liên_hệ . Nhưng vợ_con lại của mình lại ko_đc như_vậy
ở VN có bọn dư luận viên ăn tiền tài trợ từ TQ. Chấp nhận kiếp sống chó săn :),2,ở VN có bọn dư_luận_viên ăn_tiền tài_trợ từ TQ. Chấp_nhận kiếp sống chó săn :)
1 đòn nữa thui mà còn cố nhây thì chấp nhận thui,0,1 đòn nữa thui mà_còn cố_nhây thì chấp_nhận thui
Bóng dơ,1,Bóng dơ
Sorry cc m,1,Sorry cc m
Hot girl?? Đáng ra phải là pónk dơ chứ nhỉ???,1,Hot girl ? ?_Đáng ra phải là pónk_dơ chứ nhỉ ? ?
Kazuki Kiya haha. Hồng Nhan đéo phải làm với thằng katm. Cái đơn giản nhất mày còn sai nói chi mấy cái phức tạp,1,Kazuki Kiya_haha . Hồng Nhan_đéo phải làm với thằng katm . Cái đơn_giản nhất mày còn sai nói chi mấy cái phức_tạp
Nghiệp đến nhanh lắm,1,Nghiệp đến nhanh lắm
@Bé Hoan Banana ?,0,@ Bé Hoan_Banana ?
Ngu người,1,Ngu người
"Lại Ngọc Tuyền Phúc FB thằng ml đây r ae ! Ae uốn lưỡi, buông lời đi =))))",1,"Lại_Ngọc_Tuyền Phúc_FB thằng ml đây r ae !_Ae uốn_lưỡi , buông lời đi =))"
Choán hông 😌,0,Choán hông 😌
Bảo khoe mới khoe chứ không phải cố tình đâu nhé 😌,0,Bảo khoe mới khoe chứ không phải cố_tình đâu nhé 😌
"Bất cần đời, but cần em :3",0,"Bất_cần đời , but cần em : 3"
ông kêu không binh ai xong đi chửi thằng Quyền thảo mai đểu xong kêu thằng Mực tồ tồ nên dễ bị dắt ? Wtf ông Ms là người cần đọc lại đấy ?,1,ông kêu không binh ai xong đi chửi thằng Quyền thảo_mai đểu xong kêu thằng Mực tồ tồ nên dễ bị dắt ?_Wtf ông Ms là người cần đọc lại đấy ?
"thì đã nói rồi. thế giới người ta có mỏ bạc, mỏ vàng mỏ kim cương. còn việt nam có mỏ lồn là hay :3",1,"thì đã nói rồi . thế_giới người ta có mỏ bạc , mỏ vàng mỏ kim_cương . còn việt_nam có mỏ lồn là hay : 3"
Quang Quang Tường cãi lộn cát không,0,Quang_Quang_Tường cãi_lộn cát không
"Ko so với mấy nước trong khu vực đi thằng cha mày, cái cc j cx nói đc, nghĩ mình thông minh thâm thuý à:))",2,"Ko so với mấy nước trong khu_vực đi thằng_cha mày , cái cc j cx nói đc , nghĩ mình thông_minh thâm_thúy à :))"
ý là mình già r đó cô=)),0,ý là mình già r đó cô =))
có ck rồi còn muốn làm single mom nữa hả ní,0,có ck rồi còn muốn làm single_mom nữa hả ní
Bắt được bọn này lấy kim chọc mù hai mắt rồi thả,2,Bắt được bọn này lấy kim chọc mù hai mắt rồi thả
Biết sao thua ko do ko đánh nhà cứ Q xong thua cứ ơ ơ thôi còn kêu nó đánh chết thì đánh thường 1 cái là hồi máu r cứ háu chiến thì thua thôi ez,0,Biết sao thua ko do ko đánh nhà cứ Q xong thua cứ ơ_ơ thôi còn kêu nó đánh chết thì đánh thường 1 cái là hồi máu_r cứ háu_chiến thì thua thôi ez
dkm toàn acc fake,1,dkm toàn acc fake
anh này chơi game hay quá :)),0,anh này chơi game hay quá :))
Uyên Thu tag chị mình vào này,0,Uyên Thu_tag chị mình vào này
Ngọc Bình Má đó hài thiệc,0,Ngọc_Bình_Má đó hài_thiệc
Ngheo mà yên bình là đc. Tao nói riết giờ thấy uổng công. Tao cứ ở nc ngoài ngồi cười khì khì coi tụi bây đống vài thứ thuế ba láp. Ăn đồ ăn hoá chất. Ra đường thi trộm cướp. Uhm yên bình đi tụi mày ạ. Thấy đất nc xây nhiều cao tầng là thấy phát triễn. Tụi ngu ạ tiền vay ODA ấy con ạ. Rồi đời con cháu chúng mày sẽ trả há há.,2,Ngheo mà yên_bình là đc . Tao nói riết giờ thấy uổng_công . Tao cứ ở nc ngoài ngồi cười khì_khì coi tụi bây đống vài thứ thuế ba láp . Ăn đồ_ăn hóa_chất . Ra đường thi trộm_cướp . Uhm yên_bình đi tụi mày ạ . Thấy đất nc xây nhiều cao_tầng là thấy phát triễn . Tụi ngu ạ tiền vay ODA ấy con ạ . Rồi đời con_cháu chúng_mày sẽ trả há há .
sự thật thì mất lòng-)),0,sự_thật thì mất lòng - ) )
hhhhaâ t cười ỉa hhhh Bố m ra trường từ lúc m bú sữa mẹ rồi Chắt mỗi m biết đi làm mà thể hiện gì v em?,2,hhaâ t cười ỉa_hh Bố m ra trường từ lúc m bú sữa mẹ rồi Chắt mỗi m biết đi làm mà thể_hiện gì v em ?
ngu =]],1,ngu = ] ]
thuyết phục cực kỳ,0,thuyết_phục cực_kỳ
cay là gì v,0,cay là gì v
Jack còn văn minh với uy tín à,0,Jack còn văn_minh với uy_tín à
"Nguyễn Lê Vĩnh Hưng vấn đề là chọn cầu thủ ở đâu! thế hệ vàng VN đã qua rồi, bớt sống ảo tưởng lại cái.",1,"Nguyễn_Lê_Vĩnh_Hưng vấn_đề là chọn cầu_thủ ở đâu ! thế_hệ vàng VN đã qua rồi , bớt sống ảo_tưởng lại cái ."
Phương Yếncho mình xin cái đơn mình bồi thường nè huhu sợ quá,0,Phương Yếncho mình xin cái đơn mình bồi_thường nè huhu sợ quá
Chả bù cho K-ATM tí nào😩,1,Chả bù cho K-ATM_tí nào 😩
hhhh nguuu bị ng khác chửi còn k khôn ra,1,hh nguu bị ng khác chửi còn k khôn ra
Chết,1,Chết
Chắc ti vi hỏng rồi... chứ thắng hay thua chả ảnh hưởng đến KT nhà mình...mai không cày là treo niêu,0,Chắc_ti vi_hỏng rồi .. chứ thắng hay thua chả ảnh_hưởng đến KT nhà mình .. mai không cày là treo niêu
to đầu rồi mà ngu vl :)),2,to đầu rồi mà ngu vl :))
cái acc đó h mới lên bk 1 à=)) chậm vãi cc z,1,cái acc đó h mới lên bk 1 à =)) chậm_vãi cc z
Clm nó dơ như chó rách,1,Clm nó dơ như chó rách
Trần Nhật 🙂 m đọc lại cmt xem t ns đúng hay sai mà m ns t như con bò ở quê m,1,Trần_Nhật 🙂 m đọc lại cmt xem t ns đúng hay sai mà m ns_t như con bò ở quê m
"con óc chó gà vườn, trình m tuổi đếch gì đòi mở mồm?",2,"con óc chó gà vườn , trình m tuổi_đếch gì đòi mở mồm ?"
"Các bạn đọc thông cảm bme của tg ad đi gặm xương rồi, k mang nó theo nên nó xàm lồn, ngồi liếm cứt của bọn Bốc Bãi Cứt ra ăn đấy",2,"Các bạn_đọc thông_cảm_bme của tg ad đi gặm xương rồi , k mang nó theo nên nó xàm_lồn , ngồi liếm_cứt của bọn Bốc Bãi_Cứt ra ăn đấy"
Một xã hội thối nát lam con người thành súc vật,2,Một xã_hội thối nát_lam con_người thành súc_vật
"Già xóa mẹ game đi già, già khóc lóc nhiều quá trẻ con nó khinh. Già ngu vl già ạ",2,"Già xóa mẹ game đi già , già khóc_lóc nhiều quá trẻ_con nó khinh . Già ngu vl già ạ"
Ngọc Yên con cak:),1,Ngọc_Yên con cak :)
Đợi đó nó bồi thường có khi xe tốt còn bị mất phụ tùng nữa đấy,0,Đợi đó nó bồi_thường có_khi xe tốt còn bị mất phụ_tùng nữa đấy
":))) ng nổi tiếng mà cty thằng rách làm như dân đen muốn gặp là gặp, giờ lấy tiền bịt mõm thằng Vr lại thôi chứ dám kiện tụng gì",0,":)) ng nổi_tiếng mà cty thằng rách làm như dân đen muốn gặp là gặp , giờ lấy tiền bịt mõm thằng Vr lại thôi chứ dám kiện_tụng gì"
"Xử thật mạnh tay cha con nhà này, xã hội mà tồn tại những người thế này thì loạn mất.",1,"Xử thật mạnh_tay cha_con nhà này , xã_hội mà tồn_tại những người thế_này thì loạn mất ."
Lê Luân đừng so sánh lương. Mà hãy so sánh quyền lực và lợi ích. Làm cty tư nhân là người lao động không có quyền lực . Còn làm nhà nước là con cháu các quan chức có quyền lực và nắm trong tay nguồn lực của địa phương vả quốc gia. Vì vậy một người hưởng lương do công sức lao động của mình và một người hưởng lợi ích từ toàn bộ dân địa phương hoặc quốc gia gom lại thì tiền của ai nhiều hơn????,0,Lê_Luân_đừng so_sánh lương . Mà hãy so_sánh quyền_lực và lợi_ích . Làm cty tư_nhân là người lao_động không có quyền_lực . Còn làm nhà_nước là con_cháu các quan_chức có quyền_lực và nắm trong tay nguồn_lực của địa_phương_vả quốc_gia . Vì_vậy một người hưởng lương do công_sức_lao_động của mình và một người hưởng lợi_ích từ toàn_bộ dân địa_phương hoặc quốc_gia gom lại thì tiền của ai nhiều hơn ? ?
5C và 5Đ,0,5C và 5 Đ
Nghe rất là vô sinh nhưng lại có bầu :)))),0,Nghe rất là vô_sinh nhưng lại có bầu :))
Tôi rất hoan nghênh tinh thần vượt khó của 1 trọng tài mù,0,Tôi rất hoan_nghênh tinh_thần vượt khó của 1 trọng_tài mù
Tìm bắt luôn hai đứa trên xe là ra thằng kia..,0,Tìm bắt luôn hai đứa trên xe là ra thằng kia ..
Đúng là trọng tài bá dơ,1,Đúng là trọng_tài bá dơ
thế làm kèo show cmnd không cu em,0,thế làm kèo show cmnd không cu em
sống chó. Bỏ con. Ăn cháo đá bát như thằng dáck thì ...,2,sống chó . Bỏ con . Ăn cháo đá bát như thằng dáck thì ..
gáy cho cố xong solo thua ngta cay vcl.conten cái lol má m kkkkk :))))) ngu nói mẹ là ngu đi :))) vuầ gửi link của thằng cha khuyết tật nhà m solo thua đó.m coi chưa :))),2,gáy cho cố xong solo thua ngta cay vcl.conten cái lol má m kk :))_ngu nói mẹ là ngu đi :))_vuầ gửi link của thằng_cha khuyết_tật nhà m solo_thua đó . m coi chưa :))
TAnh Mạc fan rách cay quá chửi tùm lum,1,TAnh Mạc_fan rách_cay quá chửi tùm lum
Thằng này ngộ không giả nha,0,Thằng này ngộ không giả_nha
Minh hiếu có cặt linh cá lóc có lồn 2 đua bay loạn luan di kiếm đứa con nuoi,2,Minh_hiếu có cặt_linh cá_lóc có lồn 2 đua bay_loạn luan di_kiếm đứa con nuoi
Tôi thấy ông Troussier nên ở ẩn thì tốt hơn cho tất cả nền bóng đá thế giới,0,Tôi thấy ông Troussier nên ở ẩn thì tốt hơn cho tất_cả nền bóng_đá thế_giới
Địt con mẹ mày,2,Địt con mẹ mày
CÔN ĐỒ CỤC SÚC VÔ NHÂN TÍNH ĐỀ NGHI VN. NHÀ NƯỚC VN BAN THƯỞNG.,2,CÔN_ĐỒ CỤC_SÚC VÔ_NHÂN_TÍNH ĐỀ_NGHI_VN. NHÀ_NƯỚC VN BAN_THƯỞNG .
bạch kim cx ngồi sủa đc,1,bạch_kim cx ngồi sủa đc
I love you 3000,0,I love you 300
Dkm con chó,2,Dkm con chó
len rank ct dct đi gap nhau nào,0,len rank ct dct đi gap nhau nào
Ko nhận hối lộ,0,Ko nhận hối_lộ
tkg đần duy nhất là tkg Kiệt đang nghĩ mình b’ tuốt. Đ’ hiểu ch trõ mõm vào vc ng khác,2,tkg đần duy_nhất là tkg_Kiệt đang nghĩ mình b ’ tuốt . Đ ’ hiểu ch trõ mõm vào vc ng khác
Thằng ad page nào đúng là Óc Chó 😒,2,Thằng ad page nào đúng là Óc_Chó 😒
"Xã hội bây giờ cứ dàn cảnh như này biết tin ai, 2 thanh niên chắc giả vờ lại hỏi han gì cô này tốt bụng tl phân tâm mất cảnh giác…thương",0,"Xã_hội bây_giờ cứ dàn_cảnh như này biết tin ai , 2 thanh_niên chắc giả_vờ lại hỏi_han gì cô này tốt_bụng tl phân_tâm mất cảnh_giác … thương"
Xem bực mình thêm,0,Xem bực_mình thêm
Anh dột mức,1,Anh dột mức
Giọng bạn nữ làm tôi,0,Giọng bạn nữ làm tôi
hhhhh nhìn cách nc biết trẩu 2k8 rồi,1,hh nhìn cách nc biết trẩu 2 k8 rồi
Bác sĩ chữa khỏi bệnh cho một người trả tiền cho bệnh viện nó khác.,0,Bác_sĩ chữa khỏi bệnh cho một người trả tiền cho bệnh_viện nó khác .
Philippe Troussier hãy từ chức! Ông đã phá nát đội tuyển bóng đá nam Việt Nam rồi!,0,Philippe Troussier hãy từ_chức !_Ông đã phá nát đội_tuyển bóng_đá nam Việt_Nam rồi !
"anh jack ảnh đần ác, cay",2,"anh jack ảnh đần_ác , cay"
Occho sân cỏ,1,Occho sân cỏ
đcm,1,đcm
Sao thấy thằng Vàng trong đây,0,Sao thấy thằng Vàng trong đây
rank m đâu r cu?,0,rank m đâu r cu ?
nhiều khi ngu quá nên fan rách cũng đéo biết sai mà mù quáng bú nó,2,nhiều khi ngu quá nên fan_rách cũng đéo biết sai mà mù quáng bú nó
Nhiều ng tán dương thế,0,Nhiều ng_tán dương_thế
Ngao ngán thanh niên bây giờ không làm mà thích có ăn của thiên hạ Mình sức dài vai rộng tay chân còn mà sao không sống đàn hoàn một chút,1,Ngao_ngán thanh_niên bây_giờ không làm mà thích có ăn của thiên_hạ Mình sức dài_vai rộng tay_chân còn mà sao không sống đàn hoàn một_chút
Tú Trinh Đen quá mới dính 😤,0,Tú Trinh_Đen quá mới dính 😤
Vương Thiên cơ hội đây r,0,Vương_Thiên_cơ_hội đây r
Lê Trángg sờ vào bố nó nên nó cắn ghê thật,1,Lê_Trángg_sờ vào bố nó nên nó cắn ghê thật
"chất tướng thì con này đang out meta nhìn vào mùa này là bt sân chơi của pháp sư ,ôg này đánh mãi con mực thì smurf kiểu gì ,Đct mà đánh đúng 1 con",0,"chất_tướng thì con này đang out meta nhìn vào mùa này là bt sân_chơi của pháp_sư , ôg này đánh mãi con mực thì smurf kiểu gì , Đct mà đánh đúng 1 con"
coppy anh3 clmm tao rip chet me may,2,coppy anh3 clmm tao rip chet me may
"Kỹ năng thì như cac bày đặt viết cap ""chiều lòng anti"". Đúng là đã n g u còn thêm cả cái xàm lon",2,"Kỹ_năng thì như cac_bày đặt viết cap "" chiều lòng anti "" . Đúng là đã n g u còn thêm cả cái xàm lon"
Mày chửi đi ad . Đúng nghề chửi đấy,1,Mày chửi đi ad . Đúng nghề chửi đấy
ngủ làm sao đc khi bh là csgo time chứ :)),0,ngủ làm_sao đc khi bh là csgo time chứ :))
Mô phật :)))))) Trâm Mai Phương Mai Khánh Ly Thủy Tiên,0,Mô phật :))_Trâm Mai_Phương_Mai_Khánh_Ly Thủy_Tiên
@Đạt Henry 0774679582 zalo mình nhaaa,0,@ Đạt Henry 0774679582 zalo mình nhaa
????,0,? ?
Cái mặt con bò biểu cảm vãi haha.... đhs tự nhiên thèm thịt bò khô,2,Cái mặt con bò biểu_cảm vãi haha .. đhs tự_nhiên thèm thịt bò khô
Đi đá giải ao làng,0,Đi đá giải ao làng
uy tín chó gì bọn độc tài,2,uy_tín chó gì bọn độc_tài
Người có tiền mặc gì chả đẹp,0,Người có tiền mặc gì chả đẹp
T mà gặp m đi t giết m đấy con chó,2,T mà gặp m đi t giết m đấy con chó
"Trư Bát Giới bạn ơi, nó cố tình uống hạ sốt,khai gian thì bố cụ ô kiểm tra yte ở sân bay biết dc à??? ko thể tha thứ cho con chó này dc.",2,"Trư Bát_Giới bạn ơi , nó cố_tình uống hạ_sốt , khai_gian thì bố cụ ô kiểm_tra yte ở sân_bay biết dc à ? ? ko_thể tha_thứ cho con chó này dc ."
Không biết VFF có vào xem bình luận không. Hay là giả điếc như không biết gì nhỉ …,0,Không biết VFF có vào xem bình_luận không . Hay_là giả_điếc như không biết gì nhỉ …
"Thầy lồn được cái sủa dơ, yêu thầy <3",2,"Thầy lồn được cái sủa dơ , yêu thầy <3"
"fake con mẹ mày, report ae ơi",1,"fake con mẹ mày , report ae ơi"
"Không nha,coi ông này đỡ buồn hẳn=)))))",0,"Không nha , coi ông này đỡ buồn hẳn =))"
Cũng chỉ vì luật pháp không nghiêm...... Đề nghị tăng hình phạt lên mức cao nhất,0,Cũng chỉ vì luật_pháp không nghiêm .. Đề_nghị tăng hình_phạt lên mức cao nhất
"i do chính quyền không thắt chặt kiểm soát. Phải lập thành nhiều đội làm mồi giả bộ nai tơ, trang bị bộ đàm không giây để liên lạc khi chứng đến. nhử bọn này đến ăn cắp, bên trong nhảy ra tóm trọn cả đám",0,"i do chính_quyền không thắt chặt kiểm_soát . Phải lập thành nhiều đội làm mồi giả_bộ nai_tơ , trang_bị bộ_đàm không giây để liên_lạc khi chứng đến . nhử bọn này đến ăn_cắp , bên trong nhảy ra tóm_trọn cả đám"
Bắt được phạt hành chính thôi,0,Bắt được phạt hành_chính thôi
bồi thường 5 củ nhé,0,bồi_thường 5 củ nhé
"Nguyễn Thị Thủy Tiên miễn là vẫn có tiền trả cho nhân viên thì ngta vẫn làm, nhưng những chỗ khác ko có tiền trả lương thì phải chịu rồi",0,"Nguyễn_Thị_Thủy_Tiên miễn_là vẫn có tiền trả cho nhân_viên thì ngta vẫn làm , nhưng những chỗ khác ko có tiền trả lương thì phải chịu rồi"
"Nghe chán, ko cuốn như mất bài trước.",0,"Nghe chán , ko cuốn như mất bài trước ."
"Anh dần lên sóng nhiều chút,,,chứ ở nhà ko đi đâu buồn quá",0,"Anh dần lên sóng nhiều chút , , chứ ở nhà ko đi đâu buồn quá"
Thuong con qua .neu nha con ngheo xin manh thuong quan giup do cho xon tien mua xe khat .xin cam on .,0,Thuong con qua . neu nha con ngheo xin_manh thuong quan_giup do cho xon tien mua xe khat . xin cam_on .
Xem ngay hậu trường cực hiếm của cô Minh Hiếu : https://www.facebook.com/ComeOut.BuocRaAnhSang,0,Xem ngay hậu_trường cực_hiếm của cô Minh_Hiếu : https://ww.facebook.com/ComeOut.BuocRaAnhSang
"Mất dạy, làm trọng tài kiểu j z",1,"Mất dạy , làm trọng_tài kiểu j z"
kệ tổ nhà chúng nó chứ mắc mớ gì thế,1,kệ tổ nhà chúng_nó chứ mắc_mớ gì thế
Ai kêu không đóng phạt ngay để lâu ngày thì vậy,0,Ai kêu không đóng phạt ngay để lâu ngày thì vậy
Làm đến nơi luôn nha,0,Làm đến_nơi luôn nha
đã cay lordai đăng lên bị chửi thối đầu mà công nhận vừa chủ quan vừa ngu =)))),1,đã cay lordai đăng lên bị chửi thối đầu mà công_nhận vừa chủ_quan vừa ngu =))
Dcm mày cút về nước đi,2,Dcm mày cút về nước đi
dr phải bắt nó xin lỗi vợ nó vì bỏ con,1,dr phải bắt nó xin_lỗi vợ nó vì bỏ con
Đồng bọn cả,0,Đồng_bọn cả
người ta giúp xong thì nó ăn cháo đá bát mà vẫn cố bên vực cho nó vậy sao lúc jack bỏ con thì ko ai nói gì tới việc đó v,0,người ta giúp xong thì nó ăn cháo đá bát mà vẫn cố bên vực cho nó vậy sao lúc jack bỏ con thì ko ai nói gì tới việc đó v
streamer chứ đéo phải nhà đạo đức :)) nó chửi k chửi lại để n ngồi lên đầu hay gì ?,1,streamer chứ đéo phải nhà đạo_đức :)) nó chửi_k chửi lại để n ngồi lên đầu hay gì ?
"Bọn no dàn cảnh ăn cướp xe của cô gái .rồi bọn lưu manh này sẽ gặp thất bại trong cuộc sống thôi vì trời phật sẽ trừng trị tụi no ,hãy sống đàng hoàng vì co luật nhân quả ,hãy tin tôi đi và hãy đợi đấy !",2,"Bọn no_dàn cảnh ăn cướp xe của cô gái . rồi bọn lưu_manh này sẽ gặp thất_bại trong cuộc_sống thôi vì trời phật sẽ trừng_trị tụi no , hãy sống đàng_hoàng vì co_luật nhân_quả , hãy tin tôi đi và hãy đợi đấy !"
"nguyễn mạnh nếu còn nghèo và dốt, cuộc sống bạn không như mong muốn. thì lỗi của bạn là tư duy. và tư duy thần tượng 1 thằng rác như dách dũng thì cuộc đời bạn còn khổ thôi",1,"nguyễn_mạnh nếu còn nghèo và dốt , cuộc_sống bạn không như mong_muốn . thì lỗi của bạn là tư_duy . và tư_duy thần_tượng 1 thằng rác như dách_dũng thì cuộc_đời bạn còn khổ thôi"
cút về nước đi ông già bất tài,2,cút về nước đi ông_già bất_tài
Danh cho banh cai lon luông con lin loc,2,Danh cho banh cai_lon luông con lin loc
Biến đi troussier,1,Biến đi troussier
"Trương Bình chơi game mà t tưởng đóng phim , nghe ứa :))",1,"Trương_Bình_chơi game mà t_tưởng đóng phim , nghe ứa :))"
"Đây nữa nek, toàn lũ giáo sư tiến sĩ đầu óc cức",2,"Đây nữa nek , toàn lũ giáo_sư tiến_sĩ đầu_óc cức"
Vã lắm r,0,Vã lắm r
Đm cb mất acc xl t đã lường trc đc điều này r nên hỏi han mấy ôg trọng tài từng mất acc ở world cup ổg trao dồi kinh nghiệm cho mấy ổg mất rất nhiều acc r đấy. Bắt k côg bằng h xl xl cc cl hãm lồn vãi,0,Đm cb mất acc xl t đã lường trc đc điều này r nên hỏi_han mấy ôg trọng_tài từng mất acc ở world cup ổg trao_dồi kinh_nghiệm cho mấy ổg mất rất nhiều acc r đấy . Bắt k_côg bằng h xl xl cc cl hãm lồn vãi
Bắt đúng tý,0,Bắt đúng tý
Mù à bị ngu nx,1,Mù à bị ngu nx
"Báo chí vn như cái củ căc vậy,tụi nó có con có cháu có ba có mẹ,mà ăn ở k có đức,v thôi cho con ở nhà mẹ di,cho di học làm mẹ gì,an nói xạo xược,ăn k nói có mà cũng bày đặt đẻ con,giáo dục con,cho con di học đm t khinh cái xã hội vn,khinh cái đám báo chí",2,"Báo_chí vn như cái củ căc vậy , tụi nó có con có cháu có ba có mẹ , mà ăn_ở k có đức , v thôi cho con ở nhà mẹ di , cho di_học làm mẹ gì , an nói xạo_xược , ăn_k nói có mà cũng bày_đặt đẻ con , giáo_dục con , cho con di_học đm t khinh_cái xã_hội vn , khinh cái đám báo_chí"
Dẹo trai chi,1,Dẹo trai chi
"trình mày gà như shit :vvv , sợ mấy thằng cày thuê như thằng mực gặp tao đi top mà thấy ilaoi tao hành cho vỡ mồm :)))",2,"trình mày gà như shit : vv , sợ mấy thằng cày thuê như thằng mực gặp tao đi top mà thấy ilaoi tao_hành cho vỡ mồm :))"
đánh nhà k đánh làm cai gì k ?!,0,đánh nhà k đánh làm cai gì k ? !
Bạn muốn biết Sam hay So thì hãy thử trc khi ăn nhá,0,Bạn muốn biết Sam hay So thì hãy thử trc khi ăn nhá
Một thằng ngu,1,Một thằng ngu
Ok thầy ;v,0,Ok thầy ; v
"Bạn không xứng đáng được tha thứ, vì bạn đã hành xử thiếu văn hóa lặp lại nhiều lần với đội tuyển Việt Nam",0,"Bạn không xứng_đáng được tha_thứ , vì bạn đã hành_xử thiếu văn_hóa lặp lại nhiều lần với đội_tuyển Việt_Nam"
Nguyễn Chí Đông chửi ác,0,Nguyễn_Chí_Đông chửi ác
Bài vở này tỉ lệ thành công vẫn cao nhỉ,0,Bài_vở này tỉ_lệ thành_công vẫn cao_nhỉ
ụa nãy giờ chọc đóm con mà như chọc chủ cmt v,0,ụa nãy_giờ chọc_đóm con mà như chọc chủ cmt v
Thuỳ Trang giờ có nè :>>,0,Thùy_Trang giờ có nè : >>
Con chó nó ngửi được mùi thằng trộm,0,Con chó nó ngửi được mùi thằng trộm
"Dạo này mấy bố ts giấy phát biểu hơi nhiều, phần lớn cho thấy tư duy kiến thức quá lạc hậu, nhiệt tình cộng với sự ngu dốt thì sẽ thành phá hoại 😤",1,"Dạo này mấy bố ts giấy phát_biểu hơi nhiều , phần_lớn cho thấy tư_duy kiến_thức quá lạc_hậu , nhiệt_tình cộng với sự ngu_dốt thì sẽ thành phá_hoại 😤"
"Nguyễn Mạnh nhỏ không học, lớn lên thiểu năng vì rách",2,"Nguyễn_Mạnh_nhỏ không học , lớn lên thiểu_năng vì rách"
sau mà ác quá tội cô gái,0,sau mà ác quá tội cô gái
Mịa cái bọn trộm cắp,2,Mịa cái bọn trộm_cắp
"Chị nói chuyện quá sản khoái  1000 like cho chị , quá thực tế",0,"Chị nói_chuyện quá sản_khoái 100 like cho chị , quá thực_tế"
Ủng hộ huấn luyện viên philip trousser. Chúng tôi vẫn luôn luôn tin vào huấn luyện viên và đội tuyển. Nhưng ai không thích chỉ đại diện cho một phần không phải tất cả. Bóng đá không phải lúc nào cũng thắng thua.,0,Ủng_hộ huấn_luyện_viên philip trousser . Chúng_tôi vẫn luôn_luôn tin vào huấn_luyện_viên và đội_tuyển . Nhưng ai không thích chỉ đại_diện cho một phần không phải tất_cả . Bóng_đá không phải lúc_nào cũng thắng_thua .
sờ mớp :)) nhìn đánh Ngu VkL :)),1,sờ mớp :)) nhìn đánh_Ngu VkL :))
Ngânn Lào Keyyy =)),0,Ngânn Lào Keyy =))
Mày biến khỏi đất nước VN biến khỏi ĐTVN đi thằng đầu phân người Pháp Troussier,2,Mày biến khỏi đất_nước VN biến khỏi ĐTVN đi thằng đầu phân người Pháp Troussier
hãy cứ mãi thơ ngây thế này nhé.,0,hãy cứ mãi_thơ ngây thế_này nhé .
Thế con trai bảo đợi thì sao?,0,Thế con trai bảo_đợi thì sao ?
kiểu đánh bục mặt kh ai biết mất kiểm soát 1 trận cả làng game hay,0,kiểu đánh bục mặt kh ai biết mất kiểm_soát 1 trận cả làng game hay
"Lê Tấn Tài vì tao thấy mày là khỉ đầu chó lên tao mới chửi, nhưng tao đã nhầm , mày là xúc vật thì sao hiểu tiếng người 😂",2,"Lê_Tấn_Tài vì tao thấy mày là khỉ đầu chó lên tao mới chửi , nhưng tao đã nhầm , mày là xúc_vật thì sao hiểu tiếng người 😂"
miệng như đích trẻ con,1,miệng như đích trẻ_con
Mày mất thẻ đỏ r à hay sao mà k rút,0,Mày mất thẻ_đỏ r à hay sao mà k rút
Thấy thì thấy nói giàu lắm có tiền lắm con ông cháu cha lắm. Ra nước ngoài dell có tiền về .Bệnh xạo lozzz thì vẫn còn mỗi ngày.,1,Thấy thì thấy nói giàu lắm có tiền lắm con ông cháu cha lắm . Ra nước_ngoài dell có tiền về . Bệnh xạo lozz thì vẫn còn mỗi ngày .
Chả hiểu cái mẹ gì luôn,1,Chả hiểu cái mẹ gì luôn
Võ Thành Phước P đánh con nunu như zày là ez win,0,Võ_Thành_Phước_P đánh con nunu như zày là ez win
Luật phải đem xuống 15 tuổi tử hình đi thôi.lúc nào cũng chưa đủ tuổi rồi như vậy,0,Luật phải đem xuống 15 tuổi tử_hình đi thôi . lúc_nào cũng chưa đủ tuổi rồi như_vậy
Lại mọc thêm 1 trang của viẹt tân ag. Đkm bọn chó đẻ,2,Lại mọc thêm 1 trang của viẹt tân_ag . Đkm bọn chó đẻ
CON NAY MAT DAI THAT,2,CON NAY MAT DAI_THAT
Không cho chúng bố ăn là chết với chúng bố. Thiên đường xhcn nó thế đấy con ạ.,2,Không cho chúng bố ăn là chết với chúng bố . Thiên_đường xhcn nó thế đấy con ạ .
"Ngọc Nữ nói thật là 1 bộ phận lớn dân miền trong các b vẫn chưa đủ thông minh để có 1 xã hội hoàn thiện :))) như dân HÀn Quốc thì jack của các bạn lụi từ lâu rồi :))) ,đúng là dân trí thấp nên mới chấp nhận giá trị thấp",2,"Ngọc_Nữ nói thật là 1 bộ_phận lớn dân miền trong các b vẫn chưa đủ thông_minh để có 1 xã_hội hoàn_thiện :)) như dân HÀn_Quốc thì jack của các bạn lụi từ lâu rồi :)) , đúng là dân_trí thấp nên mới chấp_nhận giá_trị thấp"
"xin lỗi cc gì mực, cởi quần ra đi",1,"xin_lỗi cc gì mực , cởi_quần ra đi"
kay vờ lờ.,1,kay vờ_lờ .
"Chuẩn bị từ chức đi ông ơi,tôi xem ông cầm quân kiểu chấp đối thủ là tôi sợ rồi. Chiến thuật thì kiểu chó chạy ruộng cày tốn sức mà không hiệu quả,công cùn thủ kém còn coi thường đối thủ. Chưa bao giờ sân Mỹ đình lại vắng vẻ như trận ông cầm quân là… Xem thêm",0,"Chuẩn_bị từ_chức đi ông ơi , tôi xem ông cầm quân kiểu chấp_đối_thủ là tôi sợ rồi . Chiến_thuật thì kiểu chó chạy ruộng cày tốn sức mà không hiệu_quả , công_cùn thủ_kém còn coi_thường đối_thủ . Chưa bao_giờ sân Mỹ_đình lại vắng_vẻ như trận ông cầm quân là … Xem thêm"
Bạn bât thế này là fb bạn cẩn thận,0,Bạn bât thế_này là fb bạn cẩn_thận
Của mình hay của người ae,0,Của mình hay của người ae
Mọi chuyện sẽ được làm sáng tỏ để chứng minh sự thật.,0,Mọi chuyện sẽ được làm sáng_tỏ để chứng_minh sự_thật .
Đừng stream nữa k có tương lai đâu về hốt cớt ăn đi e,1,Đừng stream nữa k có tương_lai đâu về hốt cớt ăn đi e
ngu thì nó mới thua? Thua thì chung và xog chuyện đéo lải nhải. Cả đời bạn bạn nghĩ khôn hơn tất cả ko hay cũng ngu với người khôn hơn bạn? Bạn chắc cả đời k mất tiền ngu?,1,ngu thì nó mới thua ?_Thua thì chung và xog chuyện đéo lải nhải . Cả đời bạn bạn nghĩ khôn hơn tất_cả ko hay cũng ngu với người khôn hơn bạn ? Bạn chắc cả đời k mất tiền ngu ?
còn miếng danh dự nào đâu mà mất,0,còn miếng danh_dự nào đâu mà mất
Dạo này không thấy bọn dlv vào chửi phản động nữa nhỉ. Hay tiền lương thấp quá không đủ nên chuồn rồi.,1,Dạo này không thấy bọn dlv vào chửi phản_động nữa nhỉ . Hay tiền_lương thấp quá không đủ nên chuồn rồi .
liên quan ông ơi nợ là ngta nợ ko liên quan tới nhà ông ăn nói thoi là thấy con người ông ko tốt r á,0,liên_quan ông ơi nợ là ngta nợ ko liên_quan tới nhà ông ăn_nói thoi là thấy con_người ông ko tốt r á
Thằng điên,1,Thằng điên
"Vả vô cái mỏ loz mày bây giờ, thứ học sinh trời đánh",2,"Vả vô cái mỏ loz_mày bây_giờ , thứ học_sinh trời đánh"
Đúng là sâu bọ giệt hoài ko hết được,2,Đúng là sâu bọ_giệt hoài ko hết được
con linh này nói tục ko có duyên đồ mất nết 😎,2,con linh này nói_tục ko có duyên_đồ mất_nết 😎
Xin con đi me may,2,Xin con đi me may
Xin cha mày,2,Xin cha mày
"thế thì ngậm cái mồm lại, nhận là ván đấy mình sai đi, và đừng bảo mình là rank cao thủ cày thuê nữa? Và thêm nữa nó là một streamer, có nhiều người theo dõi, nhiều lượt tiếp cận, truyền tải những thứ toxic như vậy có nên khong?",1,"thế thì ngậm cái mồm lại , nhận là ván đấy mình sai đi , và đừng bảo mình là rank cao_thủ cày thuê nữa ?_Và thêm nữa nó là một streamer , có nhiều người theo_dõi , nhiều lượt tiếp_cận , truyền_tải những thứ toxic như_vậy có nên khong ?"
nếu có lòng tự trọng . ông nên từ chức đi nhé,0,nếu có lòng tự_trọng . ông nên từ_chức đi nhé
Con so tròn chứ ko có mấy cái ngạnh như sam nhé,0,Con so tròn chứ ko có mấy cái ngạnh như sam nhé
nó vẫn cứ cố cãi cơ thà nhận cm đi ae còn thương,0,nó vẫn cứ cố_cãi cơ_thà nhận cm đi ae còn thương
Mầy lên mạng xã hội mà mầy vỗ lồn con nầy quá trời sao ko ai dám làm gì nó hết dậy trời tức muốn ói máu,2,Mầy lên_mạng xã_hội mà mầy vỗ_lồn con nầy quá trời sao ko ai dám làm gì nó hết dậy trời tức muốn ói máu
Thấy bọn cướp này ngứa gan.,2,Thấy bọn cướp này ngứa gan .
"Tấn Tài trình độ nào đá trung vệ lệch trái, thể hình mỏng, non, Bùi Tiến Dũng thì không sử dụng, ngoài ra còn có Thành Chung, ở Vleague còn có Hữu Tuấn, Dương Thanh Hào... Mục tiêu world cup mà ko qua vòng loại 2, những trận đấu chính thức đâu phải thử… Xem thêm",0,"Tấn_Tài trình_độ nào đá trung_vệ lệch trái , thể_hình mỏng , non , Bùi_Tiến_Dũng thì không sử_dụng , ngoài_ra còn có Thành_Chung , ở Vleague còn có Hữu_Tuấn , Dương_Thanh_Hào .. Mục_tiêu world_cup mà ko qua vòng loại 2 , những trận đấu chính_thức đâu phải thử … Xem thêm"
Mới ngày nào chị chị em em sao giờ chửi rồi,0,Mới ngày nào chị chị_em em sao giờ chửi rồi
Ngao ngán quá !,0,Ngao_ngán quá !
Thanh niên bây giờ đi trộm cắp theo bầy đàn nhiều quá... Tởm thật...,1,Thanh_niên bây_giờ đi trộm_cắp theo bầy đàn nhiều quá .. Tởm thật ..
So quần đ,1,So quần đ
"Thật ko chịu nổi. Jack đã quá hiền, Đóm chịu quá nhiều uất ức, mình tha thiết mong công ty kiện Vai Rớt ra toà để lấy lại công bằng cho Jack và Đóm.. thật sự mình hiền quá ng ta ngồi lên đầu lên cổ.. thương Jack và Đóm lắm các bạn quản lý ơi.. Hãy kiện anh ta tội xúc phạm danh dự... Đòi công bằng",0,"Thật ko chịu nổi . Jack đã quá hiền , Đóm_chịu quá nhiều uất_ức , mình tha_thiết_mong công_ty kiện Vai_Rớt ra tòa để lấy lại công_bằng cho Jack và Đóm .. thật_sự mình hiền quá ng ta ngồi lên đầu lên cổ .. thương_Jack và Đóm lắm các bạn quản_lý ơi .. Hãy kiện anh ta tội xúc_phạm danh_dự .. Đòi công_bằng"
"Ủa tứ quý có chặt đôi heo đc đâu, lộ tứ quý rồi nhaaa hahhahaha t cho m thúi Trần Thị Linh Ánh Bui Thi My Ngoc Thanh Hà Thanh Thảo Thùy Trang Lê Thị Oanh Hoàng Linhc",0,"Ủa tứ_quý có chặt đôi heo đc đâu , lộ tứ_quý rồi nhaa hahhahaha t cho m thúi Trần_Thị_Linh_Ánh Bui Thi_My Ngoc_Thanh_Hà_Thanh_Thảo Thùy_Trang Lê_Thị_Oanh Hoàng_Linhc"
Linda như thám tử bắt tận tay đối chấp với thanh niên quay lén mình,0,Linda như thám_tử bắt tận_tay đối_chấp với thanh_niên quay lén mình
Giày trăm rưỡi trên sóp pe hơi bị xịn nha các ông =)))),0,Giày trăm rưỡi trên sóp pe hơi bị xịn_nha các ông =))
why cái con cặc,1,why cái con cặc
Mê cái cách anh ta choke,0,Mê cái cách anh ta choke
"M thằng dốt nó ko pik đăng tào lao e ak, chứ móng trụ ko đạt dựng trụ nó sập oy, đâu dựng lên thành hình rồi kéo dây, đổ thừa con bò kéo sập trụ. Đúng là mấy thằng ngu như bò",1,"M thằng dốt nó ko pik đăng tào_lao e_ak , chứ móng trụ ko đạt dựng trụ nó sập_oy , đâu dựng lên thành_hình rồi kéo dây , đổ thừa con bò kéo sập trụ . Đúng là mấy thằng ngu như bò"
"Thoại Trần ok chính \""tã\"" :))",0,"Thoại Trần_ok chính_\ "" tã \ "" :))"
Liên Hoa :))) bị thằng rách cho đội quần năm này qua năm nọ mà vẫn tin. Niềm tin bất diệt của lũ ruồi mất não,2,Liên_Hoa :)) bị thằng rách cho đội quần năm này qua năm nọ mà vẫn tin . Niềm tin bất_diệt của lũ ruồi mất não
Đập chết bọn này còn bị chửi nữa đấy,1,Đập chết bọn này còn bị chửi nữa đấy
K live ak bạn. Thỉnh thoảng xem thấy cũng vui,0,K live ak bạn . Thỉnh_thoảng xem thấy cũng vui
Xin lỗi cc,1,Xin_lỗi cc
Cái cần phạt thì mày không thôi phạt cái cần thẻ thì mày không rút ra xin lỗi cái con lồn mẹ nhà mày,2,Cái cần phạt thì mày không thôi phạt cái cần thẻ thì mày không rút ra xin_lỗi cái con lồn mẹ nhà mày
Cho nó bay mâu là vừa,0,Cho nó bay mâu là vừa
"m lảm nhảm cái đéo gì thế, sai lè còn cãi, ở Việt Nam! cái hay nhất nhà chối tội đổ lỗi thanh minh, từ thằng quan tới thằng dân, sai lè thế kia mà còn lái đi đâu đâu để cãi, chúng mày vác cái đth sương chúng m, còn dân Việt Nam! bên đó với nhưng ng sau này sẽ qua thì sao?",1,"m lảm nhảm cái đéo gì thế , sai lè còn cãi , ở Việt_Nam !_cái hay nhất nhà chối_tội đổ lỗi thanh_minh , từ thằng quan tới thằng dân , sai lè thế kia mà_còn lái đi đâu_đâu để cãi , chúng_mày vác cái đth sương chúng m , còn dân Việt_Nam ! bên đó với nhưng ng sau_này sẽ qua thì sao ?"
Cai vu veadan cung the thoi. Dit cmcm um xum len dc cai cc j,2,Cai vu veadan cung_the thoi . Dit cmcm um_xum len_dc cai cc j
haha cay nên nói mấy cái văn cấp 1 đúng là văn cạn nên suy nghĩ được nhiêu đấy thôi :)) mấy thằng nhóc ác hay vậy lắm :)),1,haha cay nên nói mấy cái văn_cấp 1 đúng là văn_cạn nên suy_nghĩ được nhiêu đấy thôi :)) mấy thằng nhóc_ác hay vậy lắm :))
"clm coi đct phân tích rưng ftalon gank top akacua , khi đó fiora hết bà n chặn r,n mà ném tiêu :vúng,n hốt hết bà n cả 2 thằng chứ ở đó mà chạy xa item thì 1 maquf,cày thuê cl gì mà cày thuê? game nào cũng để team nâng hẳn là cày thuê có cái kèo xem ai solo q rank cao hơn trong 20 30 game mãi méo dám rep. đến chịu",1,"clm coi đct phân_tích rưng_ftalon gank top akacua , khi đó fiora hết bà n chặn r , n mà ném tiêu : vúng , n hốt hết bà n cả 2 thằng chứ ở đó mà chạy xa_item thì 1 maquf , cày thuê cl gì mà cày thuê ? game nào cũng để team nâng hẳn là cày thuê có cái kèo xem ai solo q rank cao hơn trong 20 30 game mãi méo dám rep . đến chịu"
ruồi đít vàng mãi đỉnh,1,ruồi đít vàng mãi đỉnh
"ê mực rác,t vs m làm cai kèo hem? cho m chọn midman,làm kèo nhẹ nhàng 2tr thôi,tiền midman t chịu cũng đc. Luật chơi rất đơn giản 2 acc chưa leo rank mùa này và các mùa trc(acc new) cùng chơi solo q(solo q nha ko phải dual vs bạn bè) trong 20 or 30 game(tùy m chọn) ai rank cao hơn thì lụm lúa,nếu bằng rank thì t thua.",1,"ê_mực rác , t vs m làm cai_kèo hem ? cho m chọn midman , làm kèo nhẹ_nhàng 2 tr thôi , tiền midman t chịu cũng đc . Luật_chơi rất đơn_giản 2 acc chưa leo rank mùa này và các mùa trc ( acc new ) cùng chơi solo_q ( solo q nha ko phải dual vs bạn_bè ) trong 20 or 30 game ( tùy m chọn ) ai rank cao hơn thì lụm lúa , nếu bằng rank thì t_thua ."
Con bò biết đi này,1,Con bò biết đi này
Chuẩn nha:)),0,Chuẩn_nha :))
"Cmm xin lỗi cái củ cặc, nghỉ việc đi",2,"Cmm xin_lỗi cái củ cặc , nghỉ_việc đi"
T ko bất hạnh vì hôm qua thua mà t cảm thấy có lỗi vì bố mẹ m đẻ ra m,2,T ko bất_hạnh vì hôm_qua thua mà t cảm_thấy có lỗi vì bố_mẹ m đẻ ra m
Chơi game nuốt phải lưỡi hả má,0,Chơi game nuốt phải lưỡi hả má
Cái con mẹ mày... Sớm muộn mày cũng chết,2,Cái con mẹ mày .. Sớm muộn_mày cũng chết
Những loại người như này cứ phải cho cách ly khỏi xã hội,1,Những loại người như này cứ phải cho cách_ly khỏi xã_hội
Mình không có tiền để lái xe ra nữa họ sẽ làm gì Xe của mình ta,0,Mình không có tiền để lái_xe ra nữa họ sẽ làm gì Xe của mình ta
Hợp lý😆,0,Hợp_lý 😆
giật đ trượt phát nào đến từ vị trí của Độ Tày,1,giật đ trượt phát nào đến từ vị_trí của Độ Tày
Nên chụp ảnh lại cho cả nước biết lần sau còn ai dám trốn?,0,Nên chụp ảnh lại cho cả nước biết lần sau còn ai dám trốn ?
Tóm lại bạn cũng như Linh nóc Toàn là lũ thất học vì một chút tiền lợi nhuận chửi nhau kiếm tiền,2,Tóm_lại bạn cũng như Linh_nóc Toàn là lũ thất_học vì một_chút tiền lợi_nhuận chửi nhau kiếm tiền
Sau này lớn lên ms thấy hối hận,0,Sau_này lớn lên ms thấy hối_hận
4 thằng đi chung,0,4 thằng đi chung
Uống dc tuần thấy có sự cải thiện,0,Uống dc tuần thấy có sự cải_thiện
Đánh ngu vl,1,Đánh ngu vl
chị dễ thương quá,0,chị dễ_thương quá
"Ông lân giỏi thật,,,, phỏng vấn mà mặt tỉnh như bơ",0,"Ông lân giỏi thật , , phỏng_vấn mà mặt tỉnh như bơ"
Áo chất,0,Áo chất
Bỏ cái tặc nhiều chuyện nhe.ko coi chừng xe.,0,Bỏ cái tặc nhiều chuyện nhe.ko coi_chừng xe .
bảo vô văn hóa lại tự ái,1,bảo vô_văn_hóa lại tự_ái
"xinh thế, coi chừng thả 1 đứa con quay về bình dương bán nước tương đó",0,"xinh_thế , coi_chừng thả 1 đứa con quay về bình_dương bán nước_tương đó"
Táo quân năm nay người đóng vai ngọc hoàng là Idol Lộc Fuho phải không mọi người? :)),0,Táo_quân năm nay người đóng vai ngọc_hoàng là Idol_Lộc Fuho phải không mọi người ? :))
Vitamin Nhung cđ m chứ ai nữa 😁😁,1,Vitamin Nhung cđ m chứ ai nữa 😁 😁
Nguyễn Hoàng Sâm lồnnn Sâm,2,Nguyễn_Hoàng_Sâm lồnn Sâm
bảo hiểm có phải bồi thường xe này không? bảo hiểm vật chất mà ???,0,bảo_hiểm có phải bồi_thường xe này không ? bảo_hiểm vật_chất mà ? ?
"Toàn bọn đầu trộm , đuôi cướp !",2,"Toàn bọn đầu_trộm , đuôi cướp !"
yên tâm đi e hầu toà còn có các nhân chứng bị Ráck ăn cức đá bô theo phe viruss mà,1,yên_tâm đi e hầu_tòa còn có các nhân_chứng bị Ráck ăn cức đá bô theo phe_viruss mà
Minh Hieu Ali Chui Noi Bon Ngu NguCo Bang Cap,2,Minh Hieu_Ali Chui_Noi Bon_Ngu NguCo_Bang Cap
Thành Trung đọc bình luận tục vc anh :)))),0,Thành_Trung_đọc bình_luận_tục vc anh :))
Thùy Promise nghe Hư Trúc nhưng lại rất Mộ Dung Phục à emmm???,0,Thùy Promise nghe Hư_Trúc nhưng lại rất Mộ_Dung Phục à emm ? ?
"Ngu ran chieu con nguoi bay gio dung tin ai ,hay that trong",0,"Ngu ran chieu con nguoi bay gio_dung tin ai , hay that trong"
Yêu người Hồng Kông và yêu cảnh sát Hồng Kông Vì Hồng Kông Tự Do,0,Yêu người Hồng_Kông và yêu cảnh_sát Hồng_Kông Vì Hồng_Kông Tự_Do
"nghỉ mẹ đi cho nước nó trong, gà vcl",1,"nghỉ mẹ đi cho nước nó trong , gà vcl"
Ông im mẹ mồm đi :))))))),1,Ông im mẹ mồm đi :))
Thương quá,0,Thương quá
"Dơ dái, bẩn thiểu, hèn hạ, hạ cấp. Ghê tởm",2,"Dơ_dái , bẩn_thiểu , hèn_hạ , hạ_cấp . Ghê tởm"
Lan Hoa ăn nói như bộ phận sinh dục vậy bạn êii,1,Lan_Hoa ăn_nói như bộ_phận sinh_dục vậy bạn êii
Đụ con đĩ mẹ chúng m đừng có nhai đi nhai lại đc k? Con người chứ có phải con trâu con bò đâu mà có cái câu nhai mãi mà chả có cái ý nghĩa con cặc gì cả,2,Đụ con đĩ mẹ chúng m đừng có nhai đi nhai lại đc k ? Con_người chứ có phải con trâu con bò đâu mà có cái câu nhai mãi mà chả có cái ý_nghĩa con_cặc gì cả
Trọng tài bị lé à,1,Trọng_tài bị lé à
Phá hoại nền bóng đá vn,0,Phá_hoại nền bóng_đá vn
"đánh ngu như con lợn, mồm thì mõm, mặt thì như cái đầu cặc tao",2,"đánh ngu như con lợn , mồm thì mõm , mặt thì như cái đầu cặc tao"
"Thế là cùng , bọn này nó phối hợp ăn ý thế ko biết",0,"Thế_là cùng , bọn này nó phối_hợp ăn_ý thế ko biết"
Trang MyHan nho lém á,0,Trang MyHan_nho lém á
Chúng nó dàn cảnh để cướp.,1,Chúng_nó dàn_cảnh để cướp .
thằng này 2-17 đi trái lane đc ACN review đây à?,1,thằng này 2-17 đi trái lane đc ACN review đây à ?
Trọng tài kiểu bíp j thế ha,1,Trọng_tài kiểu bíp_j thế ha
chưa vk chưa ny uống vào ko biết có động dục ko nhỉ 🤨,0,chưa vk chưa ny uống vào ko biết có động_dục ko_nhỉ 🤨
Lo học đi cháu :)) thi tới nơi rồi mà ở đó mà xàm loz :))))))))))))))))))))))))))))))))))))))))))),1,Lo học đi cháu :)) thi tới nơi rồi mà ở đó mà xàm loz :))
Mình thiệt sự chán ghét cảm giác này.,0,Mình thiệt_sự chán_ghét cảm_giác này .
So Pre Tài Trợ Độ Tây Ngày Hôm Ngày =)),0,So Pre_Tài_Trợ_Độ Tây_Ngày Hôm Ngày =))
"Thấy trai mê nè mình bán mua thì bản ko mua thì thôi còn chạy ra khỏi xe đung gần nơi vh,w ko nói gì",0,"Thấy trai_mê nè mình bán mua thì bản ko mua thì thôi còn chạy ra khỏi xe đung gần nơi vh , w_ko nói gì"
Thanh xuân như 1 ly trà,0,Thanh_xuân như 1 ly trà
hhhhh cười ỉa hhhhh nhục quá con trai ơi hhhh,1,hh cười ỉa_hh nhục quá con trai ơi hh
Xin lỗi đã làm phiền quý vị https://youtu.be/yW6Tmk4lnJ4?si=HXW9uKsRvdc6C5Nn,0,Xin_lỗi đã làm_phiền quý_vị https://youtu.be/yW6Tmk4lnJ4?si=HXW9uKsRvdc6C5Nn
bầu cử cl gì mà tao lên fb biết kq đâu mấy tháng trc rồi. bâu làm cm gì nữa lấy tiền chia đi nhâu có đã k,1,bầu_cử cl gì mà tao lên fb biết kq đâu mấy tháng trc rồi . bâu làm cm gì nữa lấy tiền chia đi nhâu có đã k
Dcm thằng súc vật không có não này chết con mm đi,2,Dcm thằng súc_vật không có não này chết con mm đi
Mắt để dưới đít à chú Theo cháu thấy thì ý chú bắt như qq,1,Mắt để dưới đít à chú Theo cháu thấy thì ý_chú bắt như qq
tui đoán có nghề đi chửi mướn...mà ko ngờ có thiệt. Nên thag J nó mà hiền hiền là bị dập ngay. Tới 1 lần luôn đi.,0,tui đoán có nghề đi chửi mướn .. mà ko_ngờ có thiệt . Nên thag J nó mà hiền_hiền là bị dập ngay . Tới 1 lần luôn đi .
Thôi tao sin mày Tiệp ạ sủa ít thôi ko nhà nước cho mày cách ly o chỗ châu Việt cường đấy.,2,Thôi tao sin mày Tiệp ạ sủa ít thôi_ko nhà_nước cho mày cách_ly_o chỗ châu_Việt cường đấy .
Sory cái dcmm,2,Sory cái dcmm
ko phải hiền hay dữ nhưng đừng tỏ ra mình là thằng không có người dạy,1,ko phải hiền hay dữ nhưng đừng tỏ ra mình là thằng không có người dạy
Cuối đời rồi ông Trần dần cũng nghĩ ra được để sam hoi đoàn kết để còn một số thành phần chống cộng nghĩ lại,0,Cuối đời rồi ông Trần_dần cũng nghĩ ra được để sam_hoi đoàn_kết để còn một_số thành_phần chống cộng_nghĩ lại
"Chúc thầy năm mới, thêm nhiều mật danh mới :>",0,"Chúc thầy năm mới , thêm nhiều mật_danh mới : >"
Nước ngoài tội tộm cấp xử rất nghiêm minh.việt nam mình thì luật pháp bảo vệ thằng ăn trộm ăn cướp.chịu,1,Nước_ngoài tội tộm cấp xử rất nghiêm_minh . việt_nam mình thì luật_pháp bảo_vệ thằng ăn_trộm ăn_cướp . chịu
Xã hội ko có gì là ko thể quá khổ cho con. Người lao động,0,Xã_hội ko có gì là ko_thể quá_khổ cho con . Người lao_động
"Con chó nó có linh cảm,nó đánh hơi noé sủa mấy lần....",0,"Con chó nó có linh_cảm , nó đánh hơi noé sủa mấy lần .."
quên mai cuối tuần nữa mai ông nt tui thử hk thấy onl là biết sặp rồi đó,0,quên mai cuối tuần nữa mai ông nt tui thử hk thấy onl là biết sặp rồi đó
• Mở quà lấy mã toàn sàn giảm 20K/50K tại: https://shope.ee/6ANITns44y MỸ PHẨM: • 18H: COS300K18H10 giảm 100K đơn từ 300K. … Xem thêm,0,• Mở quà lấy mã toàn sàn giảm 20K / 50K tại : https://shope.ee/6ANITns44y MỸ_PHẨM : •_18H : COS300K18H10 giảm 100K đơn_từ 300K . … Xem thêm
Xin lỗi cái địt mẹ mày,2,Xin_lỗi cái địt mẹ mày
Bố m hóng ảnh m trên bàn thờ,1,Bố m hóng ảnh m trên bàn_thờ
Xin lỗi cái địt cụ mày,2,Xin_lỗi cái địt cụ mày
"Lũ CS đúng là một lũ súc sinh ác độc hơn lũ ngạ quỹ, một lũ người khg có chút nhân tính, quá tàn độc khg biết phải dùng từ gì đễ mô tả cho lũ này! Bất luận thế nào thì cũng có ngày bọn súc vật này cũng phãi đền tội và kết thúc trong đau đớn hơn nhửng gì mà bọn mọi rợ này đả gây ra trong một ngày gần đây....",2,"Lũ CS đúng là một lũ súc_sinh ác_độc hơn lũ ngạ_quỹ , một lũ người khg có chút nhân_tính , quá tàn_độc khg biết phải dùng từ gì đễ mô_tả cho lũ này ! Bất_luận thế_nào thì cũng có ngày bọn súc_vật này cũng phãi đền_tội và kết_thúc trong đau_đớn hơn nhửng gì mà bọn mọi rợ này đả gây ra trong một ngày gần đây .."
Thôi anh im đi,0,Thôi anh im đi
"Cái gian hàng trong tổ hợp nhà ga chứ đéo phải cả nhà ga nhá :v ngu vừa thôi,ngu hết cả phần thiên hạ",1,"Cái gian_hàng trong tổ_hợp nhà_ga chứ đéo phải cả nhà_ga nhá : v ngu vừa thôi , ngu hết cả phần thiên_hạ"
"Cho nó vào tù miền nam này xem, bố láo thật",1,"Cho nó vào tù miền nam này xem , bố_láo thật"
"hẳn là CH!CH khỏe, CH!CH phê, đê mê tối ngày!!!",1,"hẳn là CH !_CH khỏe , CH !_CH phê , đê_mê tối_ngày ! !"
Hoàng Minh Giáp tôi seach gg luôn đó bạn :),0,Hoàng_Minh_Giáp tôi seach gg luôn đó bạn :)
"Trụ thì đ đánh, ngựa ngựa múa múa thua là đúng r. Này là nguu, rút kinh nghiệm lần sau",1,"Trụ thì đ đánh , ngựa ngựa múa múa_thua là đúng r . Này là nguu , rút kinh_nghiệm lần sau"
Cút về nước,1,Cút về nước
70 tuổi già rồi từ chức sớm đi cút về bên nước Pháp nghỉ ngơi đi,1,70 tuổi già rồi từ_chức sớm đi cút về bên nước Pháp nghỉ_ngơi đi
clm nhỏ chủ tus nói đùa mà có cái con chim cánh cụt là biết khịa r,0,clm nhỏ chủ tus nói đùa mà có cái con chim cánh_cụt là biết khịa r
Biết lỗi thì lượt về ép thailan cho thua lại 2-0 đê,0,Biết lỗi thì lượt về ép thailan cho thua lại 2-0 đê
Thi m van ngu,2,Thi m van ngu
"Chuyện đéo đâu xa về đạo đức mấy thằng chó công an giao thông:sáng nãy e đi tiễn mấy thằng bạn đi lính..bọn giao thông đi dẹp đường nó cầm gậy sắt vừa vụt vừa chửi dân như con ""bố mày đập chết cụ mày giờ,địt cụ mày"" mình đéo ngờ luôn đấy",2,"Chuyện đéo đâu xa về đạo_đức mấy thằng chó công_an giao_thông : sáng nãy e đi tiễn mấy thằng bạn đi lính .. bọn giao_thông đi dẹp đường nó cầm gậy sắt vừa vụt vừa chửi dân như con "" bố_mày đập chết cụ mày giờ , địt cụ mày "" mình đéo_ngờ luôn đấy"
BỌN ĐÓ BẮT ĐƯỢC NÊN GIẾT,2,BỌN ĐÓ BẮT_ĐƯỢC NÊN GIẾT
Ccccccc,1,Ccc
Đức Thịnh e cũng thấy a có cô nào đấy mà 😂😂,0,Đức Thịnh_e cũng thấy a có cô nào đấy mà 😂 😂
nhà thì ko đánh lo pk,0,nhà thì ko đánh lo pk
"Tạm đình chỉ, chờ cấp phép rồi xey dựng lủ ngu ạ. Với lại có 1 số hạng mục xây dựng ngoài thiết kế. Thằng chó nào mạnh miệng bảo dừng xây dựng luôn ko??",2,"Tạm đình_chỉ , chờ cấp phép rồi xey dựng lủ ngu ạ . Với_lại có 1 số hạng_mục xây_dựng ngoài thiết_kế . Thằng chó nào mạnh_miệng bảo dừng xây_dựng luôn ko ? ?"
Giống người k :)),0,Giống người k :))
Nghỉ mẹ luôn đi…. Xin lỗi gì….,1,Nghỉ mẹ luôn đi … . Xin_lỗi gì … .
"Thánh này thông minh lắm, đừng có giỡn nhe,,...lương lẹo lắm à..kk",0,"Thánh này thông_minh lắm , đừng có giỡn nhe , , .. lương_lẹo lắm à .. kk"
ad bạn đang ở thế giới nào vậy?,0,ad bạn đang ở thế_giới nào vậy ?
Lộc gồng Lộc bắn nè,0,Lộc gồng_Lộc bắn nè
bay acc,0,bay acc
ma ba vang ngoc noi thiet khg bao gio noi doc,0,ma ba vang ngoc noi thiet khg bao gio noi doc
Dm cụ nhà tao không thiếu tiền nhà dột từ nóc,1,Dm cụ nhà tao không thiếu tiền nhà dột từ nóc
Địt mẹ các bạn ý. Cười rụng con mẹ nó mồm rồi.,2,Địt mẹ các bạn_ý . Cười_rụng con mẹ nó mồm rồi .
Xin lỗi cặc 3 màyy =)),2,Xin_lỗi cặc 3 màyy =))
"Thang cc nao ma chang the dc,",1,"Thang cc nao ma_chang the dc ,"
Xin lỗi cái cc,1,Xin_lỗi cái cc
Địt mẹ mày mai ra đường đâm vào cột điện mà chết đi,2,Địt mẹ mày mai ra đường đâm vào cột điện mà chết đi
"Bắt được sử bắn bỏ vài thằng riết nó sợ hà,làm ăn méo lo làm tối ngày trộm cấp.",1,"Bắt được sử_bắn bỏ vài thằng riết nó sợ_hà , làm_ăn méo lo làm tối_ngày trộm cấp ."
( Trâu ngu si ơi) tốn tiền thuế dân việt đi nuôi mày quá.,2,( Trâu_ngu si ơi ) tốn tiền thuế dân việt đi nuôi mày quá .
Mày bắt ngu vậy mà cũng đy làm trọng tài,2,Mày bắt ngu vậy_mà cũng đy làm trọng_tài
Xe tao để trước tiệm này cầu mong tụi nó đến lấy dùm cái tao thề tao vồ dc tao cho tụi này tàn phế suốt đời luôn,1,Xe tao để trước tiệm này cầu_mong tụi nó đến lấy dùm cái tao thề tao vồ dc tao cho tụi này tàn_phế suốt đời luôn
Giải nghệ thôi chú,0,Giải_nghệ thôi chú
8k/1000 Follow 35k/5000 Follow 70k/10000 Follow bao ko tụt Mn có thể vào tcn của mk check uy tín ai mua ib hoặc LH 0966868802 bao uy tín hiệu quả Chỉ cần link tk cần buff ko cần mật khẩu hay bấy cứ thông tin nào khác. mấy thằng làm 5k/1000fl toàn fl ảo nhanh tụt Xin lỗi đã làm phiền chủ video 151,0,8 k / 100 Follow 35 k / 500 Follow 70 k / 100 Follow bao ko tụt_Mn có_thể vào tcn của mk check uy_tín ai mua ib hoặc LH 0966868802 bao uy_tín hiệu_quả Chỉ cần link tk cần buff ko cần mật_khẩu hay bấy_cứ thông_tin nào khác . mấy thằng làm 5 k / 100 fl toàn fl ảo nhanh_tụt Xin_lỗi đã làm phiền_chủ video 151
"Không thoát đâu được, yên tâm bị bắt cả 3 à",0,"Không thoát đâu được , yên_tâm bị bắt cả 3 à"
Rảnh thì giúp mẹ giúp cha. Ở đây sống chậm mả cha chúng mày...,2,Rảnh thì giúp mẹ giúp cha . Ở đây sống chậm_mả cha chúng_mày ..
Ngu xuẩn nhất nhì là TT Mỹ (thơ trần đăng khoa),1,Ngu xuẩn nhất nhì là TT Mỹ ( thơ_trần đăng_khoa )
Dại trai thì cũng là 1 cái ngu,1,Dại_trai thì cũng là 1 cái ngu
Lâm Châu Minh dàn cảnh lấy xe,0,Lâm_Châu_Minh_dàn cảnh lấy xe
"thằng âm binh, xéo",2,"thằng âm_binh , xéo"
pew đau lắm,0,pew đau lắm
Cái đcmm thằng trâu sề. Cút cmm đi. Loại mày dẵn dắt được ai?,2,Cái đcmm thằng trâu sề . Cút cmm đi . Loại mày dẵn dắt được ai ?
Thương con quá nhìn mà sót sa con ho cg như con mình chứ sao nỡ lòng nào mà đứng nhìn nó đánh con ng ta như vây quá ác đôc mong phát luât vào cuôc để dăn đe nh kẻ khác và cầu xin chúa thương xót chữa lành cho con,0,Thương con quá nhìn mà sót sa con ho_cg như con mình chứ sao nỡ_lòng nào mà đứng nhìn nó đánh con ng ta như vây quá ác_đôc mong phát luât vào cuôc để dăn đe nh kẻ khác và cầu_xin chúa_thương xót chữa lành cho con
Thiên tai hạn hán cũng đổ lỗi cho chính phủ. Vậy có lẽ tao cũng nên coi mày là thất bại của việc bố mẹ mày làm tình phải ko thằng ad óc chó?,2,Thiên_tai hạn_hán cũng đổ lỗi cho chính_phủ . Vậy có_lẽ tao cũng_nên coi mày là thất_bại của việc bố_mẹ mày làm tình phải ko thằng ad_óc chó ?
Cưng ơi..,0,Cưng ơi ..
Vui vẻ có quạu abe ơi,0,Vui_vẻ có quạu abe ơi
"Tụi này bắt được phải chặt tay bỏ, nó mới không đi ăn cướp đc",1,"Tụi này bắt được phải chặt tay bỏ , nó mới không đi ăn cướp đc"
KO BÍT ĐẦU ĐUÔI. CÂU CHUYỆN RA SAO. LÚC TRƯỚC HÙA NHAU CHƯỞI NGƯỜI TA.  H RỒI BÂY H QUAY LẠI CẮN. KHẨU NGHIỆP TẠO NGHIỆP.,1,KO BÍT ĐẦU_ĐUÔI . CÂU_CHUYỆN RA SAO. LÚC TRƯỚC_HÙA NHAU CHƯỞI_NGƯỜI TA._H RỒI BÂY_H QUAY LẠI_CẮN . KHẨU NGHIỆP_TẠO NGHIỆP .
Quân thất đức,2,Quân thất_đức
"Võ Hồng Gấm rồi mấy đó tiếp xúc với thêm nhiều người khác nữa á,nghe mà ớn lạnh,cầu mong cho đừng ai nhiễm nữa,k ở quê làm rần rần riết chị muốn bệnh lun á",0,"Võ_Hồng_Gấm rồi mấy đó tiếp_xúc với thêm nhiều người khác nữa á , nghe mà ớn_lạnh , cầu_mong cho đừng ai nhiễm nữa , k ở quê làm rần_rần_riết chị muốn bệnh lun á"
Nghỉ đi về Pháp mà trồng nho nấu rượu đi,0,Nghỉ đi về Pháp mà trồng nho nấu rượu đi
Chí Cường up dc 2 bac oai vc =))),0,Chí_Cường up dc 2 bac oai_vc =))
đít phát sáng đã rõ ;))),1,đít phát sáng đã rõ ; ) )
trực tiếp thì k chịu cứ phải đt với nt là sao nhỉ?,0,trực_tiếp thì k chịu cứ phải đt với nt là sao nhỉ ?
Xã hội này muốn làm người tốt cũng khó,0,Xã_hội này muốn làm người tốt cũng khó
"Hết dịch COVID rồi, thấy ai mang khẩu trang thì phải cẩn thận",0,"Hết dịch COVID rồi , thấy ai mang khẩu_trang thì phải cẩn_thận"
Tết thầy mà để Sela xông nhà là năm sau tán gia bại sản luôn đó thầy.,0,Tết thầy mà để Sela xông nhà là năm sau tán_gia_bại_sản luôn đó thầy .
ông biết cái cc dì mà nói. Có nghe nó đã ngu còn tỏ ra nguy hiểm chửi bới đồng đội nó chư?,1,ông biết cái cc dì mà nói . Có nghe nó đã ngu còn tỏ ra nguy_hiểm chửi_bới đồng_đội nó chư ?
Con mẹ mày. Nhạ ơi. Nhòm vào bữa cơm 25k của các cháu trường tiểu học hạp lĩnh. Tp Bắc ninh xem mày có đớp đc ko,2,Con mẹ mày . Nhạ ơi . Nhòm vào bữa cơm 25 k của các cháu trường tiểu_học hạp_lĩnh . Tp Bắc_ninh xem mày có đớp đc ko
"Vcl tự nhiên chửi người khác ngu rồi đem trường hợp ngu của nó ra ví dụ! Đụ mẹ thằng ""lỏng bao"" dành hết phần ngu người khác! Não teo rồi hoá chó à",2,"Vcl tự_nhiên chửi người khác ngu rồi đem trường_hợp ngu của nó ra ví_dụ !_Đụ mẹ thằng "" lỏng bao "" dành hết phần ngu người khác ! Não_teo rồi hóa chó à"
"Chửi 3 que nữa đi, có phải 3 thằng không ? Có phải tỷ số với Indonesia 3 trái không ? Nghiệp mõm cho lắm vào !",1,"Chửi 3 que nữa đi , có phải 3 thằng không ?_Có phải tỷ_số với Indonesia 3 trái không ? Nghiệp_mõm cho lắm vào !"
"thay vì chê cái văn bản, nên chỉ ra nó sai ở chỗ nào",0,"thay_vì chê cái văn_bản , nên chỉ ra nó sai ở chỗ nào"
Chữi nhiều quá tắt thở bây giờ,0,Chữi nhiều quá tắt_thở bây_giờ
Huỳnh Minh lực,0,Huỳnh_Minh_lực
"3 thằng đàn ông cao to ăn cướp của một người phụ nữ nhỏ bé,3 thằng này còn thua cả loài súc vật",2,"3 thằng đàn_ông cao to ăn_cướp của một người phụ_nữ nhỏ_bé , 3 thằng này còn thua cả loài súc_vật"
Đức Thịnh 🙆🙆🙆😂😂😂,0,Đức_Thịnh 🙆 🙆_😂 😂
"Ad nói đúng,còn những thằng phản bác ở đây toàn là lũ vô học nói làm đéo gì",2,"Ad nói đúng , còn những thằng phản_bác ở đây toàn là lũ vô_học nói làm đéo gì"
Đánh như cc họ..nhìn bẩn hết cả mắt,1,Đánh như cc họ .. nhìn bẩn hết cả mắt
Cảm giác anh nhớ em,0,Cảm_giác anh nhớ em
Dinh Hong Ngoc vắt chanh vắt quất cho sảng khoái thơm tho,0,Dinh_Hong Ngoc_vắt chanh vắt_quất cho sảng_khoái thơm tho
M nói ngu nói dốt vl mày thấy bọn nó Bênh thằng jack chứ có phải là nó thấy mày cmt rồi vô cắn trước như tụi m chưa thằng đàn bà m nói chuyện cũng phải xem lại cmt trc hả cắn con trai :))) Nói ngu thì tự ái nó đàn bà thì lại cắn,2,M nói ngu nói dốt vl mày thấy bọn nó Bênh thằng jack chứ có phải là nó thấy mày cmt rồi vô_cắn trước như tụi m chưa thằng đàn_bà m nói_chuyện cũng phải xem_lại cmt trc_hả cắn con trai :)) Nói_ngu thì tự_ái nó đàn_bà thì lại cắn
chửi cái dcmmm,2,chửi cái dcmm
cái tội mê trai nè. cho chừa,1,cái tội_mê trai nè . cho chừa
thế để chửi dùm Nhân nhé,0,thế để chửi dùm_Nhân nhé
Anh em học trò thầy ba like avt hộ tôi :((,0,Anh_em học_trò thầy ba like avt hộ tôi : ( (
"Lũ chúng m kêu ng ta reaction xong ng ta nêu ra cảm nhận là chúng m vào cắn như 1 lũ chó bầy đàn. Hiểu từ ""REACTION"" là gì ko?",1,"Lũ chúng m kêu ng ta reaction xong ng ta nêu ra cảm_nhận là chúng m vào cắn như 1 lũ chó bầy đàn . Hiểu từ "" REACTION "" là gì ko ?"
tiền,0,tiền
Mẹ nó,1,Mẹ nó
Bắt như cc h đi xin lỗi,1,Bắt như cc_h đi xin_lỗi
Trông mặt thằng bố còn ác ôn hơn hai thằng con,2,Trông mặt thằng bố còn ác_ôn hơn hai thằng con
Con chó diên dan chuong trình nghe muon ỉa ra quần,2,Con chó diên_dan chuong_trình nghe muon ỉa ra quần
Thì chế độ nào người moi như vậy,1,Thì chế_độ nào người moi như_vậy
Đề nghĩ mấy đứa rich kids não phẳng ngoài Hà Nội bớt hãm lone bênh con điên kia! Tao muốn bay ra vả cho mỗi đứa một phát vào mõm!,2,Đề_nghĩ mấy đứa rich kids não phẳng ngoài Hà_Nội bớt hãm lone_bênh con điên_kia !_Tao muốn bay ra_vả cho mỗi đứa một phát vào mõm !
Đéo bắt được thì cút,1,Đéo bắt được thì cút
"Nguyễn Dương t đâu như con kia tự vác lol đi tìm trai, rồi than khóc bị bỏ tốt đẹp hơn ai. M bị nó dắt mũi thì cũng ngu ko kém",1,"Nguyễn_Dương_t đâu như con kia tự_vác lol đi tìm trai , rồi than_khóc bị bỏ tốt_đẹp hơn ai . M bị nó dắt_mũi thì cũng ngu ko kém"
"Ban xôi đuoc mây đông,bi cuop xe",0,"Ban xôi đuoc mây đông , bi_cuop xe"
vậy ông trong cuộc à?,0,vậy ông trong cuộc à ?
Mấy thằng hèn,2,Mấy thằng hèn
Co ba vang ngọc noi hay qua cho e cacmobi 100 nha co,0,Co ba vang ngọc_noi hay qua cho e_cacmobi 100 nha co
Ở ASEAN cup thì tuyển Việt Nam thua đẹp. Thua tiến bộ. Ở vòng loại wc thì tuyển Việt Nam thua lạc quan. Ko còn gì để nói ông này,0,Ở ASEAN_cup thì tuyển Việt_Nam thua đẹp . Thua tiến_bộ . Ở vòng loại wc thì tuyển Việt_Nam thua lạc_quan . Ko còn gì để nói ông này
Tù toàn người quen thì vào để các anh làm quen với mày,0,Tù toàn người quen thì vào để các anh làm_quen với mày
Ảnh xinh thế. cmt như này cẩn thận bị jack nó gạ đ** nhé :)) Nếu mà có đi thì bảo nó dùng bao không là không có tiền chu cấp nữa đâu,1,Ảnh xinh_thế . cmt như này cẩn_thận bị jack nó gạ đ * * nhé :)) Nếu mà có đi thì bảo nó dùng bao không là không có tiền chu_cấp nữa đâu
Thằng mặt l này đi trên đường tưởng thần kinh đấy,2,Thằng mặt l này đi trên đường tưởng thần_kinh đấy
Có chứ sao ko phá hoại tài sản ng ta mà,0,Có chứ sao ko phá_hoại tài_sản ng ta mà
đầu chứa cứt hay gì mà đá trận nào thua trận đó.,1,đầu chứa cứt hay gì mà đá trận nào thua trận đó .
đọc lại kĩ hết coi tôi có bênh thằng nào đâu,0,đọc lại kĩ hết coi tôi có bênh thằng nào đâu
Lỗi cc fuck,1,Lỗi cc fuck
"Xàm, ăn không rảnh rỗi l, dịch ko giúp đc ai thì thôi còn chửi nhau đăng lên, chụp gạo đồ,  trẻ trâu",2,"Xàm , ăn_không rảnh_rỗi l , dịch ko giúp đc ai thì thôi còn chửi nhau đăng lên , chụp gạo_đồ , trẻ trâu"
sợ thật,0,sợ thật
Trần Văn Hưng tia nhanh thế,0,Trần_Văn_Hưng tia nhanh thế
jack có chịu trách nhiệm k b,0,jack có chịu trách_nhiệm k b
Giày hiệu made mixi :),0,Giày_hiệu made mixi :)
Im mẹ mồm,1,Im mẹ mồm
Chó ăn cức,1,Chó ăn cức
Tội cho chí bán hàng,0,Tội cho chí bán hàng
Sorry cái qq,1,Sorry cái qq
Vô học,1,Vô học
Vợ mình thì chả bao giờ chửi mình Toàn chửi cha mẹ mình thôi,0,Vợ mình thì chả bao_giờ chửi mình Toàn_chửi cha_mẹ mình thôi
"3M/month khi share live vào group ảnh hỏi không kĩ ảnh nghĩ  3M/ buổi share live xong ảnh ghim mình suốt 4 năm =)) .  chơi với bạn hết mình , bạn chơi mình hết hồn =))",0,"3M / month khi share live vào group_ảnh hỏi không kĩ_ảnh nghĩ 3M / buổi share live xong ảnh ghim mình suốt 4 năm =)) . chơi với bạn hết_mình , bạn chơi mình hết hồn =))"
Yogurt ơi lộk bắnn lôk bắnn :))),0,Yogurt ơi lộk bắnn lôk bắnn :))
Cút mẹ mày khỏi vn đi thằng hlv loz,2,Cút mẹ mày khỏi vn đi thằng hlv loz
Cô duyên dáng quá à,0,Cô duyên_dáng quá à
Châu á còn đá không nổi. Hlv tồi,1,Châu_á còn đá không nổi . Hlv tồi
Mày cút mẹ đi. Bắt ngu lắm,2,Mày cút mẹ đi . Bắt_ngu lắm
Jack an l,2,Jack an_l
Thâm hết cả hậu!!!,1,Thâm_hết cả hậu ! !
Ế quá nên sale à thầy,0,Ế quá nên sale à thầy
Levi làm quả call quá chi làm suất sắc =)),0,Levi làm quả call quá chi làm suất sắc =))
viết đơn kiện ra tòa đối chất,0,viết đơn kiện ra tòa đối_chất
fake đó ae,0,fake đó ae
"T thề là nếu như dịch bệnh mà hết và con Nhung này ra viện thì chắc là ai nhìn thấy nó thì cũng muốn lao vào xé xác nó ra ấy, thế có mà nó sợ tụt lờ k dám đi đâu đâu =)))))",1,"T thề là nếu_như dịch_bệnh mà hết và con Nhung này ra viện thì chắc là ai nhìn thấy nó thì cũng muốn lao vào xé xác nó ra ấy , thế có mà nó sợ tụt lờ_k dám đi đâu_đâu =))"
Chào thằng khốn,2,Chào thằng khốn
"Không thể tha thứ cho loại mat dạy này,",2,"Không_thể tha_thứ cho loại mat dạy này ,"
Lấy của người khác làm của mình sợ thật,0,Lấy của người khác làm của mình sợ thật
Rồi bị bắt chưa mn? Toàn thứ ăn bẩn xh? Toàn thanh niên trai trán. Toàn trộm cướp?,2,Rồi bị bắt chưa mn ?_Toàn thứ ăn bẩn xh ?_Toàn thanh_niên trai_trán . Toàn trộm_cướp ?
Khứa này hồn hồn lài,0,Khứa này hồn_hồn lài
Xứ đông Lào này chúng chỉ có hốc thôi,2,Xứ đông_Lào này chúng chỉ có hốc thôi
Yêu thầy dấu bé 3,0,Yêu thầy dấu bé 3
Biến khỏi vn đi đm mỗi tháng ông hưởng mấy tỉ mà dẫn dắt như cc,2,Biến khỏi vn đi đm mỗi tháng ông hưởng mấy tỉ mà dẫn_dắt như cc
You suck,2,You suck
thương bố mẹ em đẻ ra được óc chó như em,2,thương bố_mẹ em đẻ ra được óc chó như em
Đừng là trong tài của một giải ao làng.,0,Đừng là trong tài của một giải ao làng .
Lũ chó lãnh đạo Đcs,2,Lũ chó lãnh_đạo Đcs
May lm the đung sao,1,May lm the đung_sao
Clm fake để bú fame à đm,1,Clm fake để bú fame à đm
ĐM thanh niên sức dài vai rộng mà ko chịu làm chỉ muốn ăn của người khác.,2,ĐM thanh_niên sức dài_vai rộng mà ko chịu làm chỉ muốn ăn của người khác .
người cay là người xem còn người ngu là ông đấy,1,người cay là người xem còn người ngu là ông đấy
Con linh này nó k biết nhục sao mà còn đua cái mặt lên cà..,2,Con_linh này nó k biết nhục_sao mà_còn đua cái mặt lên cà ..
Đớp tiền cho lắm vào nên mắt bị đui mù.VN đéo chấp nhận lời xl,1,Đớp tiền cho lắm vào nên mắt bị đui mù . VN đéo chấp_nhận lời xl
An tiền nó lam vào,0,An tiền nó lam vào
ấy sao lại nói con bố Phước thế brooooo,0,ấy sao lại nói con bố Phước_thế broo
"thằng Rách nó còn uy tín cơ à,cười vkl thằng giẻ Rách",2,"thằng Rách nó còn uy_tín_cơ à , cười vkl thằng giẻ Rách"
Mày ngu vừa thôi ad :)),2,Mày ngu vừa thôi ad :))
Đeo hieu kieu gi,1,Đeo hieu kieu gi
"chửi nhau sao kg gọi Phone chửi cho dã cái miệng,mà lên dây khoe vàng hả cha,ỉa déo ra cũng dưa lên,bó tay,",1,"chửi nhau sao kg gọi Phone_chửi cho dã cái miệng , mà lên dây khoe vàng hả cha , ỉa déo ra cũng dưa lên , bó_tay ,"
Không sao nó ăn cũng chỉ một tuần là hết cái xe thôi rồi xẽ đến ngày trả giá quá đắt mà thôi,0,Không sao nó ăn cũng chỉ một tuần là hết cái xe thôi rồi xẽ đến ngày trả_giá quá đắt mà thôi
mình vẫn tin jack bạn nhé nhưng mà là jack grealish bên man city =)),0,mình vẫn tin jack bạn nhé nhưng_mà là jack grealish bên man city =))
Tốt nhất gặp người la không nên nhiều chuyện,0,Tốt nhất gặp người la không nên nhiều chuyện
dcmm sợ à,2,dcmm sợ à
"nhanh đi ngăn cản dị không gian đi đh, tụi vực ngoại thiên ma sắp xâm lấn r kìa",0,"nhanh đi ngăn_cản dị không_gian đi đh , tụi_vực ngoại_thiên_ma sắp xâm_lấn r kìa"
Lý Quốc Việt hmmm,0,Lý_Quốc_Việt hmm
Khóc lóc con cặc. Nhét ku vào mồm mày,2,Khóc_lóc con cặc . Nhét ku vào mồm mày
Anh Minh 5 tỉ tới chơiiii,0,Anh Minh 5 tỉ tới chơii
Con me may,2,Con me may
Hoan ho chị ba .sao ko cho cai cad zạ chị ba .ung ho qua ma sao ko cho em,0,Hoan ho chị ba . sao ko cho cai_cad zạ chị ba . ung_ho qua ma sao ko cho em
Đet mẹ trong tài như con cắc trong tài như lồn me no trong tài này chết hết cả ho no jk,2,Đet mẹ trong tài như con cắc trong tài như lồn me_no trong tài này chết hết cả ho no_jk
"Giao dịch với nhau thôi chứ bạn bè đ gì mà nhận nghe chúa hề vc.t ko fan thằng nào cả nghe như đấm vào tai kiểu giải thích , Nhận xét thật sự trình bạn ncc đến đường cùng góng lên chửi giải thích cả live cả duo",1,"Giao_dịch với nhau thôi chứ bạn_bè đ gì mà nhận nghe chúa hề vc . t ko fan thằng nào cả nghe như đấm vào tai kiểu giải_thích , Nhận_xét thật_sự trình bạn ncc đến đường cùng góng lên chửi giải_thích cả live cả duo"
Mong huấn luyện viên có thể trao cơ hội cho ibrahim maza ở hertha bsc . Anh ấy là 1 cầu thủ rất có tiềm năng để trở thành siêu sao bóng đá thế giới,0,Mong huấn_luyện_viên có_thể trao cơ_hội cho ibrahim maza ở hertha bsc . Anh ấy là 1 cầu_thủ rất có tiềm_năng để trở_thành siêu_sao bóng_đá thế_giới
Ko ghi Trang mixi lại tưởng e nào khác 🤣🤣🤣,0,Ko ghi_Trang mixi lại tưởng e nào khác 🤣 🤣
Giàu mà sao não để ở đâu vậy Đức Ngọc,2,Giàu mà sao não để ở đâu vậy Đức_Ngọc
Bố m sẽ xẻo m,1,Bố m sẽ xẻo m
Chi e thich chi . Chi dep,0,Chi e thich chi . Chi dep
Cmt nhớ mang theo não nha :'(,1,Cmt nhớ mang theo não_nha : ' (
"Con điên, next mẹ mày đi",2,"Con điên , next mẹ mày đi"
Tuyển thủ trong team chuyên nghiệp mang Pubg VN ra thế giới này :)),0,Tuyển_thủ trong team chuyên_nghiệp mang Pubg VN ra thế_giới này :))
tyler1 phiên bản việt à :)),0,tyler1 phiên_bản việt à :))
có khúc kêu LD share live để e tính cho chị hả ta. ;)),0,có khúc kêu LD share live để e_tính cho chị hả ta . ; ) )
"Nguyễn Huy sai chính tả kìa, Red chứ ko phải rad",0,"Nguyễn_Huy_sai chính_tả kìa , Red chứ ko phải rad"
Bà này xạo khổ mà cú nói giàu,1,Bà này xạo_khổ mà cú nói giàu
Cay chân giữa cx cay theo,0,Cay chân giữa cx cay theo
Như 2 giọt nước luôn thầy ơi. Trinh giọt nước suối còn thầy giọt nước cống thầy ạ =))),1,Như 2 giọt nước luôn thầy ơi . Trinh_giọt nước suối còn thầy giọt nước cống thầy ạ =))
Dơ vlll nhưng t thích,1,Dơ vll nhưng t thích
Bat dc chắc tay nó bỏ la dc,0,Bat dc chắc tay nó bỏ_la dc
mịe con chó nàyyyy,2,mịe con chó nàyy
Nó fan thằng này nó thích thì nó cmt ngu chổ nào ai ngu hơn ai,1,Nó fan thằng này nó thích thì nó cmt ngu chổ nào ai ngu hơn ai
Phan rách bị hối lộ 5 củ hả đến thời điểm này r qua bao nhiêu cái drama r vẫn cố chấp ở lại với súc vật bỏ con,2,Phan_rách bị hối_lộ 5 củ hả đến thời_điểm này r qua bao_nhiêu cái drama r vẫn cố_chấp ở lại với súc_vật bỏ con
Thật đáng sợ con người với nhau mà tàn nhẫn thế,0,Thật đáng sợ con_người với nhau mà tàn_nhẫn thế
Rồi cập nhật dữ chưa :)))),0,Rồi cập_nhật dữ chưa :))
Lạy mấy ông :((( sáng sớm mới thức coi từ tối qua giờ còn ám ảnh đ'dám đi đánh răng luôn,0,Lạy mấy ông : ( ( sáng sớm mới thức coi từ tối_qua giờ còn ám_ảnh đ'dám đi đánh răng luôn
rồi vụ việc đã làm tới chưa ạ chứ e thấy hơi lâu ạ,0,rồi vụ_việc đã làm tới chưa ạ chứ e thấy hơi lâu ạ
"Luật Nhân Quyền của Mỹ dành cho HonhKong thật sự rất GOOD. Lũ hắc cảnh đã rón dái hết rồi các Bác ạ, làm chó săn cũng để kiếm tiền đi sứ giãy chết, mà giờ bị áp chế thế này thì làm chó chi cho người ta chửi nữa chứ 😷😷😷",1,"Luật Nhân_Quyền của Mỹ dành cho HonhKong thật_sự rất GOOD._Lũ hắc_cảnh đã rón dái hết rồi các Bác ạ , làm chó săn cũng để kiếm tiền đi sứ_giãy chết , mà giờ bị áp_chế thế_này thì làm chó chi cho người ta chửi nữa chứ 😷 😷"
sống chậm thôi mn ơi,0,sống chậm thôi mn ơi
Nguyễn Trọng Hiệp hiệp bmw à 🤣🤣,0,Nguyễn_Trọng_Hiệp_hiệp bmw à 🤣 🤣
Vũ Đức nghe giống tiếng e Nguyễn Long bi rên ko :)),0,Vũ_Đức nghe giống tiếng e Nguyễn_Long_bi rên ko :))
bú win nữa hả =)),1,bú win nữa hả =))
Bởi vậy đôi khi muốn làm ng tốt khó quá ak,0,Bởi_vậy đôi_khi muốn làm ng tốt khó quá ak
"Tại sao Việt Nam ko làm dứt điểm mấy cái vụ này nhỉ, tôi là cứ bắt đc chặt tay xem thằng nào dám nữa, cứ bảo nhân đạo mà sao chúng nó không nghĩ lỗi khổ của người mất của",1,"Tại_sao Việt_Nam ko làm dứt_điểm mấy cái vụ này nhỉ , tôi là cứ bắt đc chặt tay xem thằng nào dám nữa , cứ bảo nhân_đạo mà sao chúng_nó không nghĩ lỗi_khổ của người mất của"
Ko luộc đồ là mình còn phải cảm ơn ấy chứ,0,Ko luộc_đồ là mình còn phải cảm_ơn ấy chứ
No mung vi no su sai nhung van co nguoi bi ngoi tu vi ngu,1,No mung vi_no_su sai nhung van co_nguoi bi_ngoi tu_vi ngu
Trang Moon cười đỏ hết lợi,0,Trang Moon cười đỏ hết lợi
Đmm quả chạm tay m mù hả,2,Đmm quả chạm tay m mù hả
Xl con kặc chơi xong xl ai chs la8j,1,Xl con kặc chơi xong xl ai chs la8j
Hơn 100 năm chước nước Pháp mang súng bom đạn đến sâm lược giết hại người Việt Nam! Bây giờ một người Pháp đang phá nát bóng đá Việt Nam,0,Hơn 100 năm_chước nước Pháp mang súng bom_đạn đến sâm_lược giết_hại người Việt_Nam ! Bây_giờ một người Pháp đang phá_nát bóng_đá Việt_Nam
Nứng,1,Nứng
Ditconmemay mù chắc,2,Ditconmemay mù chắc
"Con nay kieu ha ,,,mo cua no an cuc nhieu qua ,,,nen len mang sua qua troi ,,do phan quoc ,,,,,,,,mo lon ,,,,,,,,LINH an lon dap chet me no di ,,,,,,,con cho vua gia vua sau",2,"Con nay kieu ha , , mo cua no an_cuc nhieu qua , , nen len mang sua qua troi , , do phan_quoc , , mo lon , , LINH_an lon dap chet me no di , , con cho vua gia_vua sau"
Ai lớp du chu cờ mo cô hiếuuu💁‍♀️❤🙆‍♀️,0,Ai lớp du_chu_cờ mo cô hiếuu 💁_‍ ♀_️ ❤_🙆 ‍_♀ ️
"mấy ông học FPT lấy ý tưởng mà làm đồ án nè, biết đâu lại xuất sắc :v",0,"mấy ông học FPT lấy ý_tưởng mà làm đồ_án nè , biết_đâu lại xuất_sắc : v"
"Với tình trạng người dân dọn dẹp nhà cửa trước tết đang leo thang. Tôi đề nghị các ban ngành, cơ quan hữu quan phải có biện pháp cải thiện tình trạng bằng một số hình thức như tuyên truyền, răn đe, thu thuế môi trường thật nặng cho những ai dọn nhà cửa nhân dịp tết đến xuân về",0,"Với tình_trạng người_dân dọn_dẹp nhà_cửa trước tết đang leo_thang . Tôi đề_nghị các ban_ngành , cơ_quan hữu_quan phải có biện_pháp cải_thiện tình_trạng bằng một_số hình_thức như tuyên_truyền , răn_đe , thu thuế môi_trường thật nặng cho những_ai dọn nhà_cửa nhân_dịp tết đến xuân về"
Sinh Sinh k bt nên im lặng Rồi sẽ khác,0,Sinh Sinh_k bt nên im_lặng Rồi sẽ khác
"Ban,xôi cug ko tha",0,"Ban , xôi cug ko tha"
Im mẹ đi thằng mặt lon,2,Im mẹ đi thằng mặt lon
Cái thằng BD lộn kiếp nỗ banh nhà lòng,2,Cái thằng BD_lộn kiếp nỗ banh nhà lòng
Nghỉ hiu hộ tao,0,Nghỉ hiu hộ tao
Bảo dạng háng leo rank lại giãy đành đạch,1,Bảo_dạng háng_leo rank lại giãy_đành đạch
Hãy cút xéo khỏi đất nước chúng tôi,1,Hãy cút xéo khỏi đất_nước chúng_tôi
"Nước giờ đắt, bán được giá mà",0,"Nước giờ đắt , bán được_giá mà"
Xin lỗi thì được cái mẹ gì,1,Xin_lỗi thì được cái mẹ gì
"Thiên Di Thảo Thảo Bùi Đức Hữu Nhat Nhật Hoàng Minh tội cô gái quá, nhiệt tình quá thành ra củng ko hay",0,"Thiên_Di_Thảo_Thảo Bùi_Đức_Hữu_Nhat Nhật_Hoàng Minh_tội cô gái quá , nhiệt_tình quá thành_ra củng_ko hay"
tưởng thầy chuyển qua đóng phim này chứ :),0,tưởng thầy chuyển qua đóng phim này chứ :)
DM...thằng assmin mặt L.. Hiếp zdam thị giác...,2,DM. . thằng assmin mặt L. . Hiếp_zdam thị_giác ..
Nghe có vẻ vô sinh nhưng rất dễ có thai =]]],0,Nghe có_vẻ vô_sinh nhưng rất dễ có_thai = ] ]
Lỗi qq,1,Lỗi qq
chịch cả lò bọn nam kỳ xuc sinh,2,chịch cả lò bọn nam_kỳ xuc_sinh
Nay hơi chậm :)) cailozcatkhong,1,Nay hơi chậm :)) cailozcatkhong
Trình độ yếu kém đá như vậy thì thấy hài lòng,0,Trình_độ yếu_kém đá như_vậy thì thấy hài_lòng
Người ta nghèo khổ bán xôi cũng không tha,0,Người ta nghèo_khổ bán_xôi cũng không tha
trọng tài made in Ha Noi :)),0,trọng_tài made in Ha_Noi :))
Trọng tài bị mù à,1,Trọng_tài bị mù à
chết cười pha JJLeo hiến thân cho Rambo =))),0,chết cười pha_JJLeo hiến_thân cho Rambo =))
vàng sạch mà mỗi đại cao thủ bẩn th,1,vàng sạch mà mỗi đại cao_thủ bẩn th
mong cho nó trút moẹ tro vào quần !,1,mong cho nó trút moẹ tro vào quần !
trung trần dần ? D: ?,0,trung_trần dần ?_D : ?
Ok Haha t chết t cũng k tha cho dòng họ m,2,Ok Haha_t chết t cũng k_tha cho dòng_họ m
"Phạm Long Vũ nào, anh k đc trêu idol của em",0,"Phạm_Long_Vũ_nào , anh k đc trêu_idol của em"
thì ông nói đi ai hỏi ông thế,0,thì ông nói đi ai hỏi ông thế
"Chửi hông lại tức quá ngủ hổng được,thức tới sáng luôn 😶",0,"Chửi hông lại tức quá ngủ hổng được , thức tới sáng luôn 😶"
bắt đc 1 con đóm con,0,bắt đc 1 con đóm con
"yêu mến Jack vì đã chịu nhiều tổn thương, ở lại mãi mãi với Jack, vẫn vững vàng như thế nhé. Thời gian sẽ trả lời tất cả, tôi đã hiểu rõ tất cả những gì đã xảy ra…nên vẫn mãi mãi ủng hộ Jack trong bất cứ hoàn cảnh nào! Đóm vẫn mãi bên M… Xem thêm",0,"yêu_mến Jack vì đã chịu nhiều tổn_thương , ở lại mãi_mãi với Jack , vẫn vững_vàng như_thế nhé . Thời_gian sẽ trả_lời tất_cả , tôi đã hiểu rõ tất_cả những gì đã xảy ra … nên vẫn mãi_mãi ủng_hộ Jack trong bất_cứ hoàn_cảnh nào !_Đóm vẫn mãi bên M … Xem thêm"
Bọn đấy ngang với đa cấp đấy tàn mồm thầy cúng,2,Bọn đấy ngang với đa_cấp đấy tàn_mồm thầy_cúng
Loại này thì bắt được cho nó tàn phế suốt đời,2,Loại này thì bắt được cho nó tàn_phế suốt đời
Rio Rio bỏ con ai dám vu khống đâu,0,Rio Rio_bỏ con ai dám vu_khống đâu
Xin cái đb,1,Xin cái đb
Úi tốt nghiệp còn không đỗ thì làm được gì các em ơiii😫😫😫,0,Úi tốt_nghiệp còn không đỗ thì làm được gì các em ơii 😫 😫
Lên đi cái bạn ơiiii,0,Lên đi cái bạn ơii
Game này đau tay:),0,Game này đau tay :)
Câu xin con chim Bắt sai xong h xin lỗi à,1,Câu xin con chim Bắt sai xong h xin_lỗi à
Sr cái địt cụ mày,2,Sr cái địt cụ mày
Óc trâu.chắc ngi ai cũng nhu minh,2,Óc trâu . chắc ngi ai cũng nhu_minh
Miện giống lôm trâu,2,Miện giống lôm trâu
do pháp luật VN đó bn.l,0,do pháp_luật VN đó bn . l
HLV ccccccc,1,HLV cc
"cmt với bố m 3 lần sai chính tả cả 3 sủa cl, ""lỡ mồm""? Bao nhiêu câu rồi xong vẫn lên đây ""ôi anh yêu zeros của tao lỡ mồm"", m chắc cũng chỉ lỡ tay nên viết sai chính tả 3 lần thôi đúng k , lớn rồi viết cho nó đúng chứ chửi nhau viết … Xem thêm",1,"cmt với bố m 3 lần sai chính_tả cả 3 sủa cl , "" lỡ mồm "" ? Bao_nhiêu câu rồi xong vẫn lên đây "" ôi anh yêu zeros của tao lỡ mồm "" , m chắc cũng chỉ lỡ tay nên viết sai chính_tả 3 lần thôi đúng k , lớn rồi viết cho nó đúng chứ chửi nhau viết … Xem thêm"
ăn hành thua xong còn quay ra chửi ngược đồng đội cơ. Đù mé. Cay vl,1,ăn hành_thua xong còn quay ra chửi ngược đồng_đội cơ . Đù_mé . Cay vl
Pham Minh phục lồn .,1,Pham Minh_phục lồn .
Why ông cụ nội m,2,Why ông cụ nội m
Anh em nào ở khu vực tây ninh mà muốn vay tiền thì alo mình à 1tr ngày 5k thôi nhé😁,0,Anh_em nào ở khu_vực tây_ninh mà muốn vay tiền thì alo mình à 1 tr ngày 5 k thôi nhé 😁
"Trước khi nói nó ngu hãy xem lại bản thân mình , ko lên đc thách đấu hàn như nó thì mình ko nên sủa",1,"Trước khi nói nó ngu hãy xem_lại bản_thân mình , ko lên đc thách_đấu hàn như nó thì mình ko nên sủa"
Đm thằng óc con chó,2,Đm thằng óc con chó
"Eo ơi, nhận vơ của người khác bắt buộc người ta phải chấp nhận là của mình, không được nói năng gì luôn, tay nhấn live tóp tóp thì được trả lời tin nhắn không có tay",0,"Eo ơi , nhận_vơ của người khác bắt_buộc người ta phải chấp_nhận là của mình , không được nói_năng gì luôn , tay nhấn live tóp tóp thì được trả_lời tin_nhắn không có tay"
Bích đú...,1,Bích_đú ..
"Anh chị nào mà bị lừa tiền qua mạng, Làm nhiệm vụ telegram, Shoppe... Các sàn điện tử không rút ra được. Muốn lấy lại nhắn tin cho mình. Mình chỉ cách thu hồi lại tiền bị lừa ( Trước mình cũng từng bị lừa nên mình chỉ muốn giúp người đồng cảnh ngộ, ai không thích có thể bỏ qua )",0,"Anh_chị nào mà bị lừa tiền qua mạng , Làm nhiệm_vụ telegram , Shoppe .. Các sàn_điện_tử không rút ra được . Muốn lấy lại nhắn_tin cho mình . Mình chỉ cách thu_hồi lại tiền bị lừa ( Trước mình cũng từng bị lừa nên mình chỉ muốn giúp người đồng cảnh_ngộ , ai không thích có_thể bỏ_qua )"
Rên như cặt v,1,Rên như cặt v
Sory cái l mẹ m à,2,Sory cái l mẹ m à
Như vậy thường xuyên,0,Như_vậy thường_xuyên
Đồ tồi,2,Đồ tồi
Ham zai cơ..zai lạ mà sấn đến gần nch để tay lên đầu xe,1,Ham zai_cơ .. zai lạ mà sấn đến gần nch để tay lên đầu xe
Thấy ông này ức chế thật,0,Thấy ông này ức_chế thật
Ông có thấy nhục mỗi khi lãnh lương ko?,1,Ông có thấy nhục mỗi khi lãnh lương ko ?
Bố thằng ngu.,2,Bố thằng ngu .
Uh cần lồn gì phải lịch sự,1,Uh cần lồn gì phải lịch_sự
Đich mẹ mày,2,Đich mẹ mày
Đây là thất bại của CS chứ còn gì nữa,0,Đây là thất_bại của CS chứ còn gì nữa
Thằng assmin nhãm shitt...đành rằng page này là CHỬI. Nhưng mày là assmin thì chỉ nên viết gợi ý thôi...để mem nó CHỬI...mày dành CHỬI kiểu đó thì chơi thế đéo nào...,2,Thằng assmin nhãm shitt .. đành rằng page này là CHỬI . Nhưng mày là assmin thì chỉ nên viết gợi_ý thôi .. để mem nó CHỬI .. mày dành CHỬI kiểu đó thì chơi thế đéo nào ..
Phạm Văn Lộc idol viết sai kìa🙄😆,0,Phạm_Văn_Lộc idol viết sai kìa 🙄 😆
Tiền chở xe công còn tử hình ở đó tiền nhà t nhìu lắm kkkk,0,Tiền chở xe công còn tử_hình ở đó tiền nhà t nhìu lắm kk
Vp Trường 😪 em kiếm cơm thui anh ơi,0,Vp Trường 😪 em kiếm cơm thui anh ơi
người ta gọi là chó vàng chiến sĩ phải đi đánh giặc mi gọi thế còn đớp vơ vét của dân gọi là chó,2,người ta gọi_là chó vàng chiến_sĩ phải đi đánh giặc mi gọi thế còn đớp vơ_vét của dân gọi là chó
Ngu chưa,1,Ngu chưa
"""Lên live nói linh tinh như ai kia"" nhưng cái thằng lên live nó tài giỏi hơn thằng bỏ con nào đấy đấy ạ,còn thằng bỏ con thì ra được bài nào bị tố đạo nhái bài đấy,đạo từ nước ta sang giới Kpop rồi đến giới Usuk.Nói chung là Rách mãi Rách",1,""" Lên live nói linh_tinh như ai kia "" nhưng cái thằng lên live nó tài giỏi hơn thằng bỏ con nào đấy đấy ạ , còn thằng bỏ con thì ra được bài nào bị tố_đạo nhái bài đấy , đạo từ nước ta sang giới Kpop rồi đến giới Usuk . Nói_chung là Rách mãi Rách"
E chỉ có hàm răng ko đẹp có hỗ trợ ko a hjhj,0,E chỉ có hàm_răng ko đẹp có hỗ_trợ ko a hjhj
nhường cho còn ko ăn đc,0,nhường cho còn ko ăn đc
"đẹp hơn cả lò mày đấy, đi soi gương xem mặt m có giống cái lông l k ?? Chắc m chưa học hết lớp 10",2,"đẹp hơn cả lò mày đấy , đi soi_gương xem mặt m có giống cái lông l k ? ? Chắc m chưa học hết lớp 10"
Mê trai giờ trách ai,1,Mê_trai giờ trách ai
"Oanh Võ đang nói Rách hả :))) nhân sinh, giá trị, thế giới quan cái nào nó sống cũng lệch lạc",1,"Oanh Võ đang nói Rách_hả :))_nhân_sinh , giá_trị , thế_giới quan_cái nào nó sống cũng lệch_lạc"
"Nhìn mấy fan trẩu vào bênh hài vl, ng ta nghe k đc thì ngta nói k đc chứ ngta có chửi idol tụi m đâu mà xù lông lên, m bật nhạc jack lên cho ba mẹ tụi m ông bà m nghe đi, thử ba mẹ ông bà m có chê thì m có chửi ba mẹ m k",2,"Nhìn mấy fan trẩu vào bênh hài_vl , ng ta nghe k đc thì ngta nói k_đc chứ ngta có chửi idol tụi m đâu mà xù lông lên , m bật nhạc jack lên cho ba_mẹ tụi m ông_bà m nghe đi , thử ba_mẹ ông_bà m có chê thì m có chửi ba mẹ m k"
miền tây chào anh e,0,miền tây chào anh e
M pk thầy ba giống con gà điểm nào k Thao Hoang,1,M pk thầy ba giống con gà điểm nào k Thao_Hoang
tôi nói thật tôi đéo ông bao nhiêu tuổi đâu nhưng đường đường là stream nhiều người biết đến mà cái cách ông trả lời người ta là k đúng rồi nếu ông nhận trình ông giỏi trình ông hơn người ta thì việc gì phải đôi co làm Gì,1,tôi nói thật tôi đéo ông bao_nhiêu tuổi đâu nhưng đường_đường là stream nhiều người biết đến mà cái cách ông trả_lời người ta là k đúng rồi nếu ông nhận trình ông giỏi trình ông hơn người ta thì việc gì phải đôi_co làm Gì
ThanhHuy Nguyen dơ vcl=))),1,ThanhHuy Nguyen dơ vcl =))
Clm :))))) Trí Xuân,1,Clm :)) Trí_Xuân
Xím chút thì còn 6 miếng đất😌,0,Xím chút thì còn 6 miếng đất 😌
Ca nha oi co 1 ba khung bi tam than .kieu no di cau an cuc di......,2,Ca nha oi_co 1 ba khung bi tam_than . kieu no di_cau an_cuc di_..
lớp mấy rồi,0,lớp mấy rồi
"đuối lí rồi à =))), hoá ra trình độ nhận biết của b cũng chỉ đến nhiêu đấy thôi.",1,"đuối_lí rồi à =)) , hóa ra trình_độ nhận_biết của b cũng chỉ đến nhiêu đấy thôi ."
Dm thằng lol máy đi chết đi vn tao tha cho,2,Dm thằng lol máy đi chết đi vn tao tha cho
Nghĩ đến chỉ muốn băm con chó đĩ ấy trận,2,Nghĩ đến chỉ muốn băm con chó đĩ ấy trận
Có nhận cày đơn đôi lên thách đấu không ạ?,0,Có nhận cày_đơn đôi lên thách_đấu không ạ ?
"PhoBolsaTV :bien me đi,phỏng vấn tao lao,may về phong van gia đình mày đi.nhin may nguoi gia ma con ko tha,phoBolSa rất sam",2,"PhoBolsaTV : bien me đi , phỏng_vấn tao_lao , may về phong_van gia_đình mày đi . nhin may nguoi gia_ma con ko tha , phoBolSa rất sam"
Phạm Văn Lộc con đỉ mẹ mày tus nào cũng thấy liếm fame,2,Phạm_Văn_Lộc con đỉ mẹ mày tus nào cũng thấy liếm fame
bú fame nhanh thế,0,bú fame nhanh thế
thở câu nào thối câu đấy.ranh con,2,thở câu nào thối câu đấy . ranh con
"May là đô khùng, ăn nói tục tiểu ko biết cái loại ca tụng máy là loại ko học thức",2,"May là đô_khùng , ăn nói_tục tiểu_ko biết cái loại ca_tụng máy là loại ko học_thức"
Bà nội m,2,Bà nội m
bảo đóm rác cay lại bu vào cắn,1,bảo đóm rác cay lại bu vào cắn
óc chó đit cụ mày,2,óc chó đit cụ mày
giàu mà ý thức như cái đầu cac :),1,giàu mà ý_thức như cái đầu cac :)
Mấy cho bắt cắt 2 lo tai nó,1,Mấy cho bắt cắt 2 lo tai nó
"m nghĩ viruss ngán jack đó hả, t từng bênh J nhưng càng ngày quá giới hạn nên t đ bênh nỗi, m nghĩ sao hát live như c c rồi , đã thế còn đạo sĩ nữa :))) , chán đời jack , t kêu jack còn tôn trọng đó , hổ ko gầm mà tưởng hello kitty? gầm rồi … Xem thêm",1,"m nghĩ viruss_ngán jack đó hả , t từng bênh_J nhưng càng ngày quá giới_hạn nên t đ bênh nỗi , m nghĩ sao hát live như c c rồi , đã thế còn đạo_sĩ nữa :)) , chán đời jack , t kêu jack còn tôn_trọng đó , hổ ko_gầm mà tưởng hello kitty ?_gầm rồi … Xem thêm"
Tặng anh em FA nhé,0,Tặng anh_em FA nhé
xin lỗi cái đm,1,xin_lỗi cái đm
Mặt cặc zeros,2,Mặt cặc zeros
Gật đánh chết là đúng rồi,1,Gật đánh chết là đúng rồi
Ae đúng là hảo hán,0,Ae đúng là hảo_hán
nói ra là biết ngu r,1,nói ra là biết ngu r
"bồi thường 5 triệu và bắt rách hôn con mình, ráck có đồng ý hông nè",1,"bồi_thường 5 triệu và bắt rách_hôn con mình , ráck có đồng_ý hông nè"
"Cố lên ông ơi,,,mặc kệ người ta nói gì",0,"Cố lên ông ơi , , mặc_kệ người ta nói gì"
Cầm thú,2,Cầm thú
Mắc cười nhưng ủng hộ :),0,Mắc cười nhưng ủng_hộ :)
Từ chức đi là vừa . Đéo biết chọn người,1,Từ_chức đi là vừa . Đéo biết chọn người
Lmcs,1,Lmcs
Phá nát bóng đá vn,0,Phá_nát bóng_đá vn
Thái sơn và đức phú out,0,Thái sơn và đức_phú out
"Mình thì mới lên được kc 4 đánh sợ chúng nó kéo về lục bảo 1 thì phải làm sao , mình main Đấng nhé",0,"Mình thì mới lên được kc 4 đánh sợ chúng_nó kéo về lục bảo 1 thì phải làm_sao , mình main Đấng nhé"
chúng nó tap kìa:v,1,chúng_nó tap kìa : v
:)))) sủa gi dị chó. sủa đổng ai nghe. vả cho lệch mồm giờ.kkkk cay chưa,2,:)) sủa gi dị chó . sủa_đổng ai nghe ._vả cho lệch mồm giờ . kk cay chưa
"Hoàng Công Hiếu lỗi thì chưa chắc nhưng đa số sống như lol, đa số thôi",1,"Hoàng_Công_Hiếu lỗi thì chưa chắc nhưng đa_số sống như lol , đa_số thôi"
Như lồn,1,Như lồn
Xin lỗi cmm,2,Xin_lỗi cmm
con người không làm mà đi làm thứ côn trùng ve chó phát sáng v?,1,con_người không làm mà đi làm thứ côn_trùng ve chó phát sáng v ?
Ngoc Anh Tran mất tết 😞,0,Ngoc_Anh Tran mất tết 😞
ông ngu chứ cay gì xD,1,ông ngu chứ cay gì xD
thầy có nhận học sinh cá biệt hông thầy :))),0,thầy có nhận học_sinh cá_biệt hông thầy :))
"alloc(init,512, GetTickCount)",0,"alloc ( init , 512 , GetTickCount )"
Anh Lân phỏng vấn với bác nào đối đầu mạnh xem mới nhiều ý kiến hay.,0,Anh Lân phỏng_vấn với bác nào đối_đầu mạnh xem mới nhiều ý_kiến hay .
ship a 10 hộp ra bắc ninh nào,0,ship a 10 hộp ra bắc ninh nào
Cặp vợ chồng làm chim mồi ăn cướp của người ta thằng này bắt được đập đầu nó chứ không có để sống được nhìn bảng số xe tìm tới nơi nó luôn mấy thằng như vậy đập què tay chân hết luôn cũng tội cho cô gái nghèo đi bán xôi còn bị mất chiếc xe,2,Cặp vợ_chồng làm chim mồi ăn_cướp của người ta thằng này bắt được đập đầu nó chứ không có để sống được nhìn bảng_số xe tìm tới nơi nó luôn mấy thằng như_vậy đập què tay_chân hết luôn cũng tội cho cô gái nghèo đi bán_xôi còn bị mất chiếc xe
Tao đéo nhất mà tao xác định hơn mày là không chửi con gái người ta giỏi thì tao vs mày chửi mạc nhân cách,1,Tao đéo nhất mà tao xác_định hơn mày là không chửi con gái người ta giỏi thì tao vs_mày chửi_mạc nhân_cách
Đồng bọn nó,0,Đồng_bọn nó
"Xe để vệ đường mà ko khoá càng, nể luôn",0,"Xe để vệ đường mà ko khóa càng , nể luôn"
ngu vãi lồn,1,ngu vãi lồn
"Chẳng qua dân mình ngu dốt, học luật giao thông thì bố thằng nào làm bậy dm",2,"Chẳng qua dân mình ngu_dốt , học_luật giao_thông thì bố thằng nào làm bậy dm"
Bỡi vậy mình bán 1 mình thì mình nên cảnh giác,0,Bỡi vậy mình bán 1 mình thì mình nên cảnh_giác
"Cút khỏi Việt Nam ngay. Mày bớt phá nền BĐVN dùm t cái. Mày mà HLV gì, mày là kẻ phá hoại",2,"Cút khỏi Việt_Nam ngay . Mày bớt phá nền BĐVN dùm t cái . Mày mà HLV gì , mày là kẻ phá_hoại"
cmt như bị đao:)),1,cmt như bị đao :))
chị ăn gì xạo lồn chó vậy chị 3. đụ mẹ chị 3 chó hoang,2,chị ăn gì xạo lồn chó vậy chị 3 . đụ mẹ chị 3 chó hoang
Clm game nhập vai :)))),0,Clm game nhập_vai :))
"Hờ Mee VN mình không giống tụi tư bản đâu mà lo bạn ơi, mấy vụ này vào tù là hết hổ báo liền",0,"Hờ Mee VN mình không giống tụi tư_bản đâu mà lo bạn ơi , mấy vụ này vào tù là hết hổ báo liền"
T đang xem cc gi thế này,1,T đang xem cc gi thế_này
T mà ở đó,0,T mà ở đó
kiểu cha nào con nấy rồi,0,kiểu cha nào con nấy rồi
cày thuê bk sủa nhưu thật,1,cày thuê bk sủa nhưu thật
Đúng là pro player game lol ngang trình ma vương r a,0,Đúng là pro player game lol ngang trình ma vương_r a
Tổ cụ bọn khốn nạn của xã hội bọn này sẽ bị đập nát ng,2,Tổ cụ bọn khốn_nạn của xã_hội bọn này sẽ bị đập nát ng
ace nào mún có đầu tóc ưng ý chơi tết thì cứ lh em nha,0,ace nào mún có đầu tóc ưng_ý chơi tết thì cứ lh em nha
"đúng rồi cũng chỉ là 1 con vi rút ko bao giờ , đạo nhạc thôi mà",1,"đúng rồi cũng chỉ là 1 con vi_rút ko bao_giờ , đạo_nhạc thôi mà"
Trịnh Kiệt Minh hình ảnh t ở đâu đây,0,Trịnh_Kiệt_Minh hình_ảnh t ở đâu_đây
ghét nhất bọn nhà báo giật tít.,2,ghét nhất bọn nhà_báo giật_tít .
Kịch bản củ xì nhưng rất hiệu quả đối với bọn bất lương.,2,Kịch_bản củ_xì nhưng rất hiệu_quả đối_với bọn bất_lương .
I love u pặc pặc 😘,0,I love_u pặc pặc 😘
Thế e thích làm phù thuỷ r bạn nam phải làm s đây a nhỉ😆,0,Thế e_thích làm phù_thủy r bạn nam phải làm s đây a_nhỉ 😆
Ông hé,0,Ông hé
Mấy đứa này gây nhiều tội ác sau này về già bị bệnh tật hoặc ko sinh con được lúc đó mọi người lại bảo tội nghiệp,1,Mấy đứa này gây nhiều tội_ác sau_này về già bị bệnh_tật hoặc ko sinh con được lúc đó mọi người lại bảo tội_nghiệp
Đáng sợ:))) thả tim cho abe❤️,0,Đáng sợ :)) thả tim cho abe ❤ ️
Nhà mày thì kinh rồi,1,Nhà_mày thì kinh rồi
con ruồi đít phát sáng,2,con ruồi đít phát sáng
Mã cha nhà mày mắt để sau gáy hả???????,1,Mã_cha nhà mày mắt để sau gáy hả ? ?
Chậm cái đcm chúng m à nhai mãi đéo chán à,2,Chậm cái đcm chúng m à_nhai mãi đéo chán à
Rên như kiểu bị địt toác lồn vậy,2,Rên như kiểu bị địt toác lồn vậy
"có cái nịt, xăng còn chẳng còn",0,"có cái nịt , xăng còn chẳng còn"
ĐM TOÀN KHOE NG NÀY CÓ CỦA NG KIA CÓ NHÀ MÀ MÌNH ĐÉO CÓ CON MẸ J,1,ĐM_TOÀN KHOE_NG NÀY CÓ_CỦA NG_KIA CÓ NHÀ MÀ MÌNH ĐÉO_CÓ CON MẸ J
trọng tài như cc,2,trọng_tài như cc
Như thằng điên,2,Như thằng điên
Điệp Thương buồi a mày,2,Điệp Thương_buồi a_mày
"Ủa, là không đc chu0j hay sao ạ :3",0,"Ủa , là không đc_chu0j hay sao ạ : 3"
có cái nịt rách,1,có cái nịt rách
Đánh như con cặc,2,Đánh như con cặc
chết chưa mai chủ nhật nó dí một cái hé thôi rồi,0,chết chưa mai chủ_nhật nó dí một cái hé thôi rồi
Nói chuyện zô zăn hóa là mày coy ckung` tao bắn chết đó nhe mày =))),1,Nói_chuyện zô zăn hóa là mày coy ckung ` tao bắn chết đó nhe mày =))
Nguyễn Thịnh 6 múi luôn kìa,0,Nguyễn_Thịnh 6 múi luôn kìa
Đcm,1,Đcm
gắt để cúng giỗ đầu cho ô bà già m chứ. Thg cha con mẹ đang hấp hối thoi thoi của mày đâu r xúc vật ơi. Đéo lo chôn cha mẹ m đi mà đi cắn bậy cho thg tiểu nhân Viruss nhiều thế con chó,2,gắt để cúng_giỗ đầu cho ô bà già m chứ . Thg cha_con mẹ đang hấp_hối_thoi thoi của mày đâu r_xúc vật ơi . Đéo lo chôn cha_mẹ m đi mà đi cắn bậy cho thg tiểu_nhân Viruss nhiều thế con chó
"suy nghĩ trước khi nói, nói chuyện lấp lửng? Thường nó chỉ đăng duy nhất một bài và bài đó đủ để nêu hết ý rồi lấp lửng cái gì? Chả lẽ 1 ngày đăng cả trăm bài để giải thích rõ từng chi tiết nhỏ của câu chuyện à? Lấy luật sư ra hù thiên hạ? Đụ… Xem thêm",0,"suy_nghĩ trước khi nói , nói_chuyện lấp_lửng ?_Thường nó chỉ đăng duy_nhất một bài và bài đó đủ để nêu hết_ý rồi lấp_lửng cái gì ? Chả_lẽ 1 ngày đăng cả trăm bài để giải_thích rõ từng chi_tiết nhỏ của câu_chuyện à ? Lấy luật_sư ra hù thiên_hạ ?_Đụ … Xem thêm"
Ta nói Việt Nam mà có luật chặt bỏ tứ chi của máy thằng này thì làm gì có chộm cướp,1,Ta nói Việt_Nam mà có luật chặt bỏ tứ_chi của máy thằng này thì làm_gì có chộm cướp
Thằng chó có tự trọng thì cút về nc mày đi thằng chó,2,Thằng chó có tự_trọng thì cút về nc mày đi thằng chó
Lại khịa rồi anh ơi :)))),0,Lại khịa rồi anh ơi :))
Hoàng Anh Đỗ đây nè,0,Hoàng_Anh Đỗ_đây nè
K thấy tội chỗ nào mê trai đào thai mới hết,0,K thấy tội_chỗ nào mê_trai đào_thai mới hết
Maruko Linh,0,Maruko Linh
Mày muốn mất acc à,1,Mày muốn mất acc à
Cai miệng ba nay chua hêt nghiệp lai tao nghiệp nua roi.phu ni gì ma tho tức miệng co doi ma thui nua,1,Cai miệng ba nay chua hêt_nghiệp lai tao_nghiệp nua roi.phu ni gì ma_tho tức_miệng co_doi ma thui_nua
Thời của khó khăn loạn lạc,0,Thời của khó_khăn loạn_lạc
anh có nhận cày thuê từ bạck kim xuống bạc không a . thấy mọi người bảo a làm việc này dễ :)),0,anh có nhận cày thuê từ bạck kim xuống bạc không a . thấy mọi người bảo_a làm_việc này dễ :))
Cút cmm đê,2,Cút cmm đê
Địt con mịe mày lm ăn kiểu thế còn xin lỗi cái đéo j nữa,2,Địt con mịe mày lm ăn kiểu thế còn xin_lỗi cái đéo j nữa
Dễ thương và duyên quá Cô ơi. Love Cô.,0,Dễ_thương và duyên quá Cô ơi . Love_Cô .
"Nó đánh ngta xong bảo nhà ko thiếu tiền, thằng khốn này phải xử nó nặng b ơi",2,"Nó đánh ngta xong bảo nhà ko thiếu tiền , thằng khốn này phải xử nó nặng b ơi"
Vc dct đánh rank bk toàn âm mạng ??? Sợ thật,0,Vc dct đánh rank bk toàn âm_mạng ? ?_Sợ thật
"tự dưng thành fan jack lúc nào k hay, tao fan jack... Jack Sparrow",0,"tự_dưng thành fan jack lúc_nào k hay , tao fan jack .. Jack_Sparrow"
Ngọc Duyên tyler1 phiên bản suy dinh dưỡng,0,Ngọc_Duyên tyler1 phiên_bản suy_dinh_dưỡng
dick,1,dick
cai cc,1,cai cc
Người Mê Viết Nói hồi lòi nết kì thị vùng miền liền,0,Người Mê_Viết_Nói hồi_lòi nết_kì_thị vùng_miền liền
nhìn thằng cha nó là biết nhà nó toàn lũ mất dạy rồi mà với cái tn này thì có thằng cha của thằng cha nó đội mồ dậy cũng k cứu đc 3 cha con nhà nó,2,nhìn thằng_cha nó là biết nhà nó toàn lũ mất dạy rồi mà với cái tn này thì có thằng_cha của thằng_cha nó đội mồ_dậy cũng k cứu đc 3 cha_con nhà nó
Da thị ba,0,Da_thị ba
Công an bớt tập trung thổi cồn để giành thời gian đó bắt mấy thằng này thì dân đỡ khổ,0,Công_an bớt tập_trung thổi cồn để giành thời_gian đó bắt mấy thằng này thì dân đỡ khổ
"Bọn chó sư khởi nghiệp này, chúng lợi dụng sự thiếu hiểu biết và tư duy kém cỏi của tầng lớp lao động phổ thông, kém tri thức để trục lợi",2,"Bọn chó_sư khởi_nghiệp này , chúng lợi_dụng sự thiếu hiểu_biết và tư_duy kém_cỏi của tầng_lớp lao_động phổ_thông , kém tri_thức để trục_lợi"
Coi hả hê vc,0,Coi hả hê vc
cái chính quyền như cái lờ,1,cái chính_quyền như cái lờ
Lí do luật nên gắn thêm biển ở trước xe máy,0,Lí_do luật nên gắn thêm biển ở trước xe_máy
Kêu bà phương hằng phốt,0,Kêu bà phương hằng phốt
"Thà im đéo nói thì hơn,đ phải fan hay anti nhưng đm cái trình kc bẩn thì nên bỏ cái tôi xuống thì với tiến bộ dc Ăn nói kiểu bô kích",1,"Thà im_đéo nói thì hơn , đ phải fan hay anti nhưng đm cái trình kc bẩn thì nên bỏ cái tôi xuống thì với tiến_bộ dc Ăn_nói kiểu bô_kích"
may cut ve phap di troussier a thang boc phet mom dieu..,2,may cut ve_phap di_troussier a_thang boc phet mom dieu ..
ê để t xem kiện xong ai mới là người phải bồi thường nhé nhỏ tam quan lệch lạc,0,ê để t xem kiện xong ai mới là người phải bồi_thường nhé nhỏ tam_quan_lệch lạc
Trọng tài bt tiếng Việt Nam hả chia sẽ review phim tiếng Việt,0,Trọng_tài bt tiếng Việt_Nam hả chia sẽ review phim tiếng Việt
Nếu bác về Việt Nam tôi sẽ rất vui,0,Nếu bác về Việt_Nam tôi sẽ rất vui
Nhin mat con mu nay giong lu tau khua,2,Nhin mat con mu nay giong lu_tau khua
"Trọng tài như mày thì nghỉ con mẹ mày đi cho bóng đá Đông Nam Á còn có cơ hội phát triển, thằng trọng tài ngu xuẩn dốt nát",2,"Trọng_tài như mày thì nghỉ con mẹ mày đi cho bóng_đá Đông_Nam_Á còn có cơ_hội phát_triển , thằng trọng_tài ngu xuẩn dốt nát"
Xin cái đéo j,1,Xin cái đéo j
Mẹ mày bắc xong đi xin lỗi,2,Mẹ mày bắc xong đi xin_lỗi
Fake mà mn chửi chi mất công,0,Fake mà mn chửi chi mất_công
Tài khoản fake,0,Tài_khoản fake
Thầy lol chúc chỉ có rớt,1,Thầy lol chúc chỉ có rớt
Tin nhắn đến vậy mà báo thì bảo là gia đình hiền lắm,0,Tin nhắn đến vậy mà báo thì bảo là gia_đình hiền lắm
Thôi mọi người đừng nói chú ấy nữa,0,Thôi mọi người đừng nói chú ấy nữa
Già rồi cút đi,1,Già rồi cút đi
Này mới đúng nè https://www.facebook.com/iigiz3,0,Này mới đúng nè https://ww.facebook.com/iigiz3
Fan cô Minh hiếu đâu taaaa ❤️,0,Fan cô Minh_hiếu đâu taa_❤ ️
Lời xin lỗi muộn màng Ông trọng tài như cứt,2,Lời xin_lỗi muộn_màng Ông trọng_tài như cứt
Lại một thằng óc tôm.,2,Lại một thằng óc tôm .
Sống chậm thôi các bạn :)),0,Sống chậm thôi các bạn :))
Tôi là xin vĩnh biệt cụ,0,Tôi là xin vĩnh_biệt cụ
Yess,0,Yess
1 đời liêm khiết cho K-ICM,0,1 đời liêm_khiết cho K-ICM
Và đây là a độ trông con khi chị trang đi vắng🤣🤣🤣,0,Và đây là a_độ trông con khi chị trang đi vắng_🤣 🤣
"Quá mất dạy . Đồng bọn với con Bò Thái Ngọc Nhiên ở An Giang  . Lũ Cầu Cá Móng Phèn vô học mất dạy lại tham tiền vô đối bất chấp sĩ diện ( vô chổ làm Hộ Chiếu thấy rất nhiều chị em cá gô bỏ trong gổ chuẩn bị xuất ngoại qua ..Sing , Mã làm diệc j chắc ai cũng biết ngoài bọn như con Linh Lờ qua Hàn , Đài chống lầy kiếm lúa",2,"Quá mất dạy . Đồng_bọn với con Bò_Thái Ngọc_Nhiên ở An_Giang . Lũ Cầu_Cá Móng_Phèn vô_học mất dạy lại tham tiền vô_đối_bất_chấp_sĩ diện ( vô_chổ làm Hộ_Chiếu thấy rất nhiều chị_em cá gô bỏ trong gổ chuẩn_bị xuất_ngoại qua .. Sing , Mã_làm diệc j chắc ai cũng biết ngoài bọn như con Linh_Lờ qua Hàn , Đài chống lầy kiếm lúa"
Nguyễn Bá Quang vào xem cmt ko vui như trk đkm cno óc chó vl,2,Nguyễn_Bá_Quang vào xem cmt ko vui như trk đkm cno_óc chó vl
xa Thải huấn luyện viên nhanh còn kịp.. chưa bao giờ bóng đá Việt Nam đá tệ như vậy,1,xa Thải huấn_luyện_viên nhanh còn kịp .. chưa bao_giờ bóng_đá Việt_Nam đá_tệ như_vậy
thằng lồn này chỉ biết tham Mu chứ biết cc gì,2,thằng lồn này chỉ biết tham_Mu chứ biết cc gì
óc chó,1,óc chó
Deo vang bong khg vay me bong bu cat cho,2,Deo vang bong khg vay me bong bu cat cho
Con chó nó cũng thấy nghi ngờ đến ngửi rồi,0,Con chó nó cũng thấy nghi_ngờ đến ngửi rồi
Xin lỗi cc xin lỗi làm cho anh tôi ko bị thương à giờ tao đấm vào mặt ông tao kêu xl là ok chứ j,1,Xin_lỗi cc xin_lỗi làm cho anh tôi ko bị_thương à giờ tao đấm vào mặt ông tao kêu xl là ok chứ j
Đoàn Trung Hiếu vãi loinmm,2,Đoàn Trung_Hiếu vãi loinmm
ủa bạn dữ chưa t nhớ thằng quyền nó nói là nó dùng 3m để m làm mà như thuê thôi bạn bè gì?,0,ủa bạn dữ chưa t nhớ thằng quyền nó nói là nó dùng 3 m để m làm mà như thuê thôi bạn_bè gì ?
"Tết đến lương về mua xu may mắn lì xì, tặng quà tết bạn bè người thân mọi người eii",0,"Tết đến lương về mua xu may_mắn lì_xì , tặng quà tết bạn_bè người_thân mọi người eii"
Mày chỉ là con cờ hó oách sờ lách làm gì câu view ah vũ khác tiệp,2,Mày chỉ là con cờ hó oách sờ_lách làm gì câu view ah_vũ khác tiệp
Súc vat,1,Súc vat
Quan va. Dan nhu nhau phai ton trong phap luat. Khong thuen vi mot ai?,0,Quan_va . Dan nhu nhau phai_ton trong phap luat . Khong thuen vi_mot ai ?
Trọng tài fake ae chửi làm j tốn nước miếng,0,Trọng_tài fake ae chửi làm j tốn nước miếng
Bọn trộm cắp này lấy không từ ai cả,1,Bọn trộm_cắp này lấy không từ ai cả
Fb Pha-ke mấy cha ưi...,0,Fb Pha-ke mấy cha ưi ..
mày thì gái có l*n là mê à,2,mày thì gái có l * n là mê à
Sion live action Phú Vinh,0,Sion live action Phú_Vinh
Ngu mực,1,Ngu mực
"đéo làm được con cặc gì ngồi múa phím suy diễn đm tụi bây , làm được cái gì như người ta rồi hãy nói loại ghen ăn tức ở",2,"đéo làm được con cặc gì ngồi múa phím suy_diễn đm tụi bây , làm được cái gì như người ta rồi hãy nói loại ghen ăn_tức ở"
Nói sao khi bị người dân bắt được đánh đến chết,1,Nói sao khi bị người_dân bắt được đánh đến chết
Xin lỗi cái đmm à,2,Xin_lỗi cái đmm à
bú muốn cạn tinh lực con chim thằng em kata chơi chung luôn mà :)),2,bú muốn cạn tinh_lực con chim thằng em kata chơi chung luôn mà :))
như th dở cáu cũng phải lí chứ nhỉ . Tự mình chiêu ngu sau sủa như 1 con chó ngu,2,như th dở_cáu cũng phải lí chứ nhỉ . Tự mình chiêu_ngu sau sủa như 1 con chó ngu
Top mạnh nhất là top 2 người :)),0,Top mạnh nhất là top 2 người :))
Địt mẹ tổ cái thằng súc vật óc chó,2,Địt mẹ tổ cái thằng súc vật_óc chó
Con quỷ ngọc hiếu.. Cái thứ ngu ngục tù.. Đou mẹ nó bị con minh hiếu chửi sắp mặt lozz.. giờ lại áp phe với con minh hiếu...ko biết sĩ diện...,2,Con quỷ ngọc_hiếu .. Cái thứ ngu ngục tù .. Đou mẹ nó bị con minh_hiếu_chửi sắp mặt lozz .. giờ lại áp_phe với con minh_hiếu .. ko biết_sĩ diện ..
Ok Haha Thằng Kid này sủa hay,1,Ok Haha Thằng Kid này sủa hay
Thôi đi con đi cho nieu mày giao quá mà làm thấy mộ noi đo đi,2,Thôi đi con đi cho nieu mày giao quá mà làm thấy mộ noi đo đi
Em thấy cũng ổn mà nhỉ 🙄,0,Em thấy cũng ổn mà nhỉ 🙄
https://www.facebook.com/iigiz3 Đây mới là acc thật Mn ơi:),0,https://ww.facebook.com/iigiz3 Đây mới là acc thật Mn ơi :)
Dan ông toi một lũ cho chết,2,Dan ông toi một lũ cho chết
:)))) cứ dùng kiểu content bẩn này mà hút tương tác đi. Đúng là 30 tuổi đầu có lớn đ có khôn anh zai nhỉ,1,:)) cứ dùng kiểu content_bẩn này mà hút tương_tác đi . Đúng là 30 tuổi_đầu có lớn đ có khôn anh zai nhỉ
thử con nhung lây cho m thử .m k chử nó đi .đạo đức giả,1,thử con nhung lây cho m thử . m k chử nó đi . đạo_đức giả
":)) đi khám mắt đi ạ , tôi mắt cận nhưng nhìn còn rõ hơn ai kia",0,":)) đi khám mắt đi ạ , tôi mắt_cận nhưng nhìn còn rõ hơn ai kia"
truyền thống văn hóa tốt đẹp từ thời hòn dái viễn đông nhé :v,1,truyền_thống văn_hóa tốt_đẹp từ thời hòn dái viễn đông nhé : v
Thảo mai quá nó ố dè nghe bực luô,0,Thảo_mai quá nó ố_dè nghe bực_luô
Đào Hồng Hạnh xin lỗi cc,1,Đào_Hồng_Hạnh xin_lỗi cc
Thằng này trận nào cũng bảo quết Thắng với 3 điểm mà chẳng làm được,1,Thằng này trận nào cũng bảo_quết Thắng với 3 điểm mà chẳng làm được
Các man sống chậm tý nào,0,Các man sống chậm_tý nào
Luv,0,Luv
"Ngay cả việc cứu dân vùng lũ mà chính tay bọn cầm đầu ở trên thủy điện gây ra mà chúng cũng ko làm được rồi lại đi ganh ghét với những người như PA vì đã giúp được dân và dân ủng hộ,nếu như ở mấy nước đa đảng thì nó lật cái bọn chóp bu này lâu rồi,ăn ở ko rồi lại địt thúi",1,"Ngay cả việc cứu dân vùng lũ mà chính tay bọn cầm_đầu ở trên thủy điện gây ra mà chúng cũng ko làm được rồi lại đi ganh_ghét với những người như PA vì đã giúp được dân và dân ủng_hộ , nếu_như ở mấy nước đa_đảng thì nó lật cái bọn chóp_bu này lâu rồi , ăn_ở ko rồi lại địt thúi"
Phan Linh đb ct có lm j đâu ? Mà ss chán,1,Phan_Linh_đb ct có lm j đâu ? Mà ss chán
Đ c m bắt láo giờ xl tấu hài à,1,Đ c m bắt_láo giờ xl_tấu hài à
Con đỷ mẹ mày con chó,2,Con đỷ mẹ mày con chó
Chó,1,Chó
Hình như đây là acc giả các bạn ạ :)),0,Hình_như đây là acc giả các bạn ạ :))
Mày về mẹ Pháp đi đỡ nhớp mắt bóng đá Việt nam đi xuống tại Mày,1,Mày về mẹ Pháp đi đỡ nhớp_mắt bóng_đá Việt_nam đi xuống tại Mày
May thang loz nay .méo song tho dau .cha me tui no ganh cong lung,2,May_thang loz nay . méo song tho dau . cha me tui no ganh cong lung
Được thực sự,0,Được thực_sự
Từ nay anh em ko được gọi bà gà nữa nhé kêu ba pro nhé =)),0,Từ nay anh_em ko được gọi bà gà nữa nhé kêu ba pro nhé =))
that la vl,0,that la vl
Địt mẹ chó,2,Địt mẹ chó
vcl mấy thằng liệt não =)),2,vcl mấy thằng liệt não =))
Dương đông kích tây,0,Dương đông_kích tây
Chúc cô à lộn thầy Ba 20/10 vui vẻ :v,0,Chúc cô à_lộn thầy Ba_20/10 vui_vẻ : v
Xem video này mà thương con nhiều lắm,0,Xem video này mà thương con nhiều lắm
Cái dm dm dm,2,Cái dm dm dm
"Mong muốn khởi nghĩa để đất nước giống ukranie, syria, iraq là ước mơ cháy mỏng của ad",0,"Mong_muốn khởi_nghĩa để đất_nước giống ukranie , syria , iraq là ước_mơ cháy mỏng của ad"
Việt Nam Hồ Chí Minh,0,Việt_Nam Hồ_Chí_Minh
"Bọn này chắc không được học hành, không được giáo dục, không biết nhục là gì, người có học, có đạo đức hiểu những gì không phải là của mình thì có năn nỉ cho người ta cũng không lấy",2,"Bọn này chắc không được học_hành , không được giáo_dục , không biết nhục là gì , người có_học , có đạo_đức hiểu những gì không phải là của mình thì có năn_nỉ cho người ta cũng không lấy"
Chuẩn a ưii,0,Chuẩn a ưii
Địt mẹ mày thằng ăn hại thằng bất tài,2,Địt mẹ mày thằng ăn_hại thằng bất_tài
Nhìn mặt tk bố là bt ác rồi,2,Nhìn mặt tk_bố là bt ác rồi
"Chưa đủ 16 tuổi cũng ngồi tù giáo dưỡng đc rồi,đủ tuổi sẽ đi tù nhé. Mong pháp luật đứng về phía công bằng",0,"Chưa đủ 16 tuổi cũng ngồi tù_giáo_dưỡng đc rồi , đủ tuổi sẽ đi tù nhé . Mong pháp_luật đứng về phía công_bằng"
Guk,0,Guk
"Gieo nhân gặt quả, về sau sẽ lãnh hậu quả thôi",1,"Gieo_nhân gặt quả , về sau sẽ lãnh hậu_quả thôi"
"bọn công an khốn nạn thì đúng hơn...đà nẵng không có nạn chộm xe máy,đơn giản vì Nguyễn bá Thanh nói 1 câu:"" cứ xuất hiện chộm cắp là do trách nhiệm của giám đốc công an.nhà nước trả lương cho các anh không phải là để ngồi đấy chờ hết tháng rồi nhận lương mà để các anh chịu trách nhiệm.tôi không cần biết,cứ hễ dân mất chộm là do công an""",2,"bọn công_an khốn_nạn thì đúng hơn .. đà_nẵng không có nạn chộm xe_máy , đơn_giản vì Nguyễn_bá_Thanh nói 1 câu : "" cứ xuất_hiện chộm_cắp là do trách_nhiệm của giám_đốc công_an . nhà_nước trả lương cho các anh không phải là để ngồi đấy chờ hết tháng rồi nhận lương mà để các anh chịu trách_nhiệm . tôi không cần biết , cứ hễ dân mất chộm là do công_an """
"học dối - học giả...kiến thức nông cạn, phát biểu nông nỗi!...Japan Technology thương hiệu toàn cầu mà đi chê bai !!!... làm ảnh hưởng đến quan hệ hữu nghị hợp tác với đối tác Nhật Bản...Ai làm được việc- người ấy có lý!!!...đằng nầy công nghệ xử lý nước thối made in Hà nội của nhóm lợi ích chưa làm được gì trong khi $ tiền thuế của dân đã đổ hàng bao nhiêu tỷ bạc vào mà nước thối vẫn thối!!!...",1,"học_dối - học_giả .. kiến_thức nông_cạn , phát_biểu nông_nỗi ! .. Japan_Technology thương_hiệu toàn_cầu mà đi chê_bai ! ! .. làm ảnh_hưởng đến quan_hệ hữu_nghị hợp_tác với đối_tác Nhật_Bản .. Ai làm được_việc - người ấy có_lý ! ! .. đằng_nầy công_nghệ xử_lý nước thối made in Hà_nội của nhóm lợi_ích chưa làm được gì trong khi $ tiền thuế của dân đã đổ hàng bao_nhiêu tỷ_bạc vào mà nước thối vẫn thối ! ! .."
Ok Haha súc vật rác 5 củ là lũ súc vật của nó,2,Ok Haha súc_vật rác 5 củ là lũ súc_vật của nó
Thứ nốn lừng. Chơi game mà rên như chó đéo.,2,Thứ nốn lừng . Chơi game mà rên như chó đéo .
Như thằng trẩu tre,1,Như thằng trẩu tre
Dm nó chỉ diễn và thực hành chỉ có cái đất nước VN.nó khốn khổ tới phải dàn cảnh,2,Dm nó chỉ diễn và thực_hành chỉ có cái đất_nước VN.nó khốn_khổ tới phải dàn cảnh
sao cháu mực ngu ngu thế,2,sao cháu mực ngu ngu thế
Có video đó mấy anh cán bộ đâu rồi. Hay chỉ lo canh bắt dân,1,Có video đó mấy anh cán_bộ đâu rồi . Hay chỉ lo_canh bắt dân
Bắn bỏ đi thứ lắm Tiền mà cặn bã xã hội,2,Bắn bỏ đi thứ lắm Tiền mà cặn_bã xã_hội
ngu thì nhận đi abe,1,ngu thì nhận đi abe
Nguyễn Quang ngầu v bạn=))),0,Nguyễn_Quang_ngầu v bạn =))
"you must die, you are shit, why don't you give a red card in this situation",2,"you must die , you are shit , why don't you give a red card in this situation"
"Ngọc Nữ wow ,bỏ con ,vô ơn mà các bạn vẫn thần tượg được :)) thằng chồng bạn sau nó cũng làm vậy thì bạn thấy vẫn ok quá nhỉ :)))",1,"Ngọc_Nữ wow , bỏ con , vô_ơn mà các bạn vẫn thần_tượg được :)) thằng chồng bạn sau nó cũng làm_vậy thì bạn thấy vẫn ok quá nhỉ :))"
"Bạn là 1 trọng tài để lại dấu ấn tồi tệ nhất cho bóng đá, làm xấu hình ảnh của đội ngũ trọng tài (You are an arbitrator to leave the worst mark for football, do bad image of the arbitration team)",0,"Bạn là 1 trọng_tài để lại dấu_ấn tồi_tệ nhất cho bóng_đá , làm xấu hình_ảnh của đội_ngũ trọng_tài ( You are an_arbitrator to leave the worst mark for football , do bad image of_the arbitration team )"
"Xin chào các bạn, hôm nay Sói sẽ hướng dẫn các bạn cắn kẹo xê xủi hương cam :v",0,"Xin chào các bạn , hôm_nay Sói sẽ hướng_dẫn các bạn cắn kẹo xê_xủi hương cam : v"
Mẹ mày đủ trinh ki,1,Mẹ mày đủ trinh_ki
"nó bênh thằng rách, m bênh nó thì khác cái đéo j nhỉ? m bênh nó đồng nghĩa với việc m cho rằng luận điểm của nó đúng và m đang bảo vệ luận điểm ấy(câu con bn m cmt). 2 đứa bạn quen nhau hèn gì đần như nhau",2,"nó bênh thằng rách , m bênh nó thì khác cái đéo j nhỉ ? m bênh nó đồng_nghĩa với việc m cho rằng luận_điểm của nó đúng và m đang bảo_vệ luận_điểm ấy ( câu con bn m cmt ) . 2 đứa bạn quen nhau hèn_gì đần như nhau"
Nền bóng đá Việt Nam ngày càng được fifa xếp hạng kakak,0,Nền bóng_đá Việt_Nam ngày_càng được fifa xếp_hạng kakak
"Bửa nào kêu bọn đầu gấu giết hết gia đình Ad. Lúc đó nó sẽ post: Giết người thì nó bắt, trộm nó bỏ tù, lương thiện nó tha. Mồ tổ cha mày rảnh hơi, hết chuyện làm hả mậy. Gặp tao là tao giết lun chứ bỏ tù chi",2,"Bửa nào kêu bọn đầu_gấu giết hết gia_đình Ad . Lúc đó nó sẽ post : Giết người thì nó bắt , trộm nó bỏ tù , lương_thiện nó tha . Mồ_tổ cha mày rảnh_hơi , hết chuyện làm hả_mậy . Gặp tao là tao giết lun chứ bỏ tù chi"
"r Minh Hiếu làm gì mà chửi hả con thiểu năng, có não ko bt suy nghĩ ak, chưa chắc gì mấy đứa ghép hình nó vs MH là fan của MH",2,"r Minh_Hiếu làm gì mà chửi hả con thiểu_năng , có não ko bt suy_nghĩ ak , chưa chắc gì mấy đứa ghép hình nó vs_MH là fan của MH"
Cái lòn má mày mất dạy,2,Cái lòn má mày mất dạy
"Mẫn Đạt bất tài . không có phản ứng , chỉ nói bằng mồm .",1,"Mẫn_Đạt bất_tài . không có phản_ứng , chỉ nói bằng mồm ."
đâu biến súc vật thành con người dc,2,đâu biến_súc vật_thành con_người dc
Bốn đi ông liền,1,Bốn đi ông liền
"Nguyên Dảk chửi 1 lần cũng là chửi, 10 lần cũng là chửi =)))), giờ còn có thang đo độ văn minh theo tần suất chửi à =)))",1,"Nguyên_Dảk chửi 1 lần cũng là chửi , 10 lần cũng là chửi =)) , giờ còn có thang đo_độ văn_minh theo tần_suất chửi à =))"
Trong tài lol,2,Trong tài_lol
Rồi đời chúng mày ko ra gì đâu.,1,Rồi đời chúng_mày ko ra gì đâu .
Cutdidjtmemayoclolbadau,2,Cutdidjtmemayoclolbadau
"Tôi bảo ô ad nhé, ô mở phim sex lên, vặn loa hết cỡ mà nghe diễn viên họ rên sẽ tốt cho não hơn là đi đôi co với phản biện với lũ tiến sĩ việt +",1,"Tôi bảo ô ad nhé , ô mở phim sex lên , vặn_loa hết cỡ mà nghe diễn_viên họ rên sẽ tốt cho não hơn là đi đôi_co với phản_biện với lũ tiến_sĩ việt +"
Bán ba cái nước hoa xạo,1,Bán ba cái nước hoa xạo
Nhờ sự miệt mài ngồi nhà cổ vũ của a mà RF mới có ngày hnay,0,Nhờ sự miệt_mài ngồi nhà cổ_vũ của a mà RF mới có ngày hnay
Cai toi thay trai keu la ra tiep ne,0,Cai_toi thay trai keu_la ra tiep ne
Tuyệt quá ạ lm tới ln anh ơi,0,Tuyệt quá ạ lm tới ln anh ơi
Tổ tiên nhà mày húp máu lồn,2,Tổ_tiên nhà mày húp máu lồn
Có acc nào kc không mực 1 nắng,0,Có acc nào kc không mực 1 nắng
Ri cái cc,1,Ri cái cc
ĐÃ BÊ ĐÊ RỒI CÒN BỊ BỆNH XẠO LỒN,2,ĐÃ BÊ ĐÊ RỒI CÒN BỊ BỆNH XẠO LỒN
Mẹ tụi ko có não mới kếu là phản động. Ko hiểu chuyen j ma cu nói tới cs la tụi nó nhảy tưng tưng lên ý như là ăn hết của ông bà ông vãi tụi nó mẹ ngu dốt mà tưởng thông minh,2,Mẹ tụi ko có não mới kếu là phản_động . Ko hiểu chuyen j ma cu nói tới cs_la tụi nó nhảy_tưng tưng lên_ý như là ăn hết của ông_bà ông vãi tụi nó mẹ ngu_dốt mà tưởng thông_minh
"Mày nên cút khỏi Việt Nam chúng tao đi làm ơn, mày đã phá hủy hoàn toàn bóng đá Việt Nam rồi",1,"Mày nên cút khỏi Việt_Nam chúng_tao đi làm_ơn , mày đã phá_hủy hoàn_toàn bóng_đá Việt_Nam rồi"
Người ta nói chuyện hỏi đường ko nói chuyện với họ thì bảo thế này thế kia rồi chỉ đường cho bọn nó xong rồi tiện lấy xe đi luôn cho nhánh,0,Người ta nói_chuyện hỏi đường ko nói_chuyện với họ thì bảo thế_này thế kia rồi chỉ đường cho bọn nó xong rồi tiện lấy xe đi luôn cho nhánh
Mong trọng tài mau chết,2,Mong trọng_tài mau chết
"Cộng sản luôn đúng, nếu cộng sản sai thì mày là thằng phản động",1,"Cộng_sản luôn đúng , nếu cộng_sản sai thì mày là thằng phản_động"
Không bé ơi,0,Không bé ơi
Cuộc sống bạc với người tốt quá,0,Cuộc_sống bạc với người tốt quá
Xin lỗi con cặc ép vn tao nặng nề r bây giờ qua xl đéo chấp nhận nhé thằng chó,2,Xin_lỗi con cặc ép vn tao nặng_nề r bây_giờ qua xl đéo chấp_nhận nhé thằng chó
go away việt nam,1,go away việt_nam
Cũng nhờ có quan chúng bây mới ko là 1tỉnh của Tàu khựa or làm chó ngoan của Mỹ,1,Cũng nhờ có quan chúng bây mới ko là 1 tỉnh của Tàu khựa or làm chó ngoan của Mỹ
Game gì đây ae,0,Game gì đây ae
Bọn bò đỏ ngu hết thuốc chữa! GDP của vc phải 15 năm nữa mới bằng Thái lan !,2,Bọn bò đỏ_ngu hết thuốc chữa ! GDP của vc phải 15 năm nữa mới bằng Thái_lan !
"thấy Chị Chi dễ thương quá hà. , nhất cụm từ ""chứ nhiêu"". ""chứ nhiêu"", h",0,"thấy Chị Chi dễ_thương quá hà . , nhất_cụm_từ "" chứ nhiêu "" . "" chứ nhiêu "" , h"
ai có link beat cho mình xin đc ko ?,0,ai có link beat cho mình xin đc ko ?
cay lắm =)))) nma coi thằng nay cay hả hê vcl =)))),0,cay lắm =)) nma coi thằng nay cay hả hê vcl =))
Từ chức đi troussier,0,Từ_chức đi troussier
https://www.facebook.com/iigiz3 acc chính nè,0,https://ww.facebook.com/iigiz3 acc chính nè
Nhiều trường hợp mất vì cùng đồng bọn với nhau đánh lạc hướng cho cô gái mãi nói chuyện để thằng đằng sau lấy xe chạy.,0,Nhiều trường_hợp mất vì cùng đồng_bọn với nhau đánh_lạc hướng cho cô gái mãi nói_chuyện để thằng đằng sau lấy xe chạy .
"hảo việt vị ( You know how to be a referee, you only know how to pay. )",0,"hảo việt_vị ( You know how to_be a_referee , you only know how to pay . )"
"30:03 ""Con Đ.Ĩ L.OZ Thúi""🦋😂😂",1,"30 : 03 "" Con Đ.Ĩ L.OZ_Thúi "" 🦋_😂 😂"
Con Chó có Linh cảm đúng ghê tội cho Cô Gái,0,Con Chó có Linh_cảm đúng ghê_tội cho Cô Gái
Sory cl,1,Sory cl
Soryyyyyyy fuck,1,Soryy fuck
Ủa cái quần thể gì dậy? Mới chửi người ta rồi quay lại khen :)? Ủa nulo hả? Cd :) ? Nói chuyện như cái lông loz dậy đó :),2,Ủa cái quần_thể gì dậy ?_Mới chửi người ta rồi quay lại khen_:) ?_Ủa nulo hả ? Cd_:) ? Nói_chuyện như cái lông loz dậy đó :)
Sao chúa có thể sinh ra những người như ông,1,Sao_chúa có_thể sinh ra những người như ông
thôi lỗi lỗi cc j nx,1,thôi lỗi lỗi cc j nx
Cô dễ thương quá ❤️❤️❤️,0,Cô dễ_thương quá ❤_️ ❤_️ ❤ ️
Ngọc Huy học hỏi idol để có quả đầu đẹp nha =))),0,Ngọc_Huy học_hỏi idol để có quả đầu đẹp_nha =))
Nó bị mua rồi anh em,0,Nó bị mua rồi anh_em
Tổ sư nhà mày th sv trọng tài.,2,Tổ_sư nhà mày th sv trọng_tài .
Đm bắt được vụt gãy trân,1,Đm bắt được vụt gãy trân
ban xoi giong ban than qua ta,0,ban xoi_giong ban than qua ta
Tình hình 3 thằng này sao r mn,0,Tình_hình 3 thằng này sao r mn
Hông có chị kia hả,0,Hông có chị kia hả
Ae nên bảo nó chết ik,2,Ae nên bảo nó chết ik
Tấm chiếu mới ..,0,Tấm chiếu mới ..
Fuck you,2,Fuck you
Lên án cho đi tù gấp không nên để thành phần này ngoài xã hội,1,Lên_án cho đi tù gấp không nên để thành_phần này ngoài xã_hội
chúc mừng thầy chúm chím nha :)),0,chúc_mừng thầy chúm chím_nha :))
Một lũ ăn bám,2,Một lũ ăn bám
Ai có tấm ảnh mà ổng ko thổi fen k,0,Ai có tấm ảnh mà ổng ko thổi fen k
Cc,1,Cc
chơi với bạn mà lôi bạn ra để bet xong ăn 800k rồi cmt bên bài bạn thì cũng vừa lắm chứ chẳng phải k đâu mực ạ,0,chơi với bạn mà lôi bạn ra để bet xong ăn 800 k rồi cmt bên bài bạn thì cũng vừa lắm chứ chẳng phải k đâu mực ạ
"r, hiểu r, bạn là dlv :)) thôi mình out, k nói lại bạn đc, bye nhé",1,"r , hiểu r , bạn là dlv :)) thôi mình out , k nói lại bạn đc , bye nhé"
"Có anh Độ, Tết lúc nào chả vui",0,"Có anh Độ , Tết lúc_nào chả vui"
Cặp bot tấu hài vcsb,0,Cặp bot tấu hài_vcsb
Thằng chó mắt mù,2,Thằng chó mắt mù
Bọn xúc vật,2,Bọn xúc_vật
Nhà nước phải xây thêm nhà nghỉ cách ly để người ta còn đủn nhau trong lúc chờ kết quá,0,Nhà_nước phải xây thêm nhà_nghỉ cách_ly để người ta còn đủn nhau trong lúc chờ kết quá
"Mê trai,",0,"Mê_trai ,"
Con 3 vang ngoc mac ao dam giong quy,1,Con 3 vang ngoc mac ao dam giong quy
Nguyễn Hữu Dũng thế mới bản content đắy ông,0,Nguyễn_Hữu_Dũng thế mới bản content đắy ông
"Xin lỗi con khỉ đm đáng vs m lắm chơi bình thường không chơi, chơi gian lận, lòng tao lắm",1,"Xin_lỗi con khỉ đm đáng vs m lắm chơi bình_thường không chơi , chơi gian_lận , lòng tao lắm"
t cười mệt m ơi,0,t cười mệt m ơi
bạn ơi vụ này sao rồi,0,bạn ơi_vụ này sao rồi
Địt mẹ m,2,Địt mẹ m
Mô Phật,0,Mô Phật
cai dcm,1,cai dcm
"Chỉ 1/2 đất nước trong nội chiến vẫn & đã làm đc điều như này vào 60n trước....ôi!, tôi yêu mN của tôi biết nhường nào!",0,"Chỉ 1/2 đất_nước trong nội_chiến vẫn & đã làm đc điều như này vào 60 n trước .. ôi ! , tôi yêu_mN của tôi biết nhường nào !"
"Sorry cái kiểu j thế, quan tâm thái lan à, cút mịa m đê",1,"Sorry cái kiểu j_thế , quan_tâm thái_lan à , cút mịa m đê"
Tùngg Ngố cl,1,Tùngg Ngố cl
Pass Facebook ny em là gì anh độ :v,0,Pass Facebook ny em là gì anh độ : v
Dm..fuck you,2,Dm .. fuck you
Đúng là mấy thằng súc vật lài chúng mày chết không có chỗ chôn,2,Đúng là mấy thằng súc_vật lài chúng_mày chết không có chỗ chôn
Ve an cuc di,1,Ve_an cuc di
Thành tích đáng nể quá. Đuổi cổ sớm đi,1,Thành_tích đáng nể quá . Đuổi cổ sớm đi
dắk con bạn nghĩ nó có tuổi với tui hk,1,dắk con bạn nghĩ nó có_tuổi với tui hk
Fan cứng nè,0,Fan cứng nè
Cường quyền ác bá !,1,Cường quyền ác_bá !
Đan Thi Thao Nguyen Pham Thi Thi xanh mặt liền :(((((,0,Đan Thi_Thao_Nguyen Pham_Thi_Thi xanh mặt liền : ( (
T lấy hh Sett 😂😂🤣,0,T lấy hh Sett 😂_😂 🤣
trọng tài ảnh ngầu ác,0,trọng_tài ảnh ngầu ác
"ông cha vất vả thống nhất đất nước bao lâu để rồi bọn này cứ kì kỳ, đúng chịu",0,"ông_cha vất_vả thống_nhất đất_nước bao_lâu để rồi bọn này cứ kì_kỳ , đúng chịu"
Style hư dây kéo 😂,0,Style hư dây kéo 😂
Zừa lắm,0,Zừa lắm
Woh Wh chó sủa ẳng ẳng gớm thế,2,Woh Wh chó sủa ẳng ẳng gớm thế
Mes ddocj muoons sangr ddm,2,Mes ddocj muoons sangr ddm
dịt mẹ nó ko ăn hối lộ thì chờ vào mấy cái đồng lương ít ỏi chắc đủ sống hả,2,dịt mẹ nó ko ăn_hối_lộ thì chờ vào mấy cái đồng_lương ít_ỏi chắc đủ sống hả
liên minh có mấy th như này vui phết =)) đánh ngu mõm giỏi + thêm đéo biết vị trí mình ở đou =)),1,liên_minh có mấy th như này vui_phết =)) đánh ngu mõm giỏi + thêm đéo biết vị_trí mình ở đou =))
Sống chậm thôiii :(,0,Sống chậm thôii : (
mới tí tuổi mà lên stt xưng anh với ngta.,0,mới tí_tuổi mà lên stt xưng anh với ngta .
Nguyễn Dương đúng rồi ngu như má m nè,2,Nguyễn_Dương_đúng rồi ngu như má m nè
Toàn ngu muội. Đi ra đó mà đánh đi.,1,Toàn ngu_muội . Đi ra đó mà đánh đi .
Xó ry con mẹ chó m,2,Xó ry con mẹ chó m
Chuẩn bị xây nhà nghe chưa thầy,0,Chuẩn_bị xây nhà nghe chưa thầy
quen nữa nè cả nhà ơi =))) Mai Lê Thu Nguyễn Linh Nguyễn Thị Thuỳ Linh,0,quen nữa nè cả nhà ơi =))_Mai Lê_Thu Nguyễn_Linh Nguyễn_Thị_Thùy_Linh
Xin cái lonz mày pm chuyện này bt bao nhiêu lần r,1,Xin cái lonz mày pm chuyện này bt bao_nhiêu lần r
Ri óc mày,1,Ri_óc mày
"Lũ hại dân rồi sẽ chẳng có gì xẩy ra với chúng còn dân thì vẫn mãi bị đàn áp, đm lũ tham quan",2,"Lũ_hại dân rồi sẽ chẳng có gì xẩy ra với chúng còn dân thì vẫn mãi bị đàn_áp , đm lũ tham_quan"
Chị ba đẹp quá đi,0,Chị ba đẹp quá đi
Bây h anh đỡ chưa ạ,0,Bây_h anh đỡ chưa ạ
Chậm chậm clg mấy con bò rảnh háng này,2,Chậm chậm clg mấy con bò rảnh_háng này
Ca sĩ k-icm đéo gì 🙂 ca sĩ câm,1,Ca_sĩ k-icm_đéo gì 🙂 ca_sĩ câm
"Dinhh Nhung m ất da y,vô học chắc mồ côi cha mẹ từ nhỏ hả con ?",2,"Dinhh Nhung m ất da_y , vô_học chắc mồ_côi cha_mẹ từ nhỏ hả con ?"
Đăng Khoa 2 thằng đã ko thích nhau từ vụ thuê live bên nhóm ji đó rồi. Quyền nó đểu gạ tiền đánh. Thằng mực nó gà hơn nó thua nó cay. Mới dẫn đến chung 1 triệu với thằng tồ ăn lại thằng quyền. Mấy thằng đểu cả thôi. Chơi ko bênh ai.,2,Đăng_Khoa 2 thằng đã ko thích nhau từ vụ thuê live bên nhóm ji đó rồi . Quyền nó đểu gạ tiền đánh . Thằng mực nó gà hơn nó thua nó cay . Mới dẫn đến chung 1 triệu với thằng tồ ăn lại thằng quyền . Mấy thằng đểu cả thôi . Chơi ko bênh ai .
"xinh gái còn cmt hay quá b ơi mãi ở bên anh záchhhh, jack ma",0,"xinh gái còn cmt hay quá b ơi mãi ở bên anh záchh , jack ma"
nhưng mà bỏ con là có nói đúng không hay là linh tinh :)))))))),0,nhưng_mà bỏ con là có nói đúng không hay_là linh_tinh :))
xinh vs nhà có điều kiện thì liên quan gì đến nhận thức? Hay là người dung mạo kém gia cảnh kém thì nhận thức của họ cũng sẽ kém và ngược lại? Và có hiểu ngta nói cái gì ko mà bô lô ba la?,1,xinh_vs nhà có điều_kiện thì liên_quan gì đến nhận_thức ? Hay_là người dung_mạo kém gia_cảnh kém thì nhận_thức của họ cũng sẽ kém và ngược_lại ?_Và có hiểu ngta nói cái gì ko mà bô lô ba la ?
Sang đài loan mà lấy người ta để ngoài đường nhiều lắm không ai lấy Việt nam tôi đó,0,Sang đài_loan mà lấy người ta để ngoài đường nhiều lắm không ai lấy Việt_nam tôi đó
Ác quá trời.,1,Ác quá trời .
K hèn thì lấy cứt nuôi bụng bầu ah?,1,K hèn thì lấy cứt nuôi bụng bầu ah ?
Sam Hunter Stellaron rebuttal 10₫ không nhưng,0,Sam Hunter Stellaron rebuttal 10 ₫ không nhưng
"Vui thôi :putnam: đừng vui quá <(\"") Em thề em thích câu này rồi đấy, Thềềềềề~ !!!!",0,"Vui thôi : putnam : đừng vui quá < ( \ "" ) Em thề em thích câu này rồi đấy , Thềề_~ ! !"
Tao ngồi ăn luon đo dc ko tạo tranh ma tui bảy ko biệt,0,Tao ngồi ăn luon_đo dc ko tạo tranh_ma tui bảy ko_biệt
cờ đỏ sao vàng đây nhá,0,cờ đỏ sao_vàng đây nhá
"Quang là ca sĩ đó bạn , ko thi chương trình nào hết nhưng hát rất hay nên mọi ng thần tượng gọi là idol ^^",0,"Quang là ca_sĩ đó bạn , ko thi chương_trình nào hết nhưng hát rất hay nên mọi ng thần_tượng gọi là idol ^ ^"
đag xem sech à,0,đag xem sech à
Cứ bình tĩnh mà đá thì thắng Indo .,0,Cứ bình_tĩnh mà đá thì thắng Indo .
"lolz mắc cười, toàn 1 lủ ở vùng xa vùng xôi ở ... nói chung là chỉ biết và thờ cái Ba Đình, đéo làm được gì thì ngậm cái mổm ăn c..c lại, ko nói, ko ai nói miệng thối đâu mấy con chó DLV ạh",2,"lolz mắc cười , toàn 1 lủ ở vùng_xa vùng xôi ở .. nói_chung là chỉ biết và thờ cái Ba_Đình , đéo làm được gì thì ngậm cái mổm ăn_c .. c lại , ko nói , ko ai nói miệng thối đâu mấy con chó DLV ạh"
Rên như phim jav,0,Rên như phim jav
Nguyễn Thị Xuân Nguyễn Thị Huyền Lý Thanh Hiền Nguyễn Thị Giang Nguyễn Thị Thu Quỳnh Phương Nga lời xin lỗi muộn màng à,0,Nguyễn_Thị_Xuân Nguyễn_Thị_Huyền_Lý_Thanh_Hiền Nguyễn_Thị_Giang Nguyễn_Thị_Thu_Quỳnh_Phương Nga lời xin_lỗi muộn_màng à
Zoom biển số xe bên kia,0,Zoom biển số xe bên kia
"Thằng cà nghẹo, triết với lý cái cc, đù má mày DNA mà mình chưa khẳng định được lại nói đi dự WC , mày ngáo mục tiêu hả thằng cà nghẹo! Mày xem sự phát triển của bóng đá Vietnam và tình yêu thương của người hâm mộ thế nào khi mày dẫn dắt đội tuyển?",2,"Thằng cà_nghẹo , triết với lý cái cc , đù má mày DNA mà mình chưa khẳng_định được lại nói đi dự_WC , mày ngáo mục_tiêu hả thằng cà_nghẹo !_Mày xem sự phát_triển của bóng_đá Vietnam và tình yêu_thương của người hâm_mộ thế_nào khi mày dẫn_dắt đội_tuyển ?"
Mỹ Châu xem kỹ để có kinh nghiệm . 4 thằng đóng kịch ăn cắp xe .,0,Mỹ Châu xem kỹ để có kinh_nghiệm . 4 thằng đóng kịch ăn_cắp xe .
Ngọc Phạm t chặn hết r br ạ,0,Ngọc Phạm_t_chặn hết r br ạ
nó cho tiền m hay j bênh ác thế dog này vừa ngu vừa to mồm mà vẫn còn fan bú đít nó à,2,nó cho tiền m hay j_bênh ác_thế dog này vừa ngu vừa to_mồm mà vẫn còn fan bú đít nó à
why con mẹ mày. Thằng chó đẻ. Fuck you. You is dog,2,why con mẹ mày . Thằng chó đẻ . Fuck you . You is dog
"=))) vậy chứ t hỏi m lần nữa J97 Én tơ tén mân nhà m có thẩm quyền của cơ quan nhà nước k mà bảo mời là ngta phải hồi âm liền vậy con nguu ? Văn bảng đâu, có điện thoại hết rồi tự lên tiktok mà xem tối qua VR bảo cần văn bảng chứ a… Xem thêm",1,"=)) vậy chứ t hỏi m lần nữa J97 Én_tơ tén mân nhà m có thẩm_quyền của cơ_quan nhà_nước k mà bảo mời là ngta phải hồi_âm liền vậy con nguu ?_Văn_bảng đâu , có điện_thoại hết rồi tự lên tiktok mà xem tối_qua VR bảo cần văn_bảng chứ a … Xem thêm"
xin lỗi con *** mày ngĩ xin lỗi là dễ à,2,xin_lỗi con * * mày ngĩ xin_lỗi là dễ à
👎👎,0,👎 👎
chắc chắn thằng này bị què ngồi xe lăn nên không vi phạm,1,chắc_chắn thằng này bị què ngồi xe_lăn nên không vi_phạm
Nga Tran tới Bến tre chưa?,0,Nga Tran tới Bến_tre chưa ?
"có up thì t cx k up quả mặt đĩ đửng như m, mụn thỉ lởm trởm bày đặt khoe , ngu tiếng việt còn thích nói lắm, đang nói thằng zeros đéo cãi đc nữa phải quay ra chê t 2k7 - 2k8, do m trẻ ranh quá nên nghĩ ai cũng non như mình à :)))",2,"có up thì t cx k up quả mặt đĩ_đửng như m , mụn thỉ lởm_trởm bày đặt khoe , ngu tiếng việt còn thích nói lắm , đang nói thằng zeros đéo cãi_đc nữa phải quay ra chê t 2 k7 - 2 k8 , do m trẻ ranh quá nên nghĩ ai cũng non như mình à :))"
top mạnh nhất là cái gì,0,top mạnh nhất là cái gì
Quỳnh Sên e đẹp xinh ko cần son phấn,0,Quỳnh_Sên e đẹp xinh_ko cần son_phấn
Nam Văn Nguyễn nó giống nhau mà chủ nào tớ nấy. goat nó dám lừa thì biết r đấy. Cỡ này việt nam nên ra luật phong sát cho tụi ruồi này đi bốc phân với nhau là hợp,1,Nam_Văn_Nguyễn_nó giống nhau mà chủ nào tớ nấy . goat nó dám lừa thì biết r đấy . Cỡ này việt_nam nên ra luật phong_sát cho tụi ruồi này đi bốc_phân với nhau là hợp
Xinloi cái củ cac,1,Xinloi cái củ cac
hhh nhóc,0,hh nhóc
"đánh như cái máu lồn bày đặt cày thuê , tốn tiền điện",2,"đánh như cái máu lồn bày đặt cày thuê , tốn tiền điện"
đúng là đom đóm chỉ sáng dưới đít chứ ko sáng nổi trên đầu Trích từ câu ai đó rất thắm,1,đúng là đom đóm chỉ sáng dưới đít chứ ko sáng nổi trên đầu Trích từ câu ai đó rất thắm
"Cái này dành cho mấy thằng khốn nạn không làm mà đòi có ăn, chúng mày rồi cũng phải trả giá cho kiếp này rồi còn ngàn kiếp sau nữa, tao bảo đảm với chúng mày cuộc đời của chúng mày rồi sẽ phải đau khổ suốt kiếp,",2,"Cái này dành cho mấy thằng khốn_nạn không làm mà đòi có ăn , chúng_mày rồi cũng phải trả_giá cho kiếp này rồi còn ngàn kiếp sau nữa , tao bảo_đảm với chúng_mày cuộc_đời của chúng_mày rồi sẽ phải đau_khổ suốt kiếp ,"
Trần Thanh Tâm chia sẻ đi,0,Trần_Thanh_Tâm chia_sẻ đi
Bài học cho các bạn xem thường tài sản giá trị thấp (cỡ 20tr). Mất là cũng 1 mớ. Lo mà tự giữ,0,Bài_học cho các bạn xem_thường tài_sản giá_trị thấp ( cỡ 20 tr ) . Mất là cũng 1 mớ . Lo mà tự giữ
Thằng óc chó,2,Thằng óc chó
"Thien Binh Trang \"" bạn lịch sự- admin lịch sự, b cục súc , - admin dí l vào mặt b luôn \"" =)))",2,"Thien Binh_Trang \ "" bạn lịch_sự - admin lịch_sự , b cục súc , - admin dí l vào mặt b luôn \ "" =))"
Bay kênh rồi :))),0,Bay kênh rồi :))
Bắt hơi n guuuuu,1,Bắt hơi n guu
Bức. Xúc. Quá. Đi…. Nhờ. Công. An. Vào. Cuộc. Giùm. Cái,0,Bức . Xúc . Quá . Đi … . Nhờ . Công . An . Vào . Cuộc . Giùm . Cái
Làm trọng tài như lồn còn xin lỗi,2,Làm trọng_tài như lồn còn xin_lỗi
Gia Bảo bản nhà ngèo nợ tiền,0,Gia_Bảo bản nhà ngèo nợ tiền
1 tk ngu đang chỉ 1 con đần,2,1 tk ngu đang chỉ 1 con đần
Người xưa nói tận cùng của sự khốn nạn là như vậy đó.,1,Người_xưa nói tận_cùng của sự khốn_nạn là như_vậy đó .
Anh bạch khiêm tốn tý chư ko chúng nó nấu lẩu đấy,0,Anh bạch_khiêm_tốn tý chư ko chúng_nó nấu lẩu đấy
Cai lon gi dang dien ra vay,0,Cai lon gi dang dien ra vay
Nhìn tiên tri vũ trụ ngon cơm rồi nghe.,0,Nhìn tiên_tri vũ_trụ ngon cơm rồi nghe .
😆😆😆😆,0,😆 😆
Xin vĩnh biệt trọng tài,0,Xin vĩnh_biệt trọng_tài
"Dan cảnh, day cung la bai học cho mn",0,"Dan_cảnh , day cung_la bai_học cho mn"
Đói khổ củng vì xe xh thời nay quá tiến bộ thêm 1 số giàu kg cần mồ hôi ....,0,Đói khổ_củng vì xe xh thời nay quá tiến_bộ thêm 1 số giàu kg cần mồ_hôi ..
Thành Nguyễn mình nghĩ các trang mạng Xh ngày nào cũng chia sẽ ngày nào CĐM cũng vào len án thật nhiều vào thì nhà nó ko có cửa lo đâu . Cũng có Bn vụ muốn chìm xuồng nhưng vẫn Ko thoát nỗi .,0,Thành Nguyễn_mình nghĩ các trang_mạng Xh ngày nào cũng chia sẽ ngày nào CĐM cũng vào len_án thật nhiều vào thì nhà nó ko có cửa lo đâu . Cũng có Bn_vụ muốn chìm_xuồng nhưng vẫn Ko_thoát nỗi .
ry con cặc,1,ry con cặc
Mê trai bày đi xe chuyện bình thường đứng chỗ kia nói chuyện cùng nghe mà đứng sat vậy,0,Mê_trai bày đi xe chuyện bình_thường đứng chỗ kia nói_chuyện cùng nghe mà đứng sat vậy
Ủa trọng tài đang trong trận rảnh háng ngồi đăng bài k biết phân biệt fake với real à,0,Ủa trọng_tài đang trong trận rảnh_háng ngồi đăng bài k biết phân_biệt fake với real à
Cong an nen giup co ngheo nay lay lai xe.,0,Cong an_nen giup co_ngheo nay lay lai xe .
thua nữa thì nghĩ mịa về nước đi,1,thua nữa thì nghĩ mịa về nước đi
Chỉ đủ tư cách dẩn dắt giải ao làng nhỏ nhoi thôi bắt củng không xong quá tồi tệ,1,Chỉ đủ tư_cách dẩn dắt giải ao làng nhỏ_nhoi thôi bắt củng_không xong quá tồi_tệ
Phải bồ t giọng này t cho bạt tai,1,Phải bồ_t giọng này t cho bạt tai
Trường Atlantic ib b ơi,0,Trường Atlantic_ib b ơi
Còn giúp chúng ta thành đạt nữa!!,0,Còn giúp chúng_ta thành_đạt nữa ! !
okela,0,okela
Con mẹ mày,1,Con mẹ mày
Yenn Yenn xin con đỉ mẹ m,2,Yenn Yenn xin con đỉ mẹ m
Bố mấy fhang bo doi,1,Bố mấy fhang bo doi
Nhìn mấy thg one champ mất chất kiểu này tội ae cày champ gỡ cái viền dct xún chúng nó cười thối đầu mà dell biết nhục cha mẹ đẻ con mong con báo hiểu con lớn làm stream cho chúng chửi cha mẹ đã dốt thì nhận khỏi phải ẳng làm dell j,2,Nhìn mấy thg one champ mất chất kiểu này tội ae cày_champ gỡ cái viền dct xún chúng_nó cười thối_đầu mà dell biết nhục cha_mẹ đẻ con mong con báo hiểu con lớn làm stream cho chúng chửi cha_mẹ đã dốt thì nhận khỏi phải ẳng làm dell j
"CS miệng và đít chúng là một chỗ. Một chế độ thổ tả không còn sửa sai được nữa, mà phải thay đổi với một chế độ khác. Sống với CS mà không biết gì về thủ đoạn của bọn chúng là không có cái đầu.",2,"CS miệng và đít chúng là một chỗ . Một chế_độ thổ_tả không còn sửa sai được nữa , mà phải thay_đổi với một chế_độ khác . Sống với CS mà không biết gì về thủ_đoạn của bọn chúng là không có cái đầu ."
Pháp luật nên hạ số tuổi khởi số hình sự xuống để có biện pháp với bọn này,0,Pháp_luật nên hạ_số tuổi khởi_số hình_sự xuống để có biện_pháp với bọn này
Có ai bị nổi da gà ko :>>,0,Có ai bị nổi da gà ko : >>
Ủa chứ bữa xin lỗi khóc tế om xòm mà giờ chửi nữa rồi bó tay con này hỗn quá,1,Ủa chứ bữa xin_lỗi khóc tế_om xòm mà giờ chửi nữa rồi bó_tay con này hỗn quá
"Đ c l c m m... Mày ngu vừa thôi,dành ít ngu cho con khác để bọn tao còn kiếm chác chứ... 😂😂😂",2,"Đ c l c m m .. Mày ngu vừa thôi , dành ít ngu cho con khác để bọn tao còn kiếm_chác chứ .. 😂 😂"
Như có bác Sèo trong ngày vui đại thắng .,0,Như có bác Sèo trong ngày vui đại_thắng .
Bảo Đặng hướng tới world cup,0,Bảo Đặng_hướng tới world cup
"công lý cái địt mẹ m à,công lý xử doanh nghiệp còn dân sai thì kệ mẹ à =))) bố m đéo uống cái gì của THP cơ mà để những con chó như m cắn càn thì xã hội loạn cmm r :)) m phạm tội xong m kêu m nghèo, mù chữ đéo biết luật thì m vô tội à thằng ngu, hay m lại bảo nó tống tiền là đúng đi :))",2,"công_lý cái địt mẹ m à , công_lý xử doanh_nghiệp còn dân sai thì kệ mẹ à =)) bố m đéo uống cái gì của THP_cơ mà để những con chó như m cắn càn thì xã_hội_loạn cmm r :)) m phạm_tội xong m kêu m nghèo , mù_chữ đéo biết luật thì m vô_tội à thằng ngu , hay m lại bảo nó tống_tiền là đúng đi :))"
con chó. tưởng mày đc tung hô à. lũ chó bánh mỷ nước lọc đó xl cái cc. éo bik luật về nhà mà học ra đó đeo biển làm cc nhà mày à,2,con chó . tưởng mày đc tung hô à . lũ chó bánh mỷ nước lọc đó xl cái cc . éo bik luật về nhà mà học ra đó đeo biển làm cc nhà mày à
Thiệt sự tận cùng của sự khốn nạn,1,Thiệt_sự tận_cùng của sự khốn_nạn
Làm sáng tỏ lun đi ạa,0,Làm sáng_tỏ lun đi ạa
Bọn đảng cộng sản thì đéo chết đâu. Người vì cộng đồng thì chết. Vl,2,Bọn đảng_cộng_sản thì đéo chết đâu . Người vì cộng_đồng thì chết . Vl
Cmm cs bt bắt ko v thg lồn con mẹ m,2,Cmm cs bt bắt ko v thg lồn con mẹ m
Nguyễn Phước Đạt tính ht r nha,0,Nguyễn_Phước_Đạt tính ht r nha
Việc nam là nơi đáng sống mấy thằng bò đỏ nói rồi mấy thằng ba quê thấy chưa việc nam cái gì cũng có,2,Việc nam là nơi đáng sống mấy thằng bò đỏ nói rồi mấy thằng ba quê thấy chưa việc nam cái gì cũng có
Con chó đánh hơi thấy mùi bất thường,0,Con chó đánh hơi thấy mùi bất_thường
mày bắt hồi tối giống lồn què người tao mày côi chừng,2,mày bắt hồi tối giống lồn què người tao mày côi chừng
Concac,1,Concac
Quỳnhh Hoa ngta vẫn quốc tịch việt nam mà =.=,0,Quỳnhh Hoa_ngta vẫn quốc_tịch việt_nam mà = . =
Nguyễn Gia Bảo bố m,1,Nguyễn_Gia_Bảo bố m
Móa nó người ta có cái xe cũng ko tha,0,Móa nó người ta có cái xe cũng ko tha
thôi anh im mẹ mồm đi nói nhiều quá,1,thôi anh im mẹ mồm đi nói nhiều quá
Bắt được bọn này chắc tại nó mai miệng nó lại là xã hội bình yên ￼,1,Bắt được bọn này chắc tại nó mai_miệng nó lại là xã_hội bình_yên ￼
Cái cuộc chiến nồi da nấu thịt thì tự hào rồi nhồi nhét bao thế hệ. Còn cái bọn trung cộng nó xua cả triệu quân xuống tàn sát đồng bào thì mấy dòng qua loa.,1,Cái cuộc_chiến nồi da nấu thịt thì tự_hào rồi nhồi_nhét bao thế_hệ . Còn cái bọn trung_cộng nó xua cả triệu quân xuống tàn_sát đồng_bào thì mấy dòng qua_loa .
Luu bi du dieu thuyen lu bo an hang,2,Luu bi_du_dieu thuyen lu bo_an hang
bảo sao chúng nó vào trang cá nhân m chưởi như con choss vẫn dell khôn ra,1,bảo sao chúng_nó vào trang cá_nhân m chưởi như con choss vẫn dell_khôn ra
"Mấy thằng này có bắt được đập cho tụi nó gãy chân tay để bỏ cái tội ăn cắp tài sản đó người ta đi làm cực khổ đổ mồ hôi chảy nước mắt mới mua được, vậy mà đi dàn cảnh cướp tài sản của người khác,xin chính quyền vào cuộc để cho đi cải tạo 5 năm cho tụi nó ở trong đó lâu mới học cách thương người khác,chứ xử nhẹ cho tụi nó cứ đi trộm cướp rồi bị bắt xử nhẹ rồi thả cứ lập đi lập lại nhìu lần tụi nó đâu có sợ , hãy mạnh tay xử thật nặng tụi nó mới chừa",1,"Mấy thằng này có bắt được đập cho tụi nó gãy chân_tay để bỏ cái tội ăn_cắp tài_sản đó người ta đi làm cực_khổ đổ mồ_hôi chảy nước_mắt mới mua được , vậy_mà đi dàn_cảnh cướp tài_sản của người khác , xin chính_quyền vào_cuộc để cho đi cải_tạo 5 năm cho tụi nó ở trong đó lâu mới học cách thương người khác , chứ xử nhẹ cho tụi nó cứ đi trộm_cướp rồi bị bắt xử nhẹ rồi thả cứ lập đi lập lại nhìu lần tụi nó đâu có sợ , hãy mạnh_tay xử thật nặng tụi nó mới chừa"
"Một HLV tồi tệ nhất lịch sử Việt Nam từng có được , tiếc cho sự nông cạn liên đoàn đã đặt niềm tin vào HLV ngu dốt này",2,"Một HLV tồi_tệ nhất lịch_sử Việt_Nam từng có được , tiếc cho sự nông_cạn liên_đoàn đã đặt niềm tin vào HLV ngu_dốt này"
Huy Smartphone e mới cập nhập thông tin trước tưởng bác nhắn cái gì tào lao nên ko rep :)) thôi thì mình kệ mấy bạn ấy đi … Xem thêm,0,Huy Smartphone_e mới cập_nhập thông_tin trước tưởng bác nhắn cái gì tào_lao nên ko rep :)) thôi thì mình kệ mấy bạn ấy đi … Xem thêm
"Tùng sói said :"" nhìn cái gì mà nhìn ;) """,0,"Tùng sói said : "" nhìn cái gì mà nhìn ; ) """
Ngày xưa cha ông Ngài bắt dân Việt Nam nhổ lúa trồng đay. Bây giờ ông lại lặp lại chỉ khác một chút là Trâu già gặm cỏ non. Về bản chất hoàn toàn giống nhau đều đưa Việt Nam đến con đường tụt hậu. Chúng tôi khuyên ông muốn thắng Indonesia trong trận s… Xem thêm,0,Ngày_xưa cha_ông Ngài bắt_dân Việt_Nam nhổ lúa trồng đay . Bây_giờ ông lại lặp lại chỉ khác một_chút là Trâu_già gặm cỏ non . Về bản_chất hoàn_toàn giống nhau đều đưa Việt_Nam đến con đường tụt_hậu . Chúng_tôi khuyên ông muốn thắng Indonesia trong trận s … Xem thêm
lỗi lỗi cc,1,lỗi lỗi cc
"Ko thể để vụ này chìm được, để xem pl Việt Nam mình giải quyết vụ này thế nào",0,"Ko_thể để vụ này chìm được , để xem pl Việt_Nam mình giải_quyết vụ này thế_nào"
Có cách nào tắt tiếng de rót không mn :)),0,Có cách nào tắt tiếng de rót không mn :))
Thế này phải tìm cô nào gần nhà để yêu thôi,0,Thế này phải tìm cô nào gần nhà để yêu thôi
Một chế độ sắp tới ngày suy tàn rùi nên mới để cho các phần tử lộng hành ngang tàng đến nzay,1,Một chế_độ sắp tới ngày suy_tàn_rùi nên mới để cho các phần_tử lộng_hành ngang_tàng đến nzay
Mày thiếu tính chuyên nghiệp. Hãy bắt cho thật công bằng,1,Mày thiếu tính chuyên_nghiệp . Hãy bắt cho thật công_bằng
Tiểu Tiểu Đại Đại nữa bé Ba ơi :)),0,Tiểu_Tiểu_Đại_Đại nữa bé Ba ơi :))
"Nó bị chó nhập rồi đm chạy nhanh không nó cắn chết bà bọn mày, ở đó mà hỏi lsao nữa",2,"Nó bị chó nhập rồi đm chạy nhanh không nó cắn chết bà bọn mày , ở đó mà hỏi lsao nữa"
Có ngày may xin vĩnh viễn đừng giỡn với vn,1,Có ngày may xin vĩnh_viễn đừng giỡn với vn
liên quan đéo gì đến con nó mà trù con nó kcos lỗ đít,1,liên_quan đéo gì đến con nó mà trù con nó kcos lỗ đít
Duyên Suk chả liên quan nhưng avt của bạn là nữ sát thử thần tượng của tôi 😄😄😄,0,Duyên Suk_chả liên_quan nhưng avt của bạn là nữ sát thử thần_tượng của tôi 😄 😄
Đkm,1,Đkm
Luật không áp dụng cho cán bộ . Dân chịu hết,0,Luật không áp_dụng cho cán_bộ . Dân chịu hết
Có thể với ông là tự hào nhưng với chúng tôi thì không !,0,Có_thể với ông là tự_hào nhưng với chúng_tôi thì không !
Vũ oke sút rồi vô nhà đá ngồi hả bạn cũng bạn rồi bạn có được lợi gì về việc này không,0,Vũ_oke_sút rồi vô nhà_đá ngồi hả bạn cũng bạn rồi bạn có được lợi gì về việc này không
Minh Trí thì zeros cũng đi chơi khá xa mà,0,Minh_Trí thì zeros cũng đi chơi khá xa mà
Nó hỏi thì cứ xán vào nó làm gì,0,Nó hỏi thì cứ xán vào nó làm gì
Đàn ông gì lạ kì vậy trời.mô phật,0,Đàn_ông gì lạ_kì vậy trời . mô phật
Nam Nam IB KÍN,0,Nam Nam_IB KÍN
stupidly embarrassed the referee,2,stupidly embarrassed the referee
Phụng Phèo Lina Nhi này lương cao nè các friends,0,Phụng Phèo Lina_Nhi này lương cao nè các friends
Idol của anh quang :D,0,Idol của anh quang :D
"Du ma lai tang thue,dit con me no,da an ban roi,con cai con cac j de dong nua",2,"Du_ma lai_tang thue , dit con me no , da an_ban roi , con cai con cac j de dong nua"
Bt xl sao ko bt lm công bằng từ đầu ik chó mù à,1,Bt xl sao ko bt lm công_bằng từ đầu ik chó mù à
Dành cho ae nào muốn test zô lấy link tải bản china,0,Dành cho ae nào muốn test zô lấy link_tải bản china
"Thanh niên trai tráng ai lại đi làm thế với phụ nữ,lòng người thật đáng sợ,làm người tốt thì cũng bị như này.",0,"Thanh_niên trai_tráng ai_lại đi làm thế với phụ_nữ , lòng người thật đáng sợ , làm người tốt thì cũng bị như này ."
Đm lần đầu tiên bố địt vào mày ad ạ.,2,Đm lần đầu_tiên bố địt vào mày ad ạ .
Mày bị đuôi ak,1,Mày bị đuôi ak
Chỉ muốn ad chửi chết tổ bọn chó chít này đi 😋😋😋😋,2,Chỉ muốn ad chửi chết tổ bọn chó_chít này đi 😋 😋
Gặp bố ỉa lên đầu bao lần rồi,0,Gặp bố ỉa lên đầu bao lần rồi
xin quả nhạc đầu,0,xin quả nhạc đầu
Sĩ bọ dlm,1,Sĩ_bọ dlm
dân vn giàu lắm cứ tạm giữ cho nhiều vào cho dân mua xe mới.cho nghành công an có thu nhập có công ăn việc làm.,0,dân vn giàu lắm cứ tạm giữ cho nhiều vào cho dân mua xe mới . cho ngành công_an có thu_nhập có công_ăn_việc_làm .
Ơ t xem clip tưởng mấy năm trc mới đánh ngu như thế hoá ra mới đc mấy hôm à,1,Ơ_t xem clip_tưởng mấy năm trc mới đánh_ngu như_thế hóa ra mới đc mấy hôm à
Cá chết là do đéo biết bơi có thế thôi cũng họp :))),1,Cá chết là do đéo biết bơi có thế thôi cũng họp :))
"thế thằng rách cũng là người nổi tiếng mà sao nó bỏ con, ăn cháo đá bát, ngủ với fan vậy? chúng mày bị nó lấy quần che mắt à? già mà ngu quá vậy ?",2,"thế thằng rách cũng là người nổi_tiếng mà sao nó bỏ con , ăn cháo đá bát , ngủ với fan vậy ? chúng_mày bị nó lấy quần che mắt à ?_già mà ngu quá vậy ?"
Gái hay trai vậy,0,Gái hay trai vậy
Rất thuyết phục:)),0,Rất thuyết_phục :))
Minh Anh Mai Xin mọi người 3s để like và follow cho fanpage của mình nha.,0,Minh_Anh Mai_Xin mọi người 3 s để like và follow cho fanpage của mình nha .
tính ra mấy Hít của Jack thì toàn người khác viết thôi á. Sau này giai đoạn tách khỏi Kicm thì không có bài nào được coi là Hít luôn á,0,tính ra mấy Hít của Jack thì toàn người khác viết thôi á . Sau_này giai_đoạn tách khỏi Kicm thì không có bài nào được coi là Hít luôn á
Kệ cụ mày,2,Kệ cụ mày
"Dàn cảnh tinh vi tội bé,",0,"Dàn cảnh tinh_vi_tội bé ,"
Cô dễ thương quá cô ơi. Ai lớp du chu cà mo ❤️❤️❤️❤️,0,Cô dễ_thương quá cô ơi . Ai lớp du_chu cà_mo ❤ ️_❤ ️_❤ ️_❤ ️
a hihi lũ chó lợn thích thủ dâm ở đây nhỉ,2,a hihi lũ chó lợn thích thủ_dâm ở đây nhỉ
Nl hả đicho,2,Nl hả đicho
Nếu cứ bỏ qua lỗi và băy bừa rồi xl là song thì tôi muốn làm trọng tài để bv đội nào tao thích bóng đá phải có sử lý trọng tài đi ạ,0,Nếu cứ bỏ_qua lỗi và băy bừa rồi xl là song thì tôi muốn làm trọng_tài để bv đội nào tao thích bóng_đá phải có sử_lý trọng_tài đi ạ
Đạt Phạm dcu m đùa dai như tk bố m thế,2,Đạt Phạm_dcu m đùa_dai như tk bố m thế
"Mẹ nó,tụi này lỗng hành quá",1,"Mẹ nó , tụi này lỗng_hành quá"
Do mặt Khánh Chi đơ hay sao mà mình nhìn thấy mặt có vẻ khó chịu vậy ạ?,0,Do mặt Khánh_Chi_đơ hay sao mà mình nhìn thấy mặt có_vẻ khó_chịu vậy ạ ?
Mày bỏ con mẹ nó LOL đi Bắn fifai ấy KDA trông có óc chó không chứ.,2,Mày bỏ con mẹ nó LOL đi Bắn fifai ấy KDA trông có óc chó không chứ .
Idol. Viết vậy là chết con đĩ mẹ người ta rồi,2,Idol . Viết vậy là chết con đĩ mẹ người ta rồi
Quá mất cảnh giác.,0,Quá mất cảnh_giác .
Bực mình :)),0,Bực_mình :))
Bọn khốn kiếp,2,Bọn khốn_kiếp
t đang coi film sếch à?,0,t đang coi film sếch à ?
ớ thì ông xem các live trym cách nói chuyện của bọn nó xem. tôi thấy 1 thằng thảo mai 1 thằng tồ tồ thì tôi nói thôi . Chính vì ko xin đăng live đc nên thằng quyền gạ thằng mực đánh độ tiền 100k để hạ thấp thằng mực. Thằng mực cay c… Xem thêm,0,ớ thì ông xem các live trym cách nói_chuyện của bọn nó xem . tôi thấy 1 thằng thảo mai 1 thằng tồ tồ thì tôi nói thôi . Chính vì ko xin đăng_live đc nên thằng quyền gạ thằng mực đánh_độ tiền 100 k để hạ thấp thằng mực . Thằng mực cay_c … Xem thêm
"THÁI LAN THẮNG RẤT ""THUYẾT PHỤC""",0,"THÁI_LAN THẮNG RẤT "" THUYẾT_PHỤC """
3 Bố con nhà thằng đó phải xử thật mạnh tay thì làm gương cho người khác : Nó lại còn nói nhà nó kg thiếu gì TIỀN ý là có TIỀN ĐỂ che giấu hành vi tội phạm như bố con nhà nó,1,3 Bố_con nhà thằng đó phải xử thật mạnh_tay thì làm_gương cho người khác : Nó lại còn nói nhà nó kg thiếu_gì TIỀN_ý là có TIỀN_ĐỂ che_giấu hành_vi tội_phạm như bố_con nhà nó
Nó bứng lông căz ra nó bồi thường,1,Nó bứng lông căz ra nó bồi_thường
Nguyễn Thịnh như con đĩ quái thai. Bổ xug thêm con cu nưa nhé. Trứng hơi to 😁😁😁,2,Nguyễn_Thịnh_như con đĩ quái_thai . Bổ_xug thêm con cu nưa nhé . Trứng hơi to_😁 😁
Ông nào GATO thì sẽ bảo ảnh này ghép cho coi 😥,0,Ông nào GATO thì sẽ bảo_ảnh này ghép cho coi 😥
Đĩ quýt Tiền nhìn mat hãm,2,Đĩ quýt_Tiền nhìn mat hãm
Học phí tháng này đợi tháng sau em bù nha thầy :v dạo này bị thiếu kinh tế quá,0,Học_phí tháng này đợi tháng sau em bù nha thầy : v dạo này bị thiếu kinh_tế quá
Đám chó vàng ăn được vậy. Chớ có ai ăn vậy. Xe lấy về sửa ko cũng chết. Mà 1 ngày còn 2 3 chục nữa,2,Đám chó vàng ăn được vậy . Chớ có ai ăn vậy . Xe lấy về sửa ko cũng chết . Mà 1 ngày còn 2 3 chục nữa
"miền nam, miền bắc, miền trung, 3 miền lận",0,"miền nam , miền bắc , miền trung , 3 miền lận"
Lũ súc vật tụi mày chết không yên đâu,2,Lũ súc_vật tụi mày chết không yên đâu
Lỗi lỗi cái đcm mày,2,Lỗi lỗi cái đcm mày
Đúng là chó chết thật,1,Đúng là chó chết thật
Con linh cá lóc là loại người không tha thứ dc.,2,Con linh cá_lóc là loại người không tha_thứ dc .
ê cô già mà ngu nhỉ d chịu hiểu vấn đề sau bao drama mà vẫn tin thằng dách cho đc,2,ê cô già mà ngu nhỉ d chịu hiểu vấn_đề sau bao drama mà vẫn tin thằng dách cho đc
Nghe hợp lý và thuyết phục anh em =)),0,Nghe hợp_lý và thuyết_phục anh_em =))
Đi ngược với chính sách ngu dân chỉ có chết,1,Đi ngược với chính_sách ngu_dân chỉ có chết
Loại trọng tài này đề nghị AFC treo còi vĩnh viễn,1,Loại trọng_tài này đề_nghị AFC treo còi vĩnh_viễn
Gái alime,0,Gái alime
Ae tẩy chay mực đi chứ nói nhiều làm gì fan này là fan bú win của người khác ạ all,1,Ae tẩy_chay mực đi chứ nói nhiều làm gì fan này là fan bú_win của người khác ạ all
Nguyễn Mạnh Hiệp gửi mấy ộp pa :)),0,Nguyễn_Mạnh_Hiệp gửi mấy ộp pa :))
Tất cả cũng chỉ vì chữ tiền :),0,Tất_cả cũng chỉ vì chữ tiền :)
Đe'o chấp nhận oke,1,Đe'o chấp_nhận oke
ừ chiến sĩ chó xanh chó vàng coi dân thua chó luôn ê 3ke lai thú chúng mày xuống a tỳ hết là thé giới thái bình !!!,2,ừ chiến_sĩ chó xanh chó vàng coi dân thua chó luôn ê 3 ke lai_thú chúng_mày xuống a tỳ_hết là thé_giới thái_bình ! !
Ốc chó mới kêu cầm cờ việt nam diễn tập.,1,Ốc chó mới kêu cầm cờ việt_nam diễn_tập .
Vẫn mãi là abe :)),0,Vẫn mãi là abe :))
Rồi mắc cái ji mà sáp lại gần dữ z,1,Rồi mắc cái ji mà sáp lại gần dữ z
nick pha ke,0,nick pha ke
vkl mực con,1,vkl mực con
Vn chưa kịp dùng đi tù mẹ nó rồi,1,Vn chưa kịp dùng đi tù mẹ nó rồi
Nhìn mặt thì ngắn ngủn. Mắt thì hít. Mũi thì to. Nhìn nhủ mấy thằng nô lệ.,2,Nhìn mặt thì ngắn_ngủn . Mắt thì hít . Mũi thì to . Nhìn_nhủ mấy thằng nô_lệ .
m đéo bt câm mẹ có vài nghệ sĩ đã giải thích vì sao TĐ bán hàng 2 loại á,1,m đéo bt câm mẹ có vài nghệ_sĩ đã giải_thích vì sao TĐ bán hàng 2 loại á
Quê tôi thể loại này ngta gọi là Mõm,1,Quê tôi thể_loại này ngta gọi_là Mõm
Ảnh khè :))),0,Ảnh khè :))
"xin lỗi con cặk. Nghỉ việc đi thằng lo^`n. Địt cái lo^`n mẹ mày. Trời đất sinh hoa, vạn vật sinh sôi con mẹ mày lôi thôi đầu xanh mỏ đỏ gặm cỏ thay cơm đầu tóc bờn xờn khạc đờm tung tóe tao đcm mày. Lòn trâu lòn chó lòn bó xi măng lòn chằng mạng nhện lòn bận lá khoai lòn khoa lá mít lòn bít lòn thơm mà lòn thơm lòn đậm lòn đười ươi nói địt lòn còn vịt nó phang lòn giang mai lòn ỉa chảy lòn nhảy hip hop mà lòn xốp lm hàng hiệu lòn hàng triệu con súc vật mà t địt con đỹ mẹ m đứng từ trên cao mà lao đầu xuống đất địt lất phất như mưa rơi địt tơi bời như bom đạn địt lãng mạng như rumio và juliet",2,"xin_lỗi con cặk . Nghỉ_việc đi thằng lo ^ `_n . Địt cái lo ^_` n mẹ mày . Trời đất sinh_hoa , vạn_vật sinh_sôi con mẹ mày lôi_thôi đầu xanh mỏ đỏ gặm cỏ thay cơm đầu tóc bờn xờn khạc đờm tung tóe tao đcm mày . Lòn trâu lòn chó lòn bó xi_măng lòn chằng_mạng nhện lòn bận lá khoai_lòn khoa lá mít lòn bít lòn_thơm mà lòn thơm lòn đậm lòn đười ươi nói địt_lòn còn vịt nó phang lòn_giang mai_lòn ỉa chảy lòn nhảy hip hop mà lòn xốp lm hàng_hiệu lòn hàng triệu con súc_vật mà t địt con đỹ mẹ m đứng từ trên cao mà lao đầu xuống đất địt lất_phất như mưa rơi_địt tơi_bời như bom_đạn địt lãng_mạng như rumio và juliet"
Từ bao giờ người nhật mất ý thức như vậy💁,1,Từ bao_giờ người nhật mất ý_thức như_vậy 💁
tự bơi vào bị tao vả chứ chửi cl gi :)))) 1 thằng trên núi 1 thằng ở miền xui. nhục vcl cay t lắm mà có làm gi dc đâu. quê vcl :))) kkkkk,2,tự bơi vào bị tao_vả chứ chửi cl gi :)) 1 thằng trên núi 1 thằng ở miền xui . nhục vcl cay t lắm mà có làm gi dc đâu . quê vcl :)) kk
"em cảm ơn đã giúp em từ rank đồng lên rank thách đấu chỉ trong 2 ngày mà không lấy 1 đồng nào, respect",0,"em cảm_ơn đã giúp em từ rank đồng lên rank thách_đấu chỉ trong 2 ngày mà không lấy 1 đồng nào , respect"
Chậm thoi,0,Chậm thoi
m cũng chỉ là thằng nhãi con thôi. Tầm suy nghĩ chưa lớn đc. Chắc cũng phần do cái gia đình m dạy dỗ k tử tế,1,m cũng chỉ là thằng nhãi con thôi . Tầm suy_nghĩ chưa lớn đc . Chắc cũng phần do cái gia_đình m dạy_dỗ k tử_tế
Fan cứng có khác :))))),0,Fan cứng có khác :))
Lương tháng dc có 7-8 triệu =)),0,Lương tháng dc có 7-8 triệu =))
thiên vị quá đáng lý ra thủ môn phải bị thẻ đỏ,0,thiên_vị quá đáng_lý ra thủ_môn phải bị thẻ_đỏ
Liên đoàn Bóng đá Việt Nam - VFF mở to con ngươi mà đọc dùm coi,0,Liên_đoàn Bóng_đá Việt_Nam - VFF mở to con_ngươi mà đọc dùm coi
Sao thầy kh múa quạt nhỉ =))),0,Sao thầy kh múa quạt_nhỉ =))
Minh Ánh ác độc thiệt chứ,1,Minh_Ánh ác độc_thiệt chứ
Chán đéo nói nỗi 🤣🤣,1,Chán đéo nói nỗi 🤣_🤣
"Trình vàng mà gáy dạy đời ác, đợt này thì ông cố nội sống lại cũng hết cứu. Hạc thì đi với hạc cóc ké ba ba thì muôn đời z thôi",1,"Trình vàng mà gáy dạy đời ác , đợt này thì ông cố nội_sống lại cũng hết cứu . Hạc thì đi với hạc cóc ké ba_ba thì muôn_đời z thôi"
Trọng tài như cái đầu buồi ăn lol,2,Trọng_tài như cái đầu buồi ăn lol
Đéo cần thằng chó như mày xin lỗi,2,Đéo cần thằng chó như mày xin_lỗi
Cháu yêu chú nhiều,0,Cháu yêu chú nhiều
đóm ngu số 1 địt ai dám tranh =:)))) . Ngọc bình tự dưng báo jack nhiệt tình cộng óc chó,2,đóm ngu số 1 địt ai dám tranh =_:)) . Ngọc_bình tự_dưng báo jack nhiệt_tình cộng_óc chó
Tại bọn lính cả,1,Tại bọn lính cả
bố của mấy đứa miền bắc thôi... Còn miền nam hk có bố bố bố đâu,2,bố của mấy đứa miền bắc thôi .. Còn miền nam hk có bố bố bố đâu
"=))) ngu đéo chịu được thế sao t k sơn r xoá số nhỉ có cái gì chứng minh xe của m nữa k, hay là đem hoá đơn ra",1,"=)) ngu đéo chịu được thế sao t k sơn r xóa số nhỉ có cái gì chứng_minh xe của m nữa k , hay_là đem hóa đơn ra"
Đm nó dàn cảnh lạc hướng,1,Đm nó dàn_cảnh lạc hướng
Hai thằng chim mồi,1,Hai thằng chim mồi
tối có stream không abe,0,tối có stream không abe
"chắc An đây mê gái đầu thai không hết gái nào bị chửi như chó , An chạy vào như 1 vị cứu tinh mặc kệ sự đời cứu dc rồi đưa 5 củ cho con cô ta á hả",1,"chắc An_đây mê gái đầu_thai không hết gái nào bị chửi như chó , An_chạy vào như 1 vị cứu_tinh mặc_kệ sự đời cứu dc rồi đưa 5 củ cho con cô ta á_hả"
Huấn luyện viên không biết thế nào là nhục,0,Huấn_luyện_viên không biết thế_nào là nhục
"Nó học cách của thằng anh nó đó , hèn , khốn nạn",1,"Nó học cách của thằng anh nó đó , hèn , khốn_nạn"
rồi liên quan gì đến tk nguuu m thế ?,1,rồi liên_quan gì đến tk nguu m thế ?
Cái lồn mẹ. Mấynhoom trước tao buk mình thì đỵt có chỗ nào xả. Hôm nay nguôi ngoai cả r thì mới tìm ra cái chổ chửi xả. Đỵt mẹ đời. Lồn mẹ chúng mày kể cả thằng ad mặt lồn bước ra đây để bố xem mặt,2,Cái lồn mẹ . Mấynhoom trước tao buk mình thì đỵt có chỗ nào xả . Hôm_nay nguôi_ngoai cả r thì mới tìm ra cái chổ chửi xả . Đỵt mẹ đời . Lồn mẹ chúng_mày kể_cả thằng ad mặt_lồn bước ra đây để bố xem_mặt
Ông nên tự biết xấu hổ mà từ chức,0,Ông nên tự biết xấu_hổ mà từ_chức
Nghèo đã khổ ác thủ kg tha,1,Nghèo đã khổ ác_thủ kg tha
Cuong Quoc tui vẫn dẫn đầu nha tui vs Thi Thi đc ăn free nha mn ơi,0,Cuong Quoc tui vẫn dẫn_đầu nha tui vs Thi_Thi đc ăn free_nha mn ơi
Fake đó mấy ba má,0,Fake đó mấy ba_má
Hóng phim ra rạp :)),0,Hóng phim ra rạp :))
chết m* m đi,2,chết m * m đi
Lũ dog này.. Hoàn cảnh khó khăn chúng cũng không tha.. Phải điều đặc công ngoài Bắc vào để xử lý hết lũ dog này,2,Lũ dog này .. Hoàn_cảnh khó_khăn chúng cũng không tha_.. Phải điều đặc_công ngoài Bắc vào để xử_lý hết lũ dog này
Ác quá mà ...vậy củg nhẫn tâm lấy đc nửa,1,Ác quá mà .. vậy củg nhẫn_tâm lấy đc nửa
Tôi nghiệp em xôi. Mấy thanh niên người ta mua gánh bán bưng vậy cũng đành. Xấu họ Mấy ah thanh niên quá. Ko bản lĩnh,0,Tôi nghiệp em xôi . Mấy thanh_niên người ta mua_gánh bán bưng vậy cũng đành . Xấu họ Mấy ah thanh_niên quá . Ko bản_lĩnh
Xin tên nhạc.,0,Xin tên nhạc .
why con mẹ m,2,why con mẹ m
15p nuac gặp a iu,0,15 p nuac gặp a iu
HOA LỤA - HOA TƯƠI NHẬP KHẨU CAO CẤP.,0,HOA_LỤA - HOA TƯƠI NHẬP_KHẨU CAO_CẤP .
Các cậu ngủ đi,0,Các cậu ngủ đi
Nhìn mà ghê thật,0,Nhìn mà ghê thật
Gia Bảo ci l**,2,Gia_Bảo ci l * *
Thứ giật tiền Minh Hiếu,1,Thứ giật tiền Minh_Hiếu
mày thấy tổng 8tr/tháng k thằng ngu,2,mày thấy tổng 8 tr / tháng k thằng ngu
Giết được người mà ko bị pháp luật xử nghiêm minh thì 3bố con nhà mày sớm muộn cũng xuống âm phủ mà tiêu tiền.,2,Giết được người mà ko bị pháp_luật xử nghiêm_minh thì 3 bố_con nhà_mày sớm muộn cũng xuống âm_phủ mà tiêu tiền .
Chơi tí đồ ăn mừng,0,Chơi tí đồ_ăn mừng
? M hiểu nhầm hay sao mà dãy nảy lên vậy . T nhận cày thua mà thì sao giống m đc mà m chửi ghê vậy . Chưa nói hết đã căng thẳng r =)),0,? M hiểu nhầm hay sao mà dãy nảy lên vậy . T nhận cày_thua mà thì sao giống m đc mà m chửi ghê vậy . Chưa nói hết đã căng_thẳng r =))
fuck out please,1,fuck out please
Hí ae là hiểu off sờ trym r đó😂,0,Hí ae là hiểu off sờ_trym r đó 😂
Thật ra chỉ cần vào mùa 20 phần xôi thì lấy 10 chiếc cũng ko biết đâu vì lúc đó lo làm rồi,0,Thật_ra chỉ cần vào mùa 20 phần xôi thì lấy 10 chiếc cũng ko biết_đâu vì lúc đó lo làm rồi
Nhịn thét làm tới:)),0,Nhịn_thét làm tới :))
ad của page này chửi như muốn đổ cả rổ lồn vào mồm người khác ý :),2,ad của page này chửi như muốn đổ cả rổ lồn vào mồm người khác ý :)
Mai m ra đường xe tông mẹ đi,2,Mai m ra đường xe tông mẹ đi
Nghe kiện củ khoai chưa. mà đéo hiểu nôi bạn nghe nhạc của 1 thằng tư cách 5củ hát có hay đến mấy mà không thấy tởm à. Hay bạn cuồng nó qua rồi.,1,Nghe kiện củ khoai chưa . mà đéo hiểu nôi bạn nghe nhạc của 1 thằng tư_cách 5 củ hát có hay đến mấy mà không thấy tởm à . Hay bạn cuồng nó qua rồi .
A tuân hỏi chu cà mo la gi lam e cười mn xỉu,0,A_tuân hỏi chu_cà_mo la gi_lam e_cười mn_xỉu
Cũng giống lắm á :))),0,Cũng giống lắm á_:))
Vì mấy đồng bạc của người thái mà mày đánh mất đi lương chi của một con người,0,Vì mấy đồng_bạc của người_thái mà mày đánh mất đi lương_chi của một con_người
Xl làm đeo sao may không làm tròn một thằng trọng tài trong trận đấu may xử ép VN thế xong mày xl là một xong không có đâu con,1,Xl làm đeo sao may không làm tròn một thằng trọng_tài trong trận đấu may xử_ép VN thế xong mày xl là một xong không có đâu con
cty Đang liên hệ để đàm phán tiền nhưng chỉ chịu chi 5 củ chứ ko phải 60 tỷ như Viruss yêu cầu nên Vi rút ko thèm liên lạc =)))),0,cty Đang liên_hệ để đàm_phán tiền nhưng chỉ chịu chi 5 củ chứ ko phải 60 tỷ như Viruss yêu_cầu nên Vi_rút ko thèm liên_lạc =))
Hoàng Tử Băng Giá nhìn cách thay người là bít r,0,Hoàng_Tử Băng_Giá nhìn cách thay người là bít r
Cô nói câu nào cũng buồn cười hết trơn 😂,0,Cô nói câu nào cũng buồn_cười hết trơn 😂
đủ trình kh,0,đủ trình kh
Tối qua off stream có khác anh ơiiii :v,0,Tối_qua off stream có khác anh ơii : v
"cu em mực bẩn tính mà tư duy phản biện còn kém nữa, trời ơi sao lại có thể tư duy phản biện mức mẫu giáo như thế được? đọc thêm sách vào cu",2,"cu em mực bẩn_tính mà tư_duy phản_biện còn kém nữa , trời_ơi sao lại có_thể tư_duy phản_biện mức mẫu_giáo như_thế được ? đọc thêm sách vào cu"
Fake bọn ngu à,1,Fake bọn ngu à
đất nước tôi đấy bạn nhé,0,đất_nước tôi đấy bạn nhé
ngu vl xd,1,ngu vl xd
Hí anh em ❤,0,Hí anh_em ❤
Võ Phong cười ỉa,0,Võ_Phong cười ỉa
Sory cái địt mẹ mày,2,Sory cái địt mẹ mày
bắt như con cặc mất một quả pen thẻ đỏ,1,bắt như con cặc mất một quả pen thẻ_đỏ
Mày hãy cút về nuớc đi,1,Mày hãy cút về nước đi
cayy là gì ta,0,cayy là gì ta
Đéo cho thì nói ki bo cho rồi thì soi này soi nọ . Thế mày muốn chúng nó sống sao . Miệng chó ko mọc đk ngày voi cứt j củng phun ra đk,2,Đéo cho thì nói ki_bo cho_rồi thì soi này soi_nọ . Thế_mày muốn chúng_nó sống sao . Miệng chó ko mọc đk ngày voi cứt j củng_phun ra đk
Bọn nầy tàn nhẫn quá trc sau cũng gặp quả báo,1,Bọn nầy tàn_nhẫn quá trc sau cũng gặp quả báo
bị ngu à? Nghe nhạc 2 thằng mà éo hiểu vấn đề,1,bị ngu à ? Nghe nhạc 2 thằng mà éo hiểu vấn_đề
b52 ơi lứng quá B52 i,0,b52 ơi lứng quá B52 i
H toàn bọn béo ú ngu học làm lớn,2,H toàn bọn béo ú_ngu học làm lớn
Cái lồn má mày thằng trọng tài chó,2,Cái lồn má mày thằng trọng_tài chó
Xin Quỳ,1,Xin Quỳ
có fan cứng nhưng nào đâu hiển thị :((,0,có fan cứng nhưng nào đâu hiển_thị : ( (
Fucking you,2,Fucking you
Mày ngu lắm may khong nên làm trong tài,2,Mày ngu lắm may khong nên làm trong tài
"Lm thì lm mẹ nó r, lại vòn xl, ngứa",1,"Lm thì lm mẹ nó r , lại vòn_xl , ngứa"
Lại bú dái kata hả mực ngu,2,Lại bú dái kata hả mực ngu
má trọng tà cay tù hồi nào tối nay nha ghim rồi á,1,má trọng tà_cay tù_hồi nào tối nay nha ghim rồi á
Sủi kèo mà sủa ác :))),1,Sủi_kèo mà sủa_ác :))
Bạn chả có máu hóa văn loz j cã=]],1,Bạn chả có máu hóa văn_loz j cã = ] ]
Gil lại đi cà khịa rồii😂,0,Gil lại đi cà_khịa rồii 😂
"Tụi mày ăn đéo có cái gì, đéo có con Cặc gì, nhưng được cải, nước ngoài hỗ trợ ( xin lỗi nói thẳng) kích động gây chia rẽ",2,"Tụi mày ăn_đéo có cái gì , đéo có con Cặc gì , nhưng được cải , nước_ngoài hỗ_trợ ( xin_lỗi nói_thẳng ) kích_động gây chia_rẽ"
"rách không bao, giờ đạo nhạc",1,"rách không bao , giờ đạo_nhạc"
Nguyễn An Huy ngu thua m chút à,1,Nguyễn_An_Huy_ngu thua m chút à
Nick fake xin lỗi cái lồn :)),1,Nick fake xin_lỗi cái lồn :))
Đây nè,0,Đây nè
Đời thường là như vậy nghèo lại gặp éo le chán,0,Đời thường là như_vậy nghèo lại gặp éo_le chán
"Luôn tin yêu và ủng hộ anh Jack -J97 ạ. Mong anh chân cứng đá mềm, kiên định vượt qua mọi sóng gió dư luận !!!!!",0,"Luôn tin_yêu và ủng_hộ anh Jack - J97 ạ . Mong anh chân cứng đá mềm , kiên_định vượt qua mọi sóng_gió dư_luận ! !"
Anh nói hay ghê á :33,0,Anh nói hay ghê_á : 33
Tam quan lệch lạc,1,Tam_quan lệch_lạc
hốt lun cái xe xôi mới chấn động,0,hốt lun cái xe xôi mới chấn_động
..😀😀,0,.. 😀 😀
Từ chức đi thằng mặt dầy. Cút khỏi đất nước Việt Nam.,1,Từ_chức đi thằng mặt dầy . Cút khỏi đất_nước Việt_Nam .
Bạn tao mày đừng có xàm l thông à mày cần tao không tao bênh nó đã bênh thang kia chưa thế giờ ng nhà m bị chửi thì m câm à thang ngu,2,Bạn tao mày đừng có xàm l thông à mày cần tao không tao_bênh nó đã bênh_thang kia chưa thế giờ ng nhà m bị chửi thì m câm à_thang ngu
đâu cap đi xem nào,0,đâu cap đi xem nào
"Thằng lồn cha với con đĩ mẹ mày không biết dạy mày nên mày mới dựng lồn lên xem vào chuyện của người khác, bộ tao ăn hết của ông nội mày sao mà mày lôi tao vào. Từ đầu tao đâu có lôi tên con đĩ mẹ mày ra nói đâu",2,"Thằng lồn cha với con đĩ mẹ mày không biết dạy mày nên mày mới dựng lồn lên xem vào chuyện của người khác , bộ tao ăn hết của ông nội_mày sao mà mày lôi tao vào . Từ đầu tao đâu có lôi tên con đĩ mẹ mày ra nói đâu"
So so cái d*t c*n m* may,2,So so cái d * t c * n m * may
@Chiến trần chuẩn 👌,0,@ Chiến_trần chuẩn 👌
q thi hut con ko lo danh nha ngu qua ngu,1,q thi hut con ko lo danh_nha ngu qua ngu
Chơi như cl mà rên như bị Đ!t :)),1,Chơi như cl mà rên như bị Đ !_t :))
Đúng là hề,0,Đúng là hề
Con bóng chúa sẽ bị ma ám in bv 😏,1,Con bóng_chúa sẽ bị ma ám_in bv 😏
Nhây :)))) chừa nhé,0,Nhây :))_chừa nhé
bạn trai nhà người ta chưa bao giờ làm tôi thất vọng :)),0,bạn trai nhà người ta chưa bao_giờ làm tôi thất_vọng :))
Phan cứng trong sự ngỡ ngàng😀,0,Phan_cứng trong sự ngỡ_ngàng 😀
nghe mày bênh thằng Rack vậy là biết ngay ngày xưa mày học rất ngu rồi :))),1,nghe mày bênh thằng Rack vậy là biết ngay ngày_xưa mày học rất ngu rồi :))
"Cút con me may khỏi đất nước của tao đi , thằng n g u học , phế vật",2,"Cút con me may khỏi đất_nước của tao đi , thằng n g u_học , phế_vật"
"Mh thấy càng dưới vị thành niên mà phạm tội càng nên trừng phạt mạnh tay, vì chúng còn bé mà tư tưởng và hành động bạo lực như thế thỳ lớn lên k biết chúng còn trở nên thế nào nữa",0,"Mh thấy càng dưới vị_thành_niên mà phạm_tội càng nên trừng_phạt mạnh_tay , vì chúng còn bé mà tư_tưởng và hành_động bạo_lực như_thế thỳ lớn lên k biết chúng còn trở_nên thế_nào nữa"
đ.ần,1,đ . ần
Ông lấy bằng chứng gì để nói chuyện với chúng tôi. Thêm 1 tờ giấy biên bản nữa,0,Ông lấy bằng_chứng gì để nói_chuyện với chúng_tôi . Thêm 1 tờ giấy biên_bản nữa
"Boxit nữa, đừng quên bùn đỏ",0,"Boxit nữa , đừng quên bùn đỏ"
Quên mẹ đi. D.ịt mẹ đâu có luật nào công an bồi thường xe cho dân. Tụi bây đem luật nào cho tao xem,1,Quên mẹ đi . D.ịt mẹ đâu có luật nào công_an bồi_thường xe cho dân . Tụi bây đem luật nào cho tao xem
Buôn bán mà người ta hỏi thăm đường kĩu này nên né ra ..đìu có sự khốn nạn trong đó hết ..,1,Buôn_bán mà người ta hỏi_thăm đường kĩu này nên né ra .. đìu có sự khốn_nạn trong đó hết ..
Trường,0,Trường
Đứng đó ăn ccc à,1,Đứng đó ăn cc à
hèn hạ,1,hèn_hạ
Học công nghệ sản xuất kem chống nhục và phẫu thuật cắt dây thần kinh xấu hổ,1,Học công_nghệ sản_xuất kem chống nhục và phẫu_thuật cắt dây thần_kinh xấu_hổ
Loại này bắt dc cứ tử hình. Bắt la tử hình liền. Bảo đảm sợ. Thứ này khỏi cãi tạo cm j hết,2,Loại này bắt_dc cứ tử_hình . Bắt_la tử_hình liền . Bảo_đảm sợ . Thứ này khỏi cãi_tạo cm j hết
lỗi cái lồn má mày,2,lỗi cái lồn má mày
Dáng người thì cao đấy nhưng chất thì như lồn,1,Dáng người thì cao đấy nhưng chất thì như lồn
đụ..vậy đầu óc có vấn đề chắc luôn,1,đụ .. vậy đầu_óc có vấn_đề chắc luôn
đĩ lồn,2,đĩ lồn
"Fuck you. Fuck your mom, fuck your father, fuck your family, fuck your grandmother, fuck you wife…",2,"Fuck you . Fuck your_mom , fuck your father , fuck your family , fuck your grandmother , fuck you wife …"
đang chửi nhma thấy chim cánh cụt:)))),0,đang chửi nhma thấy chim cánh_cụt :))
Lúc nào Việt Nam chúng tôi cũng bị trọng tài bắt ép.. Xin lỗi được gì ông nên về hưu xóm đi..,0,Lúc_nào Việt_Nam chúng_tôi cũng bị trọng_tài bắt ép .. Xin_lỗi được gì ông nên về hưu xóm đi ..
Cuộc thi khen vợ bắt đầu Mình trước : Vợ mình cả xóm ai cũng sợ!,0,Cuộc thi khen vợ bắt_đầu Mình trước : Vợ mình cả xóm ai cũng sợ !
"Nguyễn An Huy t xấu chắc m đẹp, liuliu",0,"Nguyễn_An_Huy_t xấu chắc m đẹp , liuliu"
Nhung Nguyễn 10₫,0,Nhung Nguyễn_10 ₫
jack làm giáo viên à bạn ?,0,jack làm giáo_viên à bạn ?
Thg l,1,Thg l
"Rất thích bài viết thế này. Hay và ý nghĩa, học thêm nhiều cái mới",0,"Rất thích bài viết thế_này . Hay và ý_nghĩa , học thêm nhiều cái mới"
cái lồn,2,cái lồn
"do chính quyền không thắt chặt kiểm soát. Phải lập thành nhiều đội làm mồi giả bộ nai tơ, trang bị bộ đàm không giây để liên lạc khi chứng đến. nhử bọn này đến ăn cắp, bên trong nhảy ra tóm trọn cả đám",0,"do chính_quyền không thắt chặt kiểm_soát . Phải lập thành nhiều đội làm mồi giả_bộ nai_tơ , trang_bị bộ_đàm không giây để liên_lạc khi chứng đến . nhử bọn này đến ăn_cắp , bên trong nhảy ra tóm_trọn cả đám"
Bởi khi tụi này mà rớt nài thì ít được người dân nương tay trước khi giao C.A cũng đáng .,1,Bởi khi tụi này mà rớt_nài thì ít được người_dân nương_tay trước khi giao_C.A cũng đáng .
Bất tài vô dụng,1,Bất_tài vô_dụng
Mê trai hả mài,1,Mê_trai hả mài
Thể loại fake xứng đáng làm người giống như thằng trọng tài thật vậy,1,Thể_loại fake xứng_đáng làm người giống như thằng trọng_tài thật vậy
Mấy thằg não cức,2,Mấy thằg não cức
Đcm yêu nhau thế cơ à?,1,Đcm yêu nhau thế_cơ à ?
những chiến sỹ nghe oai phong dũng cảm quá nhỉ !? kẻ thù của chúng là ai vậy !!!!???,0,những chiến_sỹ nghe oai_phong dũng_cảm quá nhỉ ! ? kẻ_thù của chúng là ai vậy ! ! ? ?
ác cả cha lẫn con mạng sống con người mà nó xem như lông chim,1,ác cả cha lẫn con mạng sống con_người mà nó xem như lông chim
loại m = con vave thôi đừng lắm lời Nói thẳng đéo có cửa để tao trl nhưng vì thấy m cmt nguuu dốt lên đây thì tao nói luôn Là t đéo binh nma tụi m ghét Nó thì chửi nó mắc cái gì chửi ngta đúng là loại bại não cận huyết nc có khác thôi về làm … Xem thêm,2,loại m = con vave thôi đừng lắm lời_Nói_thẳng đéo có cửa để tao trl nhưng vì thấy m cmt nguu dốt lên đây thì tao nói luôn Là t đéo_binh nma tụi m ghét Nó thì chửi nó mắc cái gì chửi ngta đúng là loại bại não cận_huyết nc có khác thôi về làm … Xem thêm
Đọc thần chú j v thầy 🤣,0,Đọc thần chú j v thầy 🤣
Thành Huy Hoàng Tiến,0,Thành_Huy_Hoàng_Tiến
Tàn nhẫn quá luôn,1,Tàn_nhẫn quá luôn
Tự nhiên nghĩ lại thấy đẹp trai cũng là cái tội ae ạ,0,Tự_nhiên nghĩ_lại thấy đẹp_trai cũng là cái tội ae ạ
mỏ lồn của LOL VN mà :)) Nhìn cái mồm rộng như cái lồn mà bt rống ghê ntn r :)),2,mỏ lồn của LOL VN mà :)) Nhìn cái mồm rộng như cái lồn mà bt rống ghê_ntn r :))
Ông nên từ chức đi cho đỡ nhục,1,Ông nên từ_chức đi cho đỡ nhục
Cái đầu khấc,1,Cái đầu khấc
thôi cháu ơi. cháu xem idol ngu của cháu cháu ảo tưởng it thôi cháu ạ. game it thoi.ra đường nhiều vào.trả dthoai cho mẹ cháu đi :))) học thì ngu mà cứ chửi người đi làm rồi,1,thôi cháu ơi . cháu xem idol_ngu của cháu cháu ảo_tưởng it thôi cháu ạ . game it thoi.ra đường nhiều vào . trả dthoai cho mẹ cháu đi :))_học thì ngu mà cứ chửi người đi làm rồi
Đôi khi quảng cáo với cái đầu ngắn nên bị tổ trác. Thay vì hòa đồng thì cứ thích tỏ vẻ bố thiên hạ. Chán ông vin fet,1,Đôi_khi quảng_cáo với cái đầu ngắn nên bị tổ trác . Thay_vì hòa đồng thì cứ thích tỏ_vẻ bố_thiên_hạ . Chán ông vin fet
Sai r xin lỗi,0,Sai r xin_lỗi
Lời xl muộn màng Xl r có thay đổi đc j,0,Lời xl muộn_màng Xl_r có thay_đổi đc j
Đừng làm trọng tài nữa thằng mù,2,Đừng làm trọng_tài nữa thằng mù
Đọc xong tin nhắn mới biết. Mấy dạy và côn đồ từ gốc. Chắc mấy thằng đang trên bàn thờ nhà cháu cũng thế,1,Đọc xong tin nhắn mới biết . Mấy dạy và côn_đồ từ gốc . Chắc mấy thằng đang trên bàn_thờ nhà cháu cũng thế
xem lại trận hqua đi cái dcm,1,xem_lại trận hqua đi cái dcm
Khỏi đi để cháu còn đi học,0,Khỏi đi để cháu còn đi học
"Đồng Tháp mới đin2 thằng Chộm chó đó! bọn ""ăn cứt"" này nếu đx thì cho chúng nó đi bớt đi",2,"Đồng_Tháp mới đin2 thằng Chộm chó đó !_bọn "" ăn_cứt "" này nếu đx thì cho chúng_nó đi bớt đi"
Gọi mấy thằng CA là phải dí thẳng tiền cho chúng nó.ko là đến già chúng nó cũng chả quan tâm,1,Gọi mấy thằng CA là phải dí thẳng tiền cho chúng_nó . ko là đến già chúng_nó cũng chả quan_tâm
Vì ba cái like rẻ tiền để câu view à,1,Vì ba cái like rẻ_tiền để câu view à
Đụ con đĩ mẹ thầy nhá,2,Đụ con đĩ mẹ thầy nhá
ông giờ đã trở thành người nổi tiếng rồi.bắt như lồn,2,ông giờ đã trở_thành người nổi_tiếng rồi . bắt như lồn
Huyền Khánh Phùng chả vờ chả vịt :)),0,Huyền_Khánh_Phùng chả_vờ chả vịt :))
Nguyễn Mỹ Duyên cánh hoa may mắn:)),0,Nguyễn_Mỹ_Duyên_cánh hoa may_mắn :))
Đến bọn quan tham mà lừa đời chúng nó rồi cũng đâm đầu xuống sông chết thôi,2,Đến bọn quan_tham mà lừa_đời chúng_nó rồi cũng đâm đầu xuống sông chết thôi
Mắt bị cục shit lấp à. Fake you,2,Mắt bị cục shit lấp à . Fake you
2thag ôn con đến cửa hàng xe hơi đòi mua siêu xe.,1,2 thag ôn_con đến cửa_hàng xe_hơi đòi mua siêu xe .
Thằng hlv như cc cút về nước,1,Thằng hlv như cc_cút về nước
muộn r :)),0,muộn r :))
Ông biết nhục nhã la gi k.đá 10 trận.thua 9.kể cả khi ông thắng indo tran lượt về.thi ông nên từ chức. Bất tài vô dụng ma lương cao,1,Ông biết nhục nhã_la gi_k . đá 10 trận . thua 9 . kể_cả khi ông thắng indo tran lượt về . thi ông nên từ_chức . Bất_tài vô_dụng ma lương cao
Trọng tài như con cac,2,Trọng_tài như con cac
Con mẹ nhà mày thăng lol mày mù à,2,Con mẹ nhà mày thăng_lol mày mù à
Nguyễn Trọng Hiệp Đm óc cức à bạn trẻ...,2,Nguyễn_Trọng_Hiệp Đm_óc cức à bạn trẻ ..
Mn ơiii giúp em với ạ,0,Mn ơii giúp em với ạ
"Cái page này phản động đấy, ad súc vật biết cc j đâu",2,"Cái page này phản_động đấy , ad súc_vật biết cc j đâu"
Ảnh về với điều kiện tay chân ảnh lên :3,0,Ảnh về với điều_kiện tay_chân ảnh lên : 3
"Tới bến, sáng dzìa",0,"Tới bến , sáng dzìa"
Lỗi nhục của trọng tài. Trình độ bắt trọng tài kém thì nên ở nhà.,1,Lỗi_nhục của trọng_tài . Trình_độ bắt_trọng_tài kém thì nên ở nhà .
"Thầy bói Ba cl gì gì vậy thầy, đem con susan ra thế giới à",1,"Thầy bói Ba_cl gì gì vậy thầy , đem con susan ra thế_giới à"
Trông đánh con aatrox..,0,Trông đánh con aatrox ..
Về đi hái nho đi,0,Về đi hái_nho đi
Bắt sai cho cố ra nói xin lỗi,1,Bắt sai cho cố ra nói xin_lỗi
"tự kiểm điểm, có cái éo đó cứ làm hoài",1,"tự kiểm_điểm , có cái éo đó cứ làm hoài"
rank gì nhưng mà ít nhất nó còn sống ra con người. Chứ loại gato xong toxic thì chỉ vậy thôi.,1,rank gì nhưng_mà ít_nhất nó còn sống ra con_người . Chứ loại gato xong toxic thì chỉ vậy thôi .
Ô ko phù hop,0,Ô_ko phù_hop
Đậu xanh toàn share link tiếng việt vậy,0,Đậu xanh toàn share link tiếng việt vậy
từng này tuổi r còn bị thằng trẻ con nó dắt mũi. chọn sai idol cx là 1 cái tội =)),1,từng này tuổi r còn bị thằng trẻ_con nó dắt_mũi . chọn sai idol cx là 1 cái tội =))
"cái loại bỏ con k nhận thì đạo đức gì mà lên tiếng má, cừi đái Nguyễn Thị Bích Ngọc coi hề nè má",1,"cái loại_bỏ con k nhận thì đạo_đức gì mà lên_tiếng má , cừi_đái Nguyễn_Thị_Bích_Ngọc coi hề nè má"
A di đà Phật xin cho con về với Phật,0,A_di_đà Phật xin cho con về với Phật
Thật nực cười,0,Thật nực cười
Trần Hảo chị xem coi mà biết . Ra đường lam j lam . Gặp ng lạ để ý cảnh giác . cứ lo cho c,0,Trần_Hảo chị xem coi mà biết . Ra đường_lam j_lam . Gặp ng_lạ để_ý cảnh_giác . cứ lo cho c
"Tôi tha thiết đề nghị chủ tịch VFF sa thải ngay Troussier,thua mất mặt hơn 10 trận đấu liên tiếp rùi",0,"Tôi tha_thiết đề_nghị chủ_tịch VFF sa_thải ngay Troussier , thua mất mặt hơn 10 trận đấu liên_tiếp rùi"
Tuân Đào nghe noi thich tone giong nay,0,Tuân Đào nghe noi thich tone giong nay
"Bọn phản quốc lúc cặc nào cũng than nghèo kể khổ. Ngồi nhà cả ngày, soi mói báo mạng kích động bạo lực. Bảo sao thất nghiệp với vô học. Về xứ cali chúng mày đi. Mới xả súng đấy. :))))))))",2,"Bọn phản_quốc lúc cặc nào cũng than nghèo kể khổ . Ngồi nhà cả ngày , soi_mói báo mạng kích_động bạo_lực . Bảo_sao thất_nghiệp với vô_học . Về xứ cali chúng_mày đi . Mới xả súng đấy . :))"
Người chúng tôi cần phải như này. Có thua đi chăng nữa. Người hâm mộ vẫn vui ấm lòng ông Tru Si Êhhhhhhhhhhhhh ơi,0,Người chúng_tôi cần phải như này . Có thua đi_chăng_nữa . Người hâm_mộ vẫn vui_ấm lòng ông Tru Si_Êhh ơi
Báo chí gì mà nói sạo lộ liễu. Nản,1,Báo_chí gì mà nói sạo_lộ liễu . Nản
"noi dong cham toi ban tot 16 chu vang la bi ghep toi phan dong ,,, roi co ca dam dlv ngu ngoc tre trau cung vo goi la phan dong viet tan potay luon",1,"noi dong cham toi ban tot 16 chu_vang la bi_ghep toi phan_dong , , roi co_ca dam dlv ngu ngoc tre trau_cung vo goi_la phan_dong_viet tan potay luon"
acc giả hay sao ý j mà đang bắt lại đăng 4 phút trước,0,acc giả hay sao ý_j mà đang bắt lại đăng 4 phút trước
Chị oi ! ai cũng muốn mình đẹp mà khổ nổi ko có tiền,0,Chị oi ! ai cũng muốn mình đẹp mà khổ nổi ko có tiền
Why cái mả mẹ mày về quê con mẹ mày đi,2,Why cái mả mẹ mày về quê con mẹ mày đi
"Ê chó ad. Nó nói chất độc ko thể ăn được có gì sai à? Chỉ cái lủ chó như...cha mẹ mày chẳng hạn, trộn chất độc vào để tăng lợi nhuận rồi kéo theo việc hại dân thui nhé",2,"Ê chó ad . Nó nói chất_độc ko_thể ăn được có gì sai à ?_Chỉ cái lủ chó như .. cha_mẹ mày chẳng_hạn , trộn chất_độc vào để tăng lợi_nhuận rồi kéo_theo việc hại dân thui nhé"
hhh mõm ít th cháu ơi do m nguu t ko thèm nc vs m đấy,1,hh mõm ít th cháu ơi do m nguu t ko thèm nc vs m đấy
Văn Việt quay ăn lon,1,Văn_Việt quay ăn lon
Khốn nạn nhất là cái thằng ra luật ăn trộm ko dược đánh.dânhs nó bị thương tích là tri tố.y như thằng ăn trộm ra luật vậy,2,Khốn_nạn nhất là cái thằng ra luật ăn_trộm ko dược đánh . dânhs nó bị_thương_tích là tri_tố . y_như thằng ăn_trộm ra luật vậy
"Năm mới chúc các bạn đạt được tất cả mục tiêu của cuộc sống,",0,"Năm mới chúc các bạn đạt được tất_cả mục_tiêu của cuộc_sống ,"
Chào đ/c thiếu tướng Trần Dần,0,Chào đ / c thiếu_tướng Trần_Dần
Đit mẹ may,2,Đit mẹ may
tao vẫn đéo hiểu cái loại mày bỏ cái chuột với cái bàn phím ra với giống bố đời kiểu này làm đc clg cho đời,2,tao vẫn đéo hiểu cái loại mày bỏ cái chuột với cái bàn_phím ra với giống bố đời kiểu này làm đc clg cho đời
"Con bóng đực kia cũng là dạng đầu trâu mặt ngựa, 2 mặt, nịnh bợ.",2,"Con bóng đực kia cũng là dạng đầu trâu mặt ngựa , 2 mặt , nịnh_bợ ."
"Giống như câu , Ngêu sò tranh nhau , Ngư ông đắc lợi",0,"Giống như câu , Ngêu_sò tranh nhau , Ngư_ông đắc_lợi"
Xl cdmm,2,Xl cdmm
Cô minh hiếu mà hết thời là mày cũng hết đường làm ăn luôn nha con bóng đồng tháp bán dồ giả,2,Cô minh_hiếu mà hết thời là mày cũng hết đường làm_ăn luôn nha con bóng đồng_tháp bán dồ giả
"Ai k tin chứ tôi tin vào quả báo và nhân quả, k đến sớm thì muộn chứ k thoát đc chỗ nào đâu...",0,"Ai k tin chứ tôi tin vào quả báo và nhân_quả , k đến sớm thì muộn chứ k thoát đc chỗ nào đâu .."
"Nói gì thì nói chớ , tui đang bị cách ly ở đà nẵng 😓😓",0,"Nói gì thì nói chớ , tui đang bị cách_ly ở đà_nẵng 😓 😓"
Chi dep qua c oi.su con cho do di c.con mat day con cho phan quoc.,2,Chi dep qua c oi.su con cho do di_c.con mat day con cho phan_quoc .
Mốt tập nói tiếng hoa kiểu này 🤣🤣🤣 Kom Tuấn Hạnh Kim Trần,0,Mốt_tập nói tiếng hoa kiểu này 🤣_🤣 Kom_Tuấn_Hạnh Kim_Trần
Cc  3 m,2,Cc 3 m
😊😊😊,0,😊 😊
Xin vĩnh biệt cụ trọng tài,1,Xin vĩnh_biệt cụ trọng_tài
Ví anh làm kiểu gì mà trong ví lúc nào cx nhiều tiền vậy ?,0,Ví anh làm kiểu gì mà trong ví lúc_nào cx nhiều tiền vậy ?
Tao cũng không hiểu tại sao mấy thằng đầu óc có vấn đề mới thuê cái thằng này làm việc,2,Tao cũng không hiểu tại_sao mấy thằng đầu_óc có vấn_đề mới thuê cái thằng này làm_việc
E đag rank vàng a tính thuê a cày nma sợ bị cno hành xong a lại đổ lỗi tại đồng đội tại bên kia tol thì khổ ngta :(( huhu,0,E đag rank vàng a_tính thuê a_cày nma sợ bị cno_hành xong a lại đổ lỗi tại đồng_đội tại bên kia tol thì khổ_ngta : ( ( huhu
phải tới. Cùng lắm 9 tháng 10 ngày đẻ thêm đứa nữa. Tốn thêm 2tr/th là ok. Công ty ko để đc xài bao,0,phải tới . Cùng lắm 9 tháng 10 ngày đẻ thêm đứa nữa . Tốn thêm 2 tr / th là ok . Công_ty ko để đc xài bao
Lag à anh ưi,0,Lag à anh ưi
loại ăn cướp mà,2,loại ăn_cướp mà
đéo cho xin lỗi,1,đéo cho xin_lỗi
"RIết thằng ad chửi nhảm quá, cp1 gì thì chửi bệnh viện. Lôi cả cái đất nước vào làm gì :))",2,"RIết thằng ad chửi nhảm quá , cp1 gì thì chửi bệnh_viện . Lôi cả cái đất_nước vào làm gì :))"
con mL thắm đâu,1,con mL thắm đâu
A Di Đà Phật mong là dịch sẽ đập tắc,0,A_Di_Đà Phật_mong là dịch sẽ đập tắc
"não cùn thì s mà hiểu đc, thích thì tự ib m dọa ai thế??bố đây đếch rảnh tiếp chuyện vs lũ ko não",1,"não cùn thì s mà hiểu đc , thích thì tự ib m dọa ai thế ? ?_bố đây đếch rảnh tiếp_chuyện vs lũ ko não"
kêu rách cho vai chính giống thiên an đi b,1,kêu rách cho vai chính giống thiên_an đi b
Chill phết:)),0,Chill phết :))
Xin lỗi cái (.),0,Xin_lỗi cái ( . )
"đánh hay thì tung hô đánh ngu thì ""content thôi"", tẩy trắng hay đấy. Content đếu phải conten oke ?",0,"đánh hay thì tung hô đánh_ngu thì "" content thôi "" , tẩy trắng hay đấy . Content đếu phải conten oke ?"
"Chỉ có mấy con chó phản động ba que mới thích thú đọc những tin kiểu này để xuyên tạc chống phá! Nhưng cái bạn yên tâm là lũ chúng nó chỉ là 1 trong hàng triệu người dân vn thôi, ko làm ăn đk gì đâu! :))) chỉ nên mạng sủa sáng, sủa tối, sủa trưa, để",2,"Chỉ có mấy con chó phản_động ba que mới thích_thú đọc những tin kiểu này để xuyên_tạc chống_phá !_Nhưng cái bạn yên_tâm là lũ chúng_nó chỉ là 1 trong hàng triệu người_dân vn thôi , ko làm_ăn đk gì đâu !_:)) chỉ nên mạng sủa sáng , sủa tối , sủa trưa , để"
yogurt oi loc raaaaa,0,yogurt oi loc raa
Nghiệp quật là có thật,0,Nghiệp quật là có thật
Bọn ruồi phát sáng như bọn m chỉ có thế,1,Bọn ruồi phát sáng như bọn m chỉ có thế
Nói vậy có ngành du lịch để làm gì?,0,Nói vậy có ngành du_lịch để làm_gì ?
hoy đi may cũng vay à có khác gì ai đâu mà bênh gái hả vào thông tin coi thì quả thật trẻ trâu chơi ff,1,hoy đi may cũng vay à có khác gì ai đâu mà bênh gái hả vào thông_tin coi thì quả_thật trẻ trâu chơi ff
"Brian Le thằng Vr toàn tự mèo khen mèo dài đuôi, tự nâng mình hạ thấp người khác, nết xấu, mõm là giỏi. Kêu thằng J k biết nốt nhạc, thế thằng J đúng chuẩn thần đồng âm nhạc, sáng tác cả chục bài Big Hit, thằng học nhạc viện HQ hít khói, không bằng số … Xem thêm",2,"Brian_Le thằng Vr toàn tự mèo khen mèo dài đuôi , tự nâng mình hạ thấp người khác , nết xấu , mõm là giỏi . Kêu thằng J_k biết nốt_nhạc , thế thằng J đúng chuẩn_thần đồng_âm_nhạc , sáng_tác cả chục bài Big_Hit , thằng học nhạc_viện HQ hít_khói , không bằng số … Xem thêm"
đánh ngu cày thuê cc,1,đánh ngu cày thuê cc
chứ k phải đăng stt hay cmt băng ngôn ngữ của sv hả=))) trẻ nghé tưởng mình dễ thương,1,chứ k phải đăng_stt hay cmt_băng ngôn_ngữ của sv hả =))_trẻ nghé_tưởng mình dễ_thương
Tông môn mày,2,Tông môn mày
Chết là phải toàn thành phần óc chó đua xe không,2,Chết là phải toàn thành_phần óc chó đua xe không
Lê Hà Thư vẫn cứ là ok:))),0,Lê_Hà_Thư vẫn cứ là ok :))
Xin là xin Vĩnh biệt cụ,0,Xin là xin Vĩnh_biệt cụ
hhhhh bị chưởi đell biết nhục Đúng là nói ko khôn ra tưởng là mình ngầu,1,hh bị chưởi đell biết nhục Đúng là nói ko_khôn ra tưởng là mình ngầu
Lol bắt Trọng tài như cc,1,Lol bắt_Trọng_tài như cc
ohh weoo thiệc là mắc cừi~~,0,ohh weoo thiệc là mắc cừi ~ ~
Con mụ thần kinh,2,Con mụ thần_kinh
đủ kiều lừa !!! Huỳnh Như,0,đủ kiều_lừa ! ! Huỳnh_Như
Bọn này nên lấy búa đập hết mấy ngón tay của nó đi rồi cho vào tù mới hả được giận. Có sức khỏe mà lại đi làm những CV không ai chấp nhận được như vậy.,2,Bọn này nên lấy búa đập hết mấy ngón tay của nó đi rồi cho vào tù mới hả được giận . Có sức_khỏe mà_lại đi làm những CV không ai chấp_nhận được như_vậy .
"""kkk ông nhõi kia chắc 2k5 2k6 sáng vẫn xin mẹ tiền mua xôi cứ vào đây để trình bày"" có chỗ nào hỏi rank gì à =)))))",0,""" kk ông nhõi kia chắc 2 k5 2 k6 sáng vẫn xin mẹ tiền mua xôi cứ vào đây để trình_bày "" có chỗ nào hỏi rank gì à =))"
à thế ba chửi con thì sao ba cho tiền ăn học sao con nguuu quá v,2,à thế ba chửi con thì sao ba cho tiền ăn_học sao con nguu quá v
Cầm tiền r lượn Mỏ cứ như dính đờm )),0,Cầm tiền r lượn_Mỏ cứ như dính đờm ) )
chiến sũ cái cc là cái lũ cướp bóc nhơ nhớt xác định khoác lên cái ao màu vàng là xác định cái nghề chặn cướp của nhân dân. Đuỵt mẹ nói lên cái từ chiến sĩ nghe mắc ói.,2,chiến_sũ cái cc là cái lũ cướp_bóc nhơ nhớt xác_định khoác lên cái ao màu vàng là xác_định cái nghề chặn cướp của nhân_dân . Đuỵt mẹ nói lên cái từ chiến_sĩ nghe mắc ói .
Diện Trần,0,Diện Trần
bú win chứ vào toàn thuê diễn viên qua t gặp hai game t ẻ lên đầu mà,1,bú win chứ vào toàn thuê diễn_viên qua t gặp hai game t ẻ lên đầu mà
Bố thằng chó😡😡,2,Bố thằng chó 😡 😡
"K bắt đc, thì bà cũng bắt",0,"K bắt_đc , thì bà cũng bắt"
Chết mẹ đi địt cụ thằng trọng tài,2,Chết mẹ đi địt_cụ thằng trọng_tài
Duy Trần gửi cho em xin vd với ạ,0,Duy_Trần_gửi cho em xin vd với ạ
So cái địt cụ mày,2,So cái địt cụ mày
Hả dạ,0,Hả_dạ
Chơi quả tướng 200 năm mà thua nhìn có chán ko,0,Chơi quả_tướng 200 năm mà thua nhìn có chán ko
chụp cái qả ảnh đéo phải địa chỉ cụ thể xong trốn chui nhủi nhục như con chó ấy =)),2,chụp cái qả ảnh đéo phải địa_chỉ cụ_thể xong trốn chui nhủi_nhục như con chó ấy =))
Tức nước vỡ bờ. Cả một lũ chó hại dân,2,Tức nước vỡ bờ . Cả một lũ chó_hại dân
1 phút 30 giây. À ko 1 giây là fb bạn bay luôn,0,1 phút 30 giây . À ko 1 giây là fb bạn bay luôn
Mình hiểu uống sao không tan mỡ bụng chị  Ba vàng  Ngọc  cũng  giàu.   Hóa cho  nên đồng. Hùi hụi cho tới tháng  tám,0,Mình hiểu uống sao không tan mỡ bụng chị Ba vàng_Ngọc cũng giàu . Hóa cho_nên đồng . Hùi_hụi cho tới tháng tám
Nguyễn Mạnh kinh thế,0,Nguyễn_Mạnh_kinh thế
"Nga Tran Chính xác là có nghề chuổi mướn, và cũng gánh nghiệp hộ người khác. Mấy đứa đó ngoài xã hội bất tài, nên phải nấp lên mxh dưới 1 thân phận khác",0,"Nga Tran_Chính_xác là có nghề chuổi_mướn , và cũng gánh_nghiệp hộ người khác . Mấy đứa đó ngoài xã_hội bất_tài , nên phải nấp lên mxh dưới 1 thân_phận khác"
Ko những hư mà còn bị luột sạch đồ nữa,0,Ko những hư mà_còn bị luột sạch_đồ nữa
Bọn này nên cho vào tù mãn đời thì xh mới tốt đẹp,1,Bọn này nên cho vào tù mãn_đời thì xh mới tốt_đẹp
Trời dang dòm ngó Tôi mày,1,Trời dang dòm_ngó Tôi mày
Ủa lạc đâu ra mấy con chó này thế =)) Tao bảo cno sống chậm thôi chứ tao bảo ông bà già chúng m sống chậm à mà vào sủa :))?,2,Ủa_lạc đâu ra mấy con chó này thế =))_Tao bảo cno sống chậm thôi chứ tao bảo ông_bà già chúng m sống chậm à mà vào sủa :)) ?
"sao trêu bạn vậy. Sản phẩm nghe như cức vậy mà bác nỡ lấy cái l ra so sánh, mất giá cái l quá nha",1,"sao trêu bạn vậy . Sản_phẩm nghe như cức vậy_mà bác nỡ lấy cái l ra so_sánh , mất_giá cái l quá nha"
mà thôi nói với cái loại vô văn hoá như mày . phải dùng từ ngữ của loài chó để nói vs mày . mai tao kêu con chó nhà tao nó sủa vs mày,2,mà thôi nói với cái loại vô_văn_hóa như mày . phải dùng từ_ngữ của loài chó để nói vs_mày . mai tao kêu con chó nhà tao nó sủa vs mày
May giau qua ha sao may duoc tien cua chi minh hieu😡😠😈 sao may mat day qua da may,2,May giau qua ha sao may duoc tien cua chi_minh hieu 😡 😠_😈 sao may mat day qua da may
"bạn ơi J vào thẳng bài viết của ổng để comment nhưng ko nhận đc chút hồi âm nào nhé, cái stt ổng đăng bên trang cá nhân ẩn ý chắc gì là chỉ ông kia hay tự nhận về mình đây, hẳn là beat của ổng trong khi ổng mở mồm trong livetream là ko phải, sao liên lạc ông kia đéo tl đi mà còn cái kiểu lên livetream nói linh tinh:))) Hèn! Hay là tưởng tk J nó hiền quá bao vụ nó cho qua thì mình muốn múa gì múa , dùng cái não chút đi nào",1,"bạn ơi J vào thẳng bài viết của ổng để comment nhưng ko nhận đc chút hồi_âm nào nhé , cái stt ổng đăng bên trang cá_nhân ẩn_ý chắc gì là chỉ ông kia hay tự nhận về mình đây , hẳn là beat của ổng trong khi ổng mở mồm trong livetream là ko phải , sao liên_lạc ông kia đéo tl đi mà_còn cái kiểu lên livetream nói linh_tinh :))_Hèn ! Hay_là tưởng tk_J nó hiền quá bao vụ nó cho_qua thì mình muốn múa gì múa , dùng cái não chút đi nào"
Cho hỏi nhỏ tý ạ_Trần Hồng Hà làm kinh tế giỏi như anh Chung không nhỉ?,0,Cho hỏi nhỏ tý ạ_Trần Hồng_Hà làm kinh_tế giỏi như anh Chung không nhỉ ?
"cay k làm được gì, nhục chưa thằng con lợn trung kì",2,"cay k làm được gì , nhục chưa thằng con lợn trung_kì"
Mat day bg chui toi  bát ký  coi chung may ng do di tim may do song ko yên dau,2,Mat day bg chui toi_bát ký coi chung may ng do di_tim may do song ko yên_dau
"uk xl r gỡ ddc hả e ,e nghĩ gì vậy",0,"uk xl r gỡ ddc hả_e , e_nghĩ gì vậy"
vụ bỏ con thì công ty đéo í ới j,0,vụ bỏ con thì công_ty đéo í_ới j
hhh mõm làm đi nói bố m làm cũng đc em ạ,1,hh mõm làm đi nói bố m làm cũng đc em ạ
mk k hiểu lắm sáng chưa b,0,mk k hiểu lắm sáng chưa b
Đéo hiểu kiểu gì phát ngôn được mấy câu nguu như vậy,1,Đéo hiểu kiểu gì phát_ngôn được mấy câu nguu như_vậy
So dien thoai con ne 01265675201,0,So dien thoai con ne 01265675201
Thân? Chửi học trò như 1 con chó... Thương cái lồl..,2,Thân ?_Chửi học_trò như 1 con chó .._Thương cái lồl ..
Cái tội nhiều chuyện mê trai,0,Cái_tội nhiều_chuyện mê trai
"nhìn cái ml là thấy ""khôn liền"" dữ rồi",2,"nhìn cái ml là thấy "" khôn_liền "" dữ rồi"
Ngô Tiệp chán Tiệp quá 😌,0,Ngô_Tiệp_chán Tiệp quá 😌
Hùm chết để da người chết để tiếng,2,Hùm chết để da người chết để tiếng
Diệp Đình Huy phục cái địt mẹ mày,2,Diệp_Đình_Huy_phục cái địt mẹ mày
liu liu,0,liu liu
Cách này cũng nghĩ Ra tại hạ xin thua.,0,Cách này cũng nghĩ Ra tại hạ xin thua .
"già cái đầu lz, hơn 3x tuổi rồi còn lên đưa cái mặt súc vật lên làm trò bị cả trăm đứa đánh tuổi cháu mày chửi như con súc vật =)))",2,"già cái đầu lz , hơn 3 x tuổi rồi còn lên đưa cái mặt súc_vật lên làm_trò bị cả trăm đứa đánh tuổi cháu mày chửi như con súc_vật =))"
Ông cuốn gói khỏi Việt Nam dùm cái,1,Ông cuốn gói khỏi Việt_Nam dùm cái
"Nó rút hết xăng ra xong bán lại giá cắt cổ, không mua thì dắt bộ tìm cây xăng mà đổ. Khắm lắm",1,"Nó rút hết xăng ra xong bán lại giá cắt_cổ , không mua thì dắt_bộ tìm cây_xăng mà đổ . Khắm lắm"
Minh đọc cũng hết sức bức xúc đang ngồi trên ghế nhà trường mà hành động như xa hội đen không có tinh người coi thường pháp luật mình nhờ các cấp lãnh đạo lên tiếng và răng đe lấy lại sự công bằng nhất a,0,Minh đọc cũng hết_sức bức_xúc đang ngồi trên ghế nhà_trường mà hành_động như xa hội_đen không có tinh người coi_thường pháp_luật mình nhờ các cấp lãnh_đạo lên_tiếng và răng_đe lấy lại sự công_bằng nhất a
Nó mang một xứ mệnh là phá nát nền bóng đá Việt Nam. Việt Nam thua indo mà nó bắt tay vui vẻ như không có chuyện gì. Thằng lông lá chó đẻ. Fuck you,2,Nó mang một xứ_mệnh là phá nát nền bóng_đá Việt_Nam . Việt_Nam thua_indo mà nó bắt_tay vui_vẻ như không có chuyện gì . Thằng lông lá chó đẻ . Fuck you
Đm mấy thằng này con người ta bán xôi lề đường mà cũng nhẫn tâm cướp xe khốn nạn,2,Đm mấy thằng này con_người ta bán_xôi lề_đường mà cũng nhẫn_tâm cướp xe khốn_nạn
"tốt nhất là im lặng bạn ah. Bạn yêu mến bảo vệ thần tượng là tốt nhưng có lúc bạn nên im lặng sẽ tốt hơn. Jack nó đã quá ngu trong chuyện này, lẽ ra có thể điện thoại trao đổi với anh viruss là xong , đang này lại lên statutes rồi … Xem thêm",0,"tốt nhất là im_lặng bạn ah . Bạn yêu_mến bảo_vệ thần_tượng là tốt nhưng có lúc bạn nên im_lặng sẽ tốt hơn . Jack nó đã quá ngu trong chuyện này , lẽ_ra có_thể điện_thoại trao_đổi với anh viruss là xong , đang này lại lên statutes rồi … Xem thêm"
Hôm đó a trốc bị hỏi thăm rất nhìu,0,Hôm đó a_trốc bị hỏi_thăm rất nhìu
thầy sela,0,thầy sela
"Cả lũ đàn ông 03 thằng sức đàn ông thua người phụ nữ , ngta bon chen kiếm tiền cả lũ bây , giờ cơ hội cướp giựt của ngta",2,"Cả lũ đàn_ông 03 thằng sức đàn_ông thua người phụ_nữ , ngta bon_chen kiếm tiền cả lũ bây , giờ cơ_hội cướp giựt của ngta"
Không khác gì bãi cứt của làng streamer =)),1,Không khác gì bãi_cứt của làng streamer =))
mong con cô sau này lớn lên ko bị 1 thằng đầu b nào đó đ*t xong bỏ haha,2,mong con cô sau_này lớn lên ko bị 1 thằng đầu b nào đó đ * t xong bỏ haha
Vãi cả lồn,1,Vãi cả lồn
Chào người anh em,0,Chào người anh_em
3 thằng bố con kia. Mai ra đường đi xe cẩn thận. K công nó nén đứt lìa đôi chân,2,3 thằng bố_con kia . Mai ra đường đi xe cẩn_thận . K_công nó nén đứt lìa đôi chân
Đợi cl thêm câu địt chị m độ said :v,1,Đợi cl thêm câu địt chị m độ said : v
Thằng điên.,2,Thằng điên .
"Khi đã cuồng 1 ai đó thì họ sẵn sàng mặc kệ mọi tiếng ns xấu của idol, nhưg tôi vẫn ko hiểu s mọi chuyện đã đến như v mà đóm còn cố đòi lấy lại danh dự cho J nx...H chỉ cs cố gắng tạo lại danh dự th chứ tôi ko hiểu danh dự thk J còn đang ở đâ… Xem thêm",0,"Khi đã cuồng 1 ai đó thì họ sẵn_sàng mặc_kệ mọi tiếng ns xấu của idol , nhưg tôi vẫn ko hiểu s mọi chuyện đã đến như v mà đóm còn cố đòi lấy lại danh_dự cho J_nx .. H chỉ cs cố_gắng tạo lại danh_dự th chứ tôi ko hiểu danh_dự thk J còn đang ở đâ … Xem thêm"
Mai bay accc,0,Mai bay acc
"Thầy live ở đâu vậy thầy , em mún donet cho thầy hmmm",0,"Thầy live ở đâu vậy thầy , em mún donet cho thầy hmm"
"thằng đần duy nhất là thằng nghĩ mình biết tuốt, người ta bait mà cắn từ tối đến giờ =)))",2,"thằng đần duy_nhất là thằng nghĩ mình biết tuốt , người ta bait mà cắn từ tối đến giờ =))"
Đi làm cũng khổ :((,0,Đi làm cũng khổ : ( (
"Mày có biết là cái lòi cầm thú chống chọi zs bão lụt mà ko ai quan tâm tới là cái loại gì ko , loại xúc zật nó làm cho có chứ chống chọi con mẹ gì tụi nó ăn của dân quá nên bây h phải chịu trách nhiệm đứng ra chóng chọi cho có thôi con chó ak , hoàng lệ",2,"Mày có biết là cái lòi cầm_thú chống_chọi zs bão_lụt mà ko ai quan_tâm tới là cái loại gì ko , loại xúc zật nó làm cho có chứ chống_chọi con mẹ gì tụi nó ăn của dân quá nên bây_h phải chịu trách_nhiệm đứng ra chóng_chọi cho có thôi con chó ak , hoàng_lệ"
Con me mày mày nên cút khỏi đất nước Việt Nam đi,2,Con me mày mày nên cút khỏi đất_nước Việt_Nam đi
Lũ ác ôn,2,Lũ ác_ôn
Đội hình đá trận lượt về nhé Coach,0,Đội_hình đá trận lượt về nhé Coach
Đọc 1 bài dính hơn chục lần quảng cáo,0,Đọc 1 bài dính hơn chục lần quảng_cáo
Quockhanh Mai hóng,0,Quockhanh Mai_hóng
lol là cười to mà,0,lol là cười to mà
bị cả nước chửi ui súc vật vl giống loài súc vật hahahahaha,2,bị cả nước chửi ui súc_vật vl giống loài súc_vật hahahahaha
"Anh Long n mới thêm thôi, mới nhận thức được lại. Còn t có nói ng k có nhan sắc là k có nhận thức à? Nhét chữ vào môm ng khác thế. K liên quan cook.",1,"Anh Long_n mới thêm thôi , mới nhận_thức được lại . Còn t có nói ng_k có nhan_sắc là k có nhận_thức à ? Nhét chữ vào môm ng khác thế . K liên_quan cook ."
Lê Phương Linh liều. Vé cao chết mẹ,1,Lê_Phương_Linh liều . Vé cao chết mẹ
"Con ông cháu cha, lắm tiền coi mạng người như cỏ rác . luật pháp phải mạng đền mạng chứ ko chúng nó có tiền sẽ chẳng ai xử đâu",1,"Con ông cháu cha , lắm tiền coi_mạng người như cỏ rác . luật_pháp phải mạng đền_mạng chứ ko chúng_nó có tiền sẽ chẳng ai xử đâu"
hiền mà bỏ con?,1,hiền mà bỏ con ?
"Tết đương tới, nghĩa là tết đương qua",0,"Tết đương_tới , nghĩa_là tết đương_qua"
sao phải rr thế à ?,1,sao phải rr thế à ?
Lủ chó,2,Lủ chó
Du ma tu thg cho giu xe den thg suc vat chuyen hanh ly,2,Du_ma tu_thg cho giu xe den thg suc vat chuyen hanh ly
Dại gái là Tê tái,0,Dại gái là Tê_tái
"đánh thì ngu, nói chuyện thì đần. Đãn hậu",2,"đánh thì ngu , nói_chuyện thì đần . Đãn_hậu"
Mai Nam Hải a bị xiên có đau không a :((,0,Mai_Nam_Hải_a bị xiên có đau không a : ( (
sự thật là thằng rách bỏ con,1,sự_thật là thằng rách bỏ con
Cơm Sườn là thứ SÚC VẬT nên tiếp tục sinh ra những con người có suy nghĩ của SÚC VẬT.,2,Cơm_Sườn là thứ SÚC_VẬT nên tiếp_tục sinh ra những con_người có suy_nghĩ của SÚC_VẬT .
"Thành Vinh có page ba gà và những người bạn đó , liên hệ xem",0,"Thành_Vinh có page ba gà và những người bạn đó , liên_hệ xem"
Tìm một bạn nữ cùng cover tình yêu của nhà anh mixi,0,Tìm một bạn nữ cùng cover tình_yêu của nhà anh mixi
lanh dao dang nhau phat bieu coi ai la quan quan phat bieu ngu nhat day ma,1,lanh dao dang nhau phat bieu coi ai la_quan quan_phat bieu ngu nhat day ma
ơ thế s ngta liên hệ làm việc mà ko chịu t có bắt m đi tìm hả? Cái đt để trưng hay gì ko nt gọi được,0,ơ thế s ngta liên_hệ làm_việc mà ko chịu t có bắt m đi tìm hả ? Cái_đt để trưng hay gì ko nt gọi được
"thằng nào cũng đểu như nhau nhưng cái cách thằng quyền chung tiền với thằng mực thì nó 1 trời 1 vực, 100k lải nhải lên lải nhải xuống trong khi thua là chung và muốn gỡ thì gạ kèo lại.",1,"thằng nào cũng đểu như nhau nhưng cái cách thằng quyền chung tiền với thằng mực thì nó 1 trời 1 vực , 100 k lải nhải lên lải nhải xuống trong khi thua là chung và muốn gỡ thì gạ kèo lại ."
"Rồi ông sẽ thất bại như cách mà cha ông của ông đã thất bại ở Việt Nam thôi, vì ông chẳng hiểu gì về người Việt và sức mạnh của họ đến từ đâu",0,"Rồi ông sẽ thất_bại như cách mà cha_ông của ông đã thất_bại ở Việt_Nam thôi , vì ông chẳng hiểu gì về người Việt và sức_mạnh của họ đến từ đâu"
Sorry mẹ mày... Đồ súc vật k biết luật thì nghỉ đi làm trọng tài như mày thì làm trọng tài bắt giải súc vật thui,2,Sorry mẹ mày .. Đồ súc_vật k biết luật thì nghỉ đi làm trọng_tài như mày thì làm trọng_tài bắt giải súc_vật thui
"Hello , Chuc ong duoc nhieu suc khoe . Have a wonderful day and take care . LOVE FROM CANADA",0,"Hello , Chuc_ong duoc nhieu suc khoe . Have_a wonderful_day and take care . LOVE FROM CANADA"
Mấy thằng này sinh ra là để đi ăn trộm lấy của ngt thì cũng k bao jo tồn tại được,1,Mấy thằng này sinh ra là để đi ăn_trộm lấy của ngt thì cũng k bao_jo tồn_tại được
anh ba làm lại giáo án yi đc ko abe <3,0,anh ba làm lại giáo_án yi đc ko abe <3
"Đm! Thắm ơi! Lâu lắm rồi ko chửi bậy trên Fb, cơ mà đang cú quá, đéo biết giải toả ở đâu cả, viết ké ở đây nhé! Cái đcm nhà m nữa! Add bố m, bố accept xong lại chặn bố à? Đcm! Hl thế? Bố đéo rảnh để quan tâm chúng m ăn uống ngủ nghỉ chơi bời thế nào đâu! Ranh con đầu bà cmay! Chỗ cm rảnh háng vào làm mấy cái trò ăn cc như thế à? Cái đm!",2,"Đm !_Thắm ơi !_Lâu lắm rồi ko chửi bậy trên Fb , cơ_mà đang cú quá , đéo biết giải_tỏa ở đâu cả , viết ké ở đây nhé !_Cái đcm nhà m nữa ! Add bố m , bố accept xong lại chặn bố à ?_Đcm ! Hl_thế ?_Bố đéo_rảnh để quan_tâm chúng m ăn_uống ngủ nghỉ chơi_bời thế_nào đâu !_Ranh con đầu bà cmay ! Chỗ cm rảnh háng vào làm mấy cái trò ăn_cc như_thế à ?_Cái đm !"
tk rách địt mẹ mày,2,tk rách_địt mẹ mày
so vs ông này thì sao thầy 🤣,0,so vs ông này thì sao thầy 🤣
gap 2 thang co moi roi,1,gap 2 thang co_moi roi
Thầy ơi giáo án mới 0177 của con nè :),0,Thầy ơi giáo_án mới 0177 của con nè :)
Mới lớn mà s.nghĩ nói được như vậy là hiểu nhân cách con người lớn lên sẽ thế nào rồi hãy phạt nặng những con người độc ác này,1,Mới lớn mà s . nghĩ nói được như_vậy là hiểu nhân_cách con_người_lớn lên sẽ thế_nào rồi hãy phạt nặng những con_người độc_ác này
Đưa vào nhà máy gan thép,0,Đưa vào nhà_máy gan thép
Mầy im cha đi,1,Mầy im_cha đi
Hlv ngu đần và ấu trỉ,2,Hlv ngu_đần và ấu trỉ
Ông ăn Hối Lộ Của ĐT Thái Lan mấy tỷ . Khai báo nhanh đi . Không FIFA Liên Đoàn lại cho ông tạm dừng đấy .! Thành thật khai báo .!,0,Ông ăn Hối_Lộ_Của ĐT Thái_Lan mấy tỷ . Khai_báo nhanh đi . Không FIFA_Liên_Đoàn lại cho ông tạm dừng đấy . ! Thành_thật khai_báo . !
"Lũ bất tài, vô dụng, học hành không lo, lo ăn chơi, lười biếng xong đổ cho "" Xã hội đổ nát, nhà nước vô dụng "".... Xin lỗi chứ một chục cái nước Mĩ cũng chả gánh nổi đám phá của tụi mày đâu :/",2,"Lũ bất_tài , vô_dụng , học_hành không lo , lo ăn_chơi , lười_biếng xong đổ cho "" Xã_hội đổ_nát , nhà_nước vô_dụng "" .. Xin_lỗi chứ một chục cái nước Mĩ cũng chả_gánh nổi đám phá của tụi mày đâu : /"
Ông đang là nỗi căm ghé của người yêu bóng đá Việt nam.,0,Ông đang là nỗi căm_ghé của người_yêu bóng_đá Việt_nam .
Tình nghĩa ae có chắc bền lâu 🤣🤣,0,Tình_nghĩa ae có chắc bền_lâu 🤣 🤣
:))đàn ông bỏ con = lũ đàn ông tệ bạc ai cũng như nhau Jack bỏ con = mãi ủng hộ a rách :)),2,:)) đàn_ông bỏ con = lũ đàn_ông tệ_bạc ai cũng như nhau Jack_bỏ con = mãi ủng_hộ a_rách :))
deo biet ns j nua :))),0,deo biet ns j_nua :))
trình giỏi cái gì bro ơi mở mồm ra là khoe rank dct ct xuống đánh cái rank bk lb game dc game k thì trình gì,1,trình giỏi cái gì bro ơi mở mồm ra là khoe rank dct ct xuống đánh cái rank bk lb game dc game_k thì trình gì
Xin cái lòn đầu mẹ ông,2,Xin cái lòn đầu mẹ ông
Nhiệt tình không đúng người,0,Nhiệt_tình không đúng người
Biết sao lại thiên vị Việt Nam r,0,Biết sao lại thiên_vị Việt_Nam r
Đm trọng tài như lồn,2,Đm trọng_tài như lồn
Sao lại cứ đến nụ cười . lên không nghe rõ lời nói.ngừng cho giọng nói vào vô lý,0,Sao lại cứ đến nụ cười . lên không nghe rõ lời_nói . ngừng cho giọng nói vào vô_lý
Đừng chửi súc vật này súc vật nọ các bạn ơi,0,Đừng chửi súc_vật này súc_vật nọ các bạn ơi
Dạo này không thấy đánh con Hecarim jg chán quá,0,Dạo này không thấy đánh con Hecarim_jg chán quá
Mời Trần Đứa Bo đi,0,Mời Trần_Đứa Bo đi
Đợt nhớ đi ngồi cafe thì có bà dắt cho đi dạo đi qua.mà k hiểu bằng cách nào bà ý vừa quay lại chào bạn mà quay ra đã thấy 2 thằng nó ôm nguyên con chó để chạy đc r.chắc sự việc diễn ra 1 2 giây.k hiểu sai lại nhanh đến như vậy đc.nếu k tận mắt chứng kiến k thể tin đc.chỉ quay lại vẫy tay chào bạn 1 chút quay ra mất luôn con chó đc tài thật,0,Đợt nhớ đi ngồi cafe thì có bà dắt cho đi dạo đi qua . mà k hiểu bằng cách nào bà ý vừa quay lại chào_bạn mà quay ra đã thấy 2 thằng nó ôm_nguyên con chó để chạy đc_r . chắc sự_việc diễn ra 1 2 giây . k hiểu sai lại nhanh đến như_vậy đc . nếu k tận_mắt chứng_kiến k_thể tin đc . chỉ quay lại vẫy tay chào_bạn 1 chút quay ra mất luôn con chó đc_tài thật
Thấy đức và quá táo tợn,2,Thấy đức và quá táo_tợn
Toàn thanh niên sức dài vai rộng đi trộm của phụ nữ mưu sinh,1,Toàn thanh_niên sức dài_vai rộng đi trộm của phụ_nữ mưu_sinh
mong muốn các bạn chia sẻ xem ủng hộ đang kí rộng rãi,0,mong_muốn các bạn chia_sẻ xem ủng_hộ đang kí rộng_rãi
Đâu phải nick ổng đâu,0,Đâu phải nick ổng đâu
"Cạn lời với những tn của cậu thanh niên tàn nhẫn đấy ,mong pl phân sử đúng để cậu bé kia",0,"Cạn lời với những tn của cậu thanh_niên tàn_nhẫn đấy , mong pl phân_sử đúng để cậu bé kia"
Trung Hảiii lát đi còn trốn nợ kịp,0,Trung_Hảii lát đi còn trốn nợ kịp
Clm bức xúc vãi,1,Clm bức_xúc vãi
Phạm Dungx dũng cừi,0,Phạm_Dungx_dũng cừi
Nín họng đi má,0,Nín họng đi má
So cc cha m ra Đụ đỉ mẹ m,2,So cc cha m ra Đụ đỉ mẹ m
Cái miệng làm hại cái thân,0,Cái miệng làm hại cái thân
Cày thuê là phải đánh như anh immortalstryn này xem mới hấp dẫn,0,Cày thuê là phải đánh như anh immortalstryn này xem mới hấp_dẫn
Thêm nải chuối xanh với mấy Nén nhang nữa là vừa,1,Thêm nải chuối xanh với mấy Nén nhang nữa là vừa
Sút sinh là co thật,2,Sút_sinh là co thật
Coi thường luật nha nước vn ta nên trộm cướp thê thảm,1,Coi thường luật nha nước vn ta nên trộm_cướp thê_thảm
Nó dàn cảnh trộm xe,0,Nó dàn cảnh trộm xe
Thôi im mẹ đi fake,1,Thôi im mẹ đi fake
Nhiều cái nói kh thuyết phục lắm nhưng lần này độ đã nói khá thuyết phục đối với bản thân tôi :)),0,Nhiều cái nói kh thuyết_phục lắm nhưng lần này độ đã nói khá thuyết_phục đối_với bản_thân tôi :))
Rên hay vl,0,Rên hay vl
Đmm.luc trc may bợ lol nó.jo chưi no.do suc vat.bede thay pai roi.nghiep chuong,2,Đmm . luc trc may_bợ lol nó . jo chưi no.do suc vat.bede thay pai roi.nghiep chuong
Quang Chivas thằng mồm lồn. Mặc váy vl.,2,Quang_Chivas thằng mồm lồn . Mặc_váy vl .
Ủa dzậy công an làm sai ai phạt?ai đền bù?,0,Ủa dzậy công_an làm sai ai phạt ? ai đền_bù ?
anh chị em nữa mà có người hỏi thăm hây nói chuyện không quen biết gì thì không đeo khẩu trang thì hả nói chuyện nhìn thấy cảnh nầy mà đau lòng cho em bán xôi quá,0,anh_chị_em nữa mà có người hỏi_thăm hây nói_chuyện không quen_biết gì thì không đeo khẩu_trang thì hả nói_chuyện nhìn thấy cảnh nầy mà đau_lòng cho em bán_xôi quá
Mong pháp luật sớm mang lại công bằng cho cháu. Thật xót xa,0,Mong pháp_luật sớm mang lại công_bằng cho cháu . Thật xót_xa
Địt con mẹ ở tù bà nó đi,2,Địt con mẹ ở tù bà nó đi
"ô idol m đang làm sai, tối qua có xem live của VR k con , như kiểu m lấy xe của ng khác xong m bảo họ tự tới làm việc với m à ?? Ngta làm việc bằng văn bản giấy tờ chứ k phải trên mail gọi đt các thứ đâu :)))) non quá",0,"ô idol m đang làm sai , tối_qua có xem live của VR k con , như kiểu m lấy xe của ng khác xong m bảo họ tự tới làm_việc với m à ? ?_Ngta làm_việc bằng văn_bản giấy_tờ chứ k phải trên mail gọi đt các thứ đâu :))_non quá"
ViruSs 1-0 Jack ai chạm 2 trước win bởi vì Jack không thích làm 3,0,ViruSs 1-0_Jack ai chạm 2 trước win bởi_vì Jack không thích làm 3
đến chịu lũ Bắc kì tụi m,2,đến chịu lũ Bắc_kì tụi m
ăn gì mà ngu thế hả???,1,ăn gì mà ngu thế hả ? ?
Chúng dàn cảnh đánh lạc hướng săn mồi như đàn linh cẩu,2,Chúng dàn_cảnh đánh_lạc hướng săn mồi như đàn linh cẩu
vậy nên mới gia nhập TPP :3,0,vậy nên mới gia_nhập TPP : 3
Bay nik là hay,0,Bay nik là hay
Bán nước hoa 500k như nước lã...Ko thơm tho gì hết...like trim thì chửi mắn cha mẹ người ta.. giờ khóc rồi hả.  Nhân quả đó e ơi....Bán hàng thật đi...,1,Bán nước_hoa 500 k như nước_lã .. Ko thơm_tho gì hết .. like trim thì chửi_mắn cha_mẹ người ta .. giờ khóc rồi hả . Nhân_quả đó e ơi .. Bán hàng thật đi ..
damn you,2,damn you
bạn là nhất,0,bạn là nhất
nói đc cặc đâu chả chiều anti,2,nói đc_cặc đâu chả chiều anti
Link cho ai cần https://www.facebook.com/profile.php?id=100001515892733,0,Link cho ai cần https://ww.facebook.com/profile.php?id=1001515892733
"mua ở đâu cho mình địa chỉ với, chồng mình yếu quá :(",0,"mua ở đâu cho mình địa_chỉ với , chồng mình yếu quá : ("
"ủa rồi chắc nó nghỉ nhà nó có tiền rồi làm trời ,làm đất không ai trị được.cho con học võ là để tự vệ hay để đập người khác chứ.cho dù có chưa đủ tuổi cũng mong pháp luật cũng phải xử lý nghiêm minh việc này.rồi coi mạng người như cỏ rác vậy, đánh họ chết đền tiền là xong sao",0,"ủa rồi chắc nó nghỉ nhà nó có tiền rồi làm trời , làm đất không ai trị được . cho con học võ là để tự_vệ hay để đập người khác chứ . cho_dù có chưa đủ tuổi cũng mong pháp_luật cũng phải xử_lý nghiêm_minh việc này . rồi coi_mạng người như cỏ rác vậy , đánh họ chết đền tiền là xong sao"
Phan Mạnh Cường bạn lên xung phong đi chứ k ai mong chết đầu tiên đâu,0,Phan_Mạnh_Cường bạn lên xung_phong đi chứ k ai mong chết đầu_tiên đâu
Hay là anh cũng thử để quả tóc này đi :)),0,Hay_là anh cũng thử để quả tóc này đi :))
du chinh ko thang lozz,2,du_chinh ko_thang lozz
Em tìm con Linh  chửi  cho nó 1 trận đánh cho nó bể mặt đi nó hách lối lắm ai nấy đều nhiều người nghét con Linh nầy,1,Em tìm con Linh_chửi cho nó 1 trận đánh cho nó bể mặt đi nó hách_lối lắm ai_nấy đều nhiều người nghét con Linh_nầy
có shipcode không chế :v,0,có shipcode không chế : v
"Phạm đánh ngu r đi blame đồng đội,sủa dơ nchug con nít lắm bác",1,"Phạm đánh_ngu r đi blame đồng_đội , sủa dơ_nchug con_nít lắm bác"
Du ma may ve viet nam tao la nguoi dau tien bat may,2,Du_ma may ve_viet nam tao la nguoi dau tien bat may
Xin lỗi cái lonz m,1,Xin_lỗi cái lonz m
Bắt ngu như địt,2,Bắt_ngu như địt
hay. hay cho câu nói này 1 tràng vỗ tay tán dương bạn,0,hay . hay cho câu nói này 1 tràng vỗ_tay tán_dương bạn
Dcm nhìn thằng thẩm phán nó cười đểu kìa,1,Dcm nhìn thằng thẩm_phán nó cười đểu_kìa
nhìn mặt con mụ này hãm ko chịu dc,2,nhìn mặt con mụ này hãm ko chịu dc
tại clmm thằng súc vật học này,2,tại clmm thằng súc vật_học này
đm mày,2,đm mày
hơn khối ng ô ạ,0,hơn khối ng ô ạ
Thân ái và xin chào! Hi vọng giáo dục VN sẽ phát triển hơn để không còn những thành phần xấu hổ ô uế như thế này,0,Thân_ái và xin chào ! Hi_vọng giáo_dục VN sẽ phát_triển hơn để không còn những thành_phần xấu_hổ ô_uế như thế_này
Mấy thằng này bắt dc đâp mới đã,1,Mấy thằng này bắt dc đâp mới đã
"Xin lỗi cái gì , đm",1,"Xin_lỗi cái gì , đm"
Fake như lol,1,Fake như lol
Giờ sao r ae,0,Giờ sao r ae
bồi thường zì hả đồ vú sệ :))),2,bồi_thường zì hả đồ vú sệ :))
hk biết ai tiểu nhân đâu dắk con à,1,hk biết ai tiểu_nhân đâu dắk con à
Cón mẹ may ko day đk may ak ma ko co van hoa ak,2,Cón mẹ may ko day đk may ak ma_ko co_van hoa ak
Cút mẹ về pháp đi,1,Cút mẹ về pháp đi
Đại cao thủ là tin chuẩn chứ,0,Đại cao_thủ là tin chuẩn chứ
Nguyễn Hải hay nè bn,0,Nguyễn_Hải hay nè bn
Rồi vẩn bk mà nhìn con cak thề dell có game nào out lun ms ghê,1,Rồi vẩn bk mà nhìn con cak thề dell có game nào out lun ms ghê
Đéo nói nhiều 🙂,1,Đéo nói nhiều 🙂
Phù thũy trắng Tay.,0,Phù_thũy trắng_Tay .
Đi ở tù đi trọng tài chó đẻ,2,Đi ở tù đi trọng_tài chó đẻ
Vô đây coi là được liền nè mấy bợn,0,Vô đây coi là được liền nè mấy bợn
Dâm loạn viên bây giờ toàn mấy thằng con nít ỉa chùi đít chưa sạch,2,Dâm loạn_viên bây_giờ toàn mấy thằng con_nít ỉa chùi_đít chưa sạch
Chúng ta trừ bố mày nha con dở.,1,Chúng_ta trừ bố mày nha con dở .
Ông này rất thật thà đến mức còn kể ra cả chỉ thị 15 k hiểu sao h lại liều thế,0,Ông này rất thật_thà đến mức còn kể_ra cả chỉ_thị 15 k hiểu sao h lại liều thế
Xin lỗi là xong à,0,Xin_lỗi là xong à
không công bằng,0,không công_bằng
Sory cc,1,Sory cc
Cũng vui phết -)),0,Cũng vui_phết - ) )
Càng ngày càng ngu,1,Càng ngày_càng ngu
"chào mọi người nhé, mình trọng tài cuộc thảo luận nì :))",0,"chào mọi người nhé , mình trọng_tài cuộc thảo_luận nì :))"
Sory lồn mẹ mày,2,Sory lồn mẹ mày
Xin lỗi cái lồn,1,Xin_lỗi cái lồn
Đúng r. Cho phép c.nó thì c.nó ms xả thải và mạnh mồm như thế chứ. Lũ chó chết cs,2,Đúng r . Cho_phép c . nó thì c . nó ms xả_thải và mạnh_mồm như_thế chứ . Lũ chó chết cs
5 củ liêm khiết à,0,5 củ liêm_khiết à
"Ngọc Thảo bớt xàm lông lại gái, vô duyên thúi lắm",1,"Ngọc_Thảo bớt xàm lông lại gái , vô_duyên_thúi lắm"
"Thương Jack, nghẹn ngào quá. Nhưng chúng tôi có đủ niềm tin, bản lĩnh, tình yêu Idol để luôn đi bên cạnh, đứng phía sau Idol. Mong Jack vững vàng, sáng suốt vượt qua thách thức. Chúng ta rồi sẽ hạnh phúc, con trai Idol muôn vàn yêu quý của chúng ta!",0,"Thương Jack , nghẹn_ngào quá . Nhưng chúng_tôi có đủ niềm tin , bản_lĩnh , tình_yêu Idol để luôn đi bên cạnh , đứng phía sau Idol . Mong Jack vững_vàng , sáng_suốt vượt qua thách_thức . Chúng_ta rồi sẽ hạnh_phúc , con trai Idol muôn_vàn yêu_quý của chúng_ta !"
"Đọc tin nhắn mới thấy nó máu lạnh ntn, nói chung quỷ đội lốt người. Coi mạng người như rác. Quá mất dạy!",2,"Đọc tin nhắn mới thấy nó máu lạnh ntn , nói_chung quỷ đội lốt người . Coi_mạng người như rác . Quá mất dạy !"
Ra chưa ae,0,Ra chưa ae
Dùng cái này có hết hôi nách k thầy,0,Dùng cái này có hết hôi_nách k thầy
Tội phạm nó hoành hành như thế là do công an hết,1,Tội_phạm nó hoành_hành như thế là do công_an hết
Đm trong cóp để quên cái quần xì rách nó cũng lấy về hít nữa .,1,Đm trong cóp để quên cái quần_xì rách nó cũng lấy về hít nữa .
Tự hào ghê lun á,0,Tự_hào ghê_lun á
"Họ chọc nó một chút mà nó đòi bắt họ nhét vào l, tum tóc chùi chùi cái đầu thì bây giờ nó chửi cả nước VN vậy thì hãy thực hiện như nó hù họ vậy",1,"Họ chọc nó một_chút mà nó đòi bắt họ nhét vào l , tum tóc chùi chùi cái đầu thì bây_giờ nó chửi cả nước VN vậy thì hãy thực_hiện như nó hù họ vậy"
Lũ ngu dân,2,Lũ ngu dân
Nói chug la oam cách gi nó củg tìm cách ăn cho bằng đc . Trừ khi là dẹp mẹ cái bọn chó ức hiếp dân lành đi mới mong ko còn cảnh này .,2,Nói chug_la oam cách gi nó củg tìm cách ăn cho bằng đc . Trừ khi là dẹp mẹ cái bọn chó_ức hiếp dân_lành đi mới mong_ko còn cảnh này .
đct mà kda âm vcl tội th em gánh,0,đct mà kda_âm vcl tội th em gánh
đánh vs rank vàng mà còn thua vậy mà còn sủa rank dct tri đỏ dái,1,đánh vs rank vàng mà_còn thua vậy mà_còn sủa rank dct_tri đỏ dái
Đ m có cái loại doanh nghiệp làm ăn bố láo cho cả ruồi vào nước uống quảng cáo rầm rộ có lợi cho sức khỏe -_- khỏe cái mả cha nhà chúng nó. Xong lúc người ta dàn xếp đôi bên theo kiểu dân sự thì úp sọt đánh bẫy người ta. CÒn bọn chức trách có thẩm quy,2,Đ m có cái loại doanh_nghiệp làm_ăn bố_láo cho cả ruồi vào nước uống quảng_cáo rầm_rộ có lợi cho sức khỏe - _ - khỏe cái mả cha nhà chúng_nó . Xong lúc người ta dàn_xếp đôi bên theo kiểu dân_sự thì úp_sọt đánh bẫy người ta . CÒn bọn chức_trách có thẩm_quy
Tưởng làm đc cái con ten bú vào mà ăn chửi kinh quá,0,Tưởng làm đc cái con ten bú vào mà ăn_chửi kinh quá
"Biến luôn đi còn kịp , ai mà thèm động viên người vô dụng như ông",1,"Biến luôn đi còn kịp , ai mà thèm_động_viên người vô_dụng như ông"
Kiep sau may con dy bong nay luoi phai thuc vo cua minh moi vua bung tao da la bong ma toi ngay chui nhau xem ma ghet ghe do bong khung lon nhan xet chinh xac,2,Kiep sau may con dy bong nay luoi phai thuc vo cua_minh moi vua bung tao da_la bong ma_toi ngay chui nhau xem ma ghet ghe do bong khung lon nhan_xet chinh xac
Ba cho con thật là tài.tuong lai của hai con về sau sẽ bị người đời khinh ghét thôi.,1,Ba cho con thật là tài . tuong_lai của hai con về sau sẽ bị người_đời khinh_ghét thôi .
Ok abe,0,Ok abe
"l ni đ có tự trọng hả ae, nghe nói đủ like là cút ko live nữa mà",1,"l ni đ có tự_trọng hả ae , nghe nói đủ like là cút ko live nữa mà"
trông bạn bợ đít hay vl :))),1,trông bạn_bợ đít hay vl :))
nói rõ vào đừng sủa ko hiểu ....,1,nói rõ vào đừng sủa ko hiểu ..
Lũ này chó cần phải nghiêm trị,2,Lũ này chó cần phải nghiêm_trị
Từ chức đi đỡ nhục hơn bị đuổi nhé thằng trâu già ngu đần mặt dầy. Cút khỏi đất nước Việt Nam. Mặt dầy để kiếm ăn hả trâu ngu gia đình mày đói đến mức phải chai mặt để kiếm ăn cách nhục nhã này hả thằng trousser (trâu ngu) kia,2,Từ_chức đi đỡ_nhục hơn bị đuổi nhé thằng trâu già ngu_đần mặt dầy . Cút khỏi đất_nước Việt_Nam . Mặt_dầy để kiếm_ăn hả trâu ngu gia_đình mày đói đến mức phải chai_mặt để kiếm_ăn cách nhục_nhã này hả thằng trousser ( trâu ngu ) kia
"Bố tổ may thằng trai lực lưỡng di trộm của con đàn bà ban xoi via hè kiếm bạc lẻ ,,? Hi vọng là líp dan dụng để canh bao thôi",2,"Bố tổ may thằng trai_lực lưỡng di_trộm của con đàn_bà ban_xoi via_hè kiếm bạc_lẻ , , ? Hi_vọng là líp dan_dụng để canh bao thôi"
xin cái địt con mẹ mày,2,xin cái địt con mẹ mày
Cái loại người sao ác vậy mong cháu mau khỏi,1,Cái loại người sao ác vậy mong cháu mau khỏi
"Indo mà không cầm hòa nổi nói chi thắng , rồi nói gì đến những đội châu á , còn đòi vươn tầm thế giới nản",0,"Indo mà không cầm hòa nổi nói chi_thắng , rồi nói_gì đến những đội châu_á , còn đòi vươn tầm thế_giới nản"
Trong tài bắt như,0,Trong tài_bắt như
Lê Hải Nam xin vid bro 😀,0,Lê_Hải_Nam xin vid bro 😀
Lỗi cái daubuoo,1,Lỗi cái daubuoo
chứ k phải vào bài ng ta cmt à :)),0,chứ k phải vào bài ng ta cmt à :))
Xin lỗi con mẹ mày làm trọng tài như mày nghỉ đi chó ăn cức,2,Xin_lỗi con mẹ mày làm trọng_tài như mày nghỉ đi chó ăn cức
Nhân viên quán bar và mấy ông nội ăn chung lúc này :,0,Nhân_viên quán bar và mấy ông nội_ăn chung lúc này :
Cút về nước đi thằng Trâu già,1,Cút về nước đi thằng Trâu già
"Con chó mày bắt kiểu gì đấy, ăn được bao tiên của thái rồi",1,"Con chó mày bắt kiểu gì đấy , ăn được bao_tiên của thái rồi"
Ko cần mày cút,1,Ko cần mày cút
"Toàn là ở phan thiết, còn hàm thuận Bắc nằm thị trấn nào có ai biết hok a?",0,"Toàn là ở phan_thiết , còn hàm_thuận Bắc_nằm thị_trấn nào có ai biết hok_a ?"
"Dẹo đến ói, chỉ có mấy thằng mặt l bị vã gái ảo alime thèm ditgai thì mê chứ người bình thường nghe chỉ muốn bóp cổ tát cho nó vài phát xong ỉa vào mồm nó",2,"Dẹo đến ói , chỉ có mấy thằng mặt l bị vã gái ảo alime thèm_ditgai thì mê chứ người bình_thường nghe chỉ muốn bóp cổ_tát cho nó vài phát xong ỉa vào mồm nó"
đúng cả đời chỉ đánh đc con mực mà,1,đúng cả đời chỉ đánh_đc con mực mà
Chỉ ra xem tao bênh cmt luận điểm riêng gì của nó hay tao tag (Tên) thằng chửi nó rồi trả lời Hảo hán suy nghĩ đi rồi cmt rớt cái não mang về gắn lại đi,1,Chỉ ra xem tao bênh cmt_luận_điểm riêng gì của nó hay tao tag ( Tên ) thằng chửi nó rồi trả_lời Hảo_hán suy_nghĩ đi rồi cmt rớt cái não mang về gắn lại đi
Nguyễn Lê Vĩnh Hưng Tao chỉ đang thấy xấu hổ thay dân tộc VN lại có đứa suy nghĩ và sủa ra những câu vô học như thế này! thật đáng xấu hổ cho VN,1,Nguyễn_Lê_Vĩnh_Hưng_Tao chỉ đang thấy xấu_hổ thay dân_tộc VN lại có đứa suy_nghĩ và sủa ra những câu vô_học như thế_này ! thật đáng xấu_hổ cho VN
Sr mm face hả,1,Sr mm face hả
Mày chửi thì mày nhắn mẹ đi :)) xạo lồn,2,Mày chửi thì mày nhắn mẹ đi :))_xạo lồn
Dmm. Blind???,2,Dmm . Blind ? ?
Huỳnh Ngân đẹp đấy chứ b,0,Huỳnh_Ngân_đẹp đấy chứ b
"có vẻ như sau 1 trận bóng đá thì ông hot hơn nhiều r đêí nhỉ, vui chứ",0,"có_vẻ như sau 1 trận bóng_đá thì ông hot hơn nhiều r đêí_nhỉ , vui chứ"
Nick giả,0,Nick giả
đã đánh ngu r còn bac ky :)) qua oc cho,2,đã đánh ngu r còn bac ky :)) qua oc cho
bỏ cánh cụt đi lùa cho nhiều gà phú bà ạ,0,bỏ cánh_cụt đi lùa cho nhiều gà_phú bà ạ
Bọn chó,2,Bọn chó
"Thằng này nó thuộc dạng súc sinh,k còn từ ngữ gì để miêu tả hết độ cặn bã, khốn nạn,bỉ ổi của nó,k biết thằng bố con mẹ nó nghĩ gì khi có thằng con như nó,k biết con vợ nó cảm nhận thế nào về thằng chồng thổ tả như nó, thằng súc sinh này làm dơ bẩn thế giới đàn ông",2,"Thằng này nó thuộc dạng súc_sinh , k còn từ_ngữ gì để miêu_tả hết độ cặn_bã , khốn_nạn , bỉ_ổi của nó , k biết thằng bố_con mẹ nó nghĩ gì khi có thằng con như nó , k biết con vợ nó cảm_nhận thế_nào về thằng chồng thổ_tả như nó , thằng súc_sinh này làm dơ_bẩn thế_giới đàn_ông"
Chị Tiết bị chúng lời ngiền Gu chìiiiiiii dòi =))),0,Chị Tiết bị chúng lời ngiền_Gu chìii dòi =))
Con này nó như con hấp ấy,2,Con này nó như con hấp ấy
Xin cá con mẹ nhà mày ts,2,Xin cá con mẹ nhà mày ts
Cái buồi,1,Cái buồi
"Bây giờ làm ăn khó khăn quá, chuyên đil lường gạt người khác ko à trời",0,"Bây_giờ làm_ăn khó_khăn quá , chuyên đil lường gạt người khác ko à trời"
Và nhưng huyền thoại sẽ xuất hiện.,0,Và nhưng huyền_thoại sẽ xuất_hiện .
Ở một diễn biến khác,0,Ở một diễn_biến khác
"flip, thanh bình, tấn tài, văn hậu/văn thanh, quang hải, hoàng đức, hùng dũng, đình bắc, công phượng, tiến linh, hải quế/ việt anh. Đội hình max ping hiện nay",0,"flip , thanh_bình , tấn_tài , văn_hậu / văn_thanh , quang_hải , hoàng_đức , hùng_dũng , đình_bắc , công_phượng , tiến_linh , hải_quế / việt anh . Đội_hình max_ping hiện_nay"
Địt mẹ mấy thằng sếp và những thằng liên quan của t luôn.,2,Địt mẹ mấy thằng sếp và những thằng liên_quan của t luôn .
"nhiều đom đóm quá, cần chai sịt côn trùng",1,"nhiều đom đóm quá , cần chai sịt côn_trùng"
Thời buổi này kinh quá,0,Thời_buổi này kinh quá
chết mẹ mày đi,2,chết mẹ mày đi
Biết Gì Đâu con tinh trùng khuyết tật,2,Biết Gì Đâu con tinh_trùng khuyết_tật
"Có tin là chặt cái đầu để khỏi làm kiểng không? Mắt mù hay gì? Đạo đức thì không có, tụi thái lan nó tự té nó ăn vạ, mà ông toàn xử Việt Nam tui, Việt Nam tui ăn hết của cha ông nội ông hả mà ông thù ông bắt ép Việt Nam tui vậy. Đừng để dân VN tui thấy mặt ông ở đâu nha, k là ông ăn mắm tôm là cái chắc",2,"Có tin là chặt cái đầu để khỏi làm kiểng không ? Mắt_mù hay gì ?_Đạo_đức thì không có , tụi thái_lan nó tự té nó ăn_vạ , mà ông toàn_xử Việt_Nam tui , Việt_Nam tui ăn hết của cha_ông nội ông hả mà ông thù ông bắt_ép Việt_Nam tui vậy . Đừng để dân VN tui thấy mặt ông ở đâu_nha , k là ông ăn mắm_tôm là cái chắc"
Chắc bỏ Theo dõi ad quá ..,0,Chắc bỏ Theo_dõi ad quá ..
hay lắm a bạn =)),0,hay lắm a bạn =))
Ok em,0,Ok em
Cái loại nưsng lôfn,2,Cái loại nưsng lôfn
Bạn được Thái Lan cho bao nhiêu ngà voi vậy,0,Bạn được Thái_Lan cho bao_nhiêu ngà_voi vậy
Ác wa,0,Ác wa
Sorry cái địt mẹ,1,Sorry cái địt mẹ
Go die Go fucker. What the fuck,2,Go die Go_fucker . What the fuck
dr lên tiếng quá mà 60 tỷ gặp Messi đồ mà,0,dr lên_tiếng quá mà 60 tỷ gặp Messi_đồ mà
thua 20m là nó ngu mà ông. Tưởng oai oách ăn được thằng tồ mới nhảy xổ vào xúc. Chứ tiền có phải lá mít đâu thua mà vui. Nói oai kinh.,1,thua 20 m là nó ngu mà ông . Tưởng oai_oách ăn được thằng tồ mới nhảy_xổ vào xúc . Chứ tiền có phải lá mít đâu_thua mà vui . Nói oai_kinh .
Chó cắn áo rách,1,Chó cắn áo rách
Chúng mày lại nói parky đi,0,Chúng_mày lại nói parky đi
T.Q âm mui chê vi trung giết nhân loai toan thể giới . Đê Lây lan chết nhiêu nguoi oan .mang TCB ra toa thêgioi sét su ?,2,T.Q âm_mui chê_vi trung_giết nhân_loai toan_thể_giới . Đê Lây_lan chết_nhiêu nguoi_oan . mang TCB ra toa thêgioi sét_su ?
khứa bữa tranh lane đây rồi . đánh như c*t,1,khứa bữa tranh lane đây rồi . đánh như c * t
Tụi khốn nạn thật,2,Tụi khốn_nạn thật
Xin lỗi con mẹ mày,2,Xin_lỗi con mẹ mày
Lp 6 mà đã v .phát ngôn ngông cuồng.đánh chết ng như oai lắm .lại còn t chưa đủ 16t.nhà t đầy tiền.trong tù toàn ng quen là câu của 1 đứa lp 6 sao ??? Máu lạnh thật,1,Lp 6 mà đã v . phát_ngôn ngông_cuồng . đánh chết ng như oai lắm . lại còn t chưa đủ 16 t . nhà t đầy tiền . trong tù toàn ng quen là câu của 1 đứa lp 6 sao ? ? Máu lạnh thật
Bí kiếp Susan 0175,0,Bí_kiếp Susan 0175
"Cai miệng nhìn co duyên, chưởi ,nhung nhìn cai miệng co duyen",0,"Cai_miệng nhìn co_duyên , chưởi , nhung nhìn cai_miệng co duyen"
giáo viên âm nhạc bến tre,0,giáo_viên âm_nhạc bến tre
Bọn này chỉ có chết mới hết tội thôi,2,Bọn này chỉ có chết mới hết tội thôi
ghét con chó này vl,2,ghét con chó này vl
Coi cười muốn xĩu.. yêu cô ghê,0,Coi cười muốn xĩu .. yêu cô ghê
"Mặc dù đội không thể tiến bộ, trận đấu cuối cùng, chúng tôi phải chiến đấu để ghi được 3 điểm.",0,"Mặc_dù đội không_thể tiến_bộ , trận đấu cuối_cùng , chúng_tôi phải chiến_đấu để ghi được 3 điểm ."
Thằng súc vật,2,Thằng súc_vật
dại trai kkk,0,dại trai kk
Đánh ngu đẩy láo chết hét cái đầu buồi,2,Đánh ngu đẩy láo chết hét cái đầu buồi
xinh mà ngu,1,xinh mà ngu
Trần ThanhThảo Tuyết Hoa bớt nc vs zai lạ,0,Trần_ThanhThảo_Tuyết_Hoa bớt nc vs zai lạ
Cái tội thích trai đẹp,0,Cái tội thích trai đẹp
Hòa Nguyễn đam mê nợ nần sẽ theo đuổi e,0,Hòa Nguyễn_đam_mê nợ_nần sẽ theo_đuổi e
